run_id,fecha_hora,msg_id,subject,pdf_elegido,cufe,numero,fecha_factura,zip_match,estado,tipo_resultado,filas_generadas,motivo_no_registro,duracion_s,nuevos,enriquecidas,fuente,error
20260420_140658_d6ba5bd9,2026-04-20T14:12:01,AAMkADkwZmQ0YTA5LWE0M2MtNDk3Ni1hMzUzLTE0OTQxZDcwZWExMgBGAAAAAADJoyAzIWZBQakanooks8Z-BwBz4_gG-XGLQKeK0wIDJ6A7AAV36zxOAABz4_gG-XGLQKeK0wIDJ6A7AAWurooxAAA=,Aprobado- Factura  -  257-76741 - Radicado 191695 - AGENCIA DE VIAJES Y TURISMO AVIATUR S.A.S - Transv. Libertador - NA,ad08600000180442600264842.pdf,4898a9c4478ce2605634ddf689a2b38eb76cbc957fa2e34553e5629f0416a4fd7942bd4f769c62c4e5db3ce3d83885fe,25776741,2026-04-11,z08600000180442600264842.zip,ok,OK_REGISTRADA,7,,32.047,7,7,AIDX|SUBJECT,
20260420_140658_d6ba5bd9,2026-04-20T14:12:24,AAMkADkwZmQ0YTA5LWE0M2MtNDk3Ni1hMzUzLTE0OTQxZDcwZWExMgBGAAAAAADJoyAzIWZBQakanooks8Z-BwBz4_gG-XGLQKeK0wIDJ6A7AAV36zxOAABz4_gG-XGLQKeK0wIDJ6A7AAWuroowAAA=,Aprobado- Factura  -  257-76806 - Radicado 191783 - AGENCIA DE VIAJES Y TURISMO AVIATUR S.A.S - 01-2025-327 TOYO T2 S1 - NA,ad08600000180442600280955.pdf,055df3a1f790cf26f2d3a934bf68d87e27de26f1209bed712fe6071eb23608dff7ef66594252782fbf1d047ffb1aab4e,25776806,2026-04-16,z08600000180442600280955.zip,ok,OK_REGISTRADA,7,,23.605,7,7,CUFE|SUBJECT,
20260420_140658_d6ba5bd9,2026-04-20T14:12:49,AAMkADkwZmQ0YTA5LWE0M2MtNDk3Ni1hMzUzLTE0OTQxZDcwZWExMgBGAAAAAADJoyAzIWZBQakanooks8Z-BwBz4_gG-XGLQKeK0wIDJ6A7AAV36zxOAABz4_gG-XGLQKeK0wIDJ6A7AAWuroovAAA=,Aprobado- Factura  -  257-76762 - Radicado 191748 - AGENCIA DE VIAJES Y TURISMO AVIATUR S.A.S - Cartago - Calarcá - NA,ad08600000180442600274698.pdf,60b34afb898b5c84039db62b9af615c2e9b197935eeb234ff05b0c1680a8e96ba78e031c123c049dfd5ab9ff4d9fc50d,25776762,2026-04-15,z08600000180442600274698.zip,ok,OK_REGISTRADA,7,,24.795,7,7,CUFE|SUBJECT,
20260420_140658_d6ba5bd9,2026-04-20T14:13:17,AAMkADkwZmQ0YTA5LWE0M2MtNDk3Ni1hMzUzLTE0OTQxZDcwZWExMgBGAAAAAADJoyAzIWZBQakanooks8Z-BwBz4_gG-XGLQKeK0wIDJ6A7AAV36zxOAABz4_gG-XGLQKeK0wIDJ6A7AAWuroouAAA=,Aprobado- Factura  -  257-76777 - Radicado 191757 - AGENCIA DE VIAJES Y TURISMO AVIATUR S.A.S - 01-2025-327 TOYO T2 S1 - NA,ad08600000180442600276940.pdf,a2801e056fc58ef77b1f7dd7e3df65c78c2bb11803f60d1dda7b2d52c3ae96dc55210a5cbef0ae95aa711f7b3abfcd0d,25776777,2026-04-15,z08600000180442600276940.zip,ok,OK_REGISTRADA,7,,27.617,7,7,CUFE|SUBJECT,
20260420_140658_d6ba5bd9,2026-04-20T14:13:43,AAMkADkwZmQ0YTA5LWE0M2MtNDk3Ni1hMzUzLTE0OTQxZDcwZWExMgBGAAAAAADJoyAzIWZBQakanooks8Z-BwBz4_gG-XGLQKeK0wIDJ6A7AAV36zxOAABz4_gG-XGLQKeK0wIDJ6A7AAWurootAAA=,Aprobado- Factura  -  257-76742 - Radicado 191706 - AGENCIA DE VIAJES Y TURISMO AVIATUR S.A.S - 01-2025-327 TOYO T2 S1 - NA,ad08600000180442600266776.pdf,aa83862b40e2391e27cb47f974ffca1fb3f3baee42e3a4925f003c1a87fda13da2efc7c113fefaee4fbce80d627e9e35,25776742,2026-04-13,z08600000180442600266776.zip,ok,OK_REGISTRADA,7,,25.933,7,7,AIDX|SUBJECT,
20260420_140658_d6ba5bd9,2026-04-20T14:14:08,AAMkADkwZmQ0YTA5LWE0M2MtNDk3Ni1hMzUzLTE0OTQxZDcwZWExMgBGAAAAAADJoyAzIWZBQakanooks8Z-BwBz4_gG-XGLQKeK0wIDJ6A7AAV36zxOAABz4_gG-XGLQKeK0wIDJ6A7AAWuroosAAA=,Aprobado- Factura  -  257-76750 - Radicado 191719 - AGENCIA DE VIAJES Y TURISMO AVIATUR S.A.S - Dirección administrativa y financiera -Compras - NA,ad08600000180442600268940.pdf,06c6d9033114346f0eb39102d6d7dd39322b60531920f59a6a5f1efb316c93b2f659993c5fb00384606406e1e45848de,25776750,2026-04-13,z08600000180442600268940.zip,ok,OK_REGISTRADA,7,,25.113,7,7,CUFE|SUBJECT,
20260420_140658_d6ba5bd9,2026-04-20T14:14:34,AAMkADkwZmQ0YTA5LWE0M2MtNDk3Ni1hMzUzLTE0OTQxZDcwZWExMgBGAAAAAADJoyAzIWZBQakanooks8Z-BwBz4_gG-XGLQKeK0wIDJ6A7AAV36zxOAABz4_gG-XGLQKeK0wIDJ6A7AAWuroorAAA=,Aprobado- Factura  -  FE 2544 - Radicado 191818 - INTI SOLUCION INMOBILIARIA - 01-2025-327 TOYO T2 S1 - NA,fv102209748900826000009f0.pdf,4d3ef4a23b974a77962984be73460715d4ae344c3d41a708302828acd03f6d6f55aa01bcefc5c5de2af3b223aafbac09,FE2544,2026-04-17,z102209748900826000009f0.zip,ok,OK_REGISTRADA,7,,26.543,7,7,CUFE|SUBJECT,
20260420_140658_d6ba5bd9,2026-04-20T14:14:56,AAMkADkwZmQ0YTA5LWE0M2MtNDk3Ni1hMzUzLTE0OTQxZDcwZWExMgBGAAAAAADJoyAzIWZBQakanooks8Z-BwBz4_gG-XGLQKeK0wIDJ6A7AAV36zxOAABz4_gG-XGLQKeK0wIDJ6A7AAWurooqAAA=,Aprobado- Factura  -  71 - Radicado 191816 - BLANCA JANETH FUENTES BORJA - Cartago - Calarcá - NA,CC # 71 BLANCA MES MAYO  (1).pdf,caacd01deade2026ceadecb71cceaad9014424221debeabacaaefeebacc24582855decaacaade1236188dceeaececeac,DE2026,,(PDF_APROBADAS_FALLBACK),ok_pdf_aprobadas_fallback,OK_REGISTRADA_FALLBACK_PDF,7,,21.351,7,7,PDF_APROBADAS|SUBJECT,
20260420_140658_d6ba5bd9,2026-04-20T14:15:24,AAMkADkwZmQ0YTA5LWE0M2MtNDk3Ni1hMzUzLTE0OTQxZDcwZWExMgBGAAAAAADJoyAzIWZBQakanooks8Z-BwBz4_gG-XGLQKeK0wIDJ6A7AAV36zxOAABz4_gG-XGLQKeK0wIDJ6A7AAWuroopAAA=,Aprobado- Factura  -  BOG40772 - Radicado 191729 - ALMACEN GENERAL DE DEPOSITO SA - Dirección administrativa y financiera -Compras - NA,BOG40772.pdf,aeae9d74460f83d702d5c80c24c0fd6750c4ad161ca196c50528b234cd893e80506bc30c4e694a21f678d0a761cc4f1d,BOG40772,2026-01-30,860020382_BOG40772.zip,ok,OK_REGISTRADA,7,,27.813,7,7,CUFE|SUBJECT,
20260420_140658_d6ba5bd9,2026-04-20T14:15:47,AAMkADkwZmQ0YTA5LWE0M2MtNDk3Ni1hMzUzLTE0OTQxZDcwZWExMgBGAAAAAADJoyAzIWZBQakanooks8Z-BwBz4_gG-XGLQKeK0wIDJ6A7AAV36zxOAABz4_gG-XGLQKeK0wIDJ6A7AAWuroooAAA=,Aprobado- Factura  -  A 266 - Radicado 191793 - GUERRA GARCIA MAYERLIS - L.T. Guaymaral - NA,fv10493250770082600000011.pdf,b69b7508664f4c99f9d731e15ffecde4b0857f1b923d13c6e2177eaa2a85a5fe43f0b66b742528722939f20990a6ca5b,A266,2026-04-17,z10493250770082600000011.zip,ok,OK_REGISTRADA,7,,23.606,7,7,CUFE|SUBJECT,
20260420_140658_d6ba5bd9,2026-04-20T14:16:12,AAMkADkwZmQ0YTA5LWE0M2MtNDk3Ni1hMzUzLTE0OTQxZDcwZWExMgBGAAAAAADJoyAzIWZBQakanooks8Z-BwBz4_gG-XGLQKeK0wIDJ6A7AAV36zxOAABz4_gG-XGLQKeK0wIDJ6A7AAWuroonAAA=,Aprobado- Factura  -  FE379 - Radicado 191723 - RESERVA VENTURA SAS - Dirección administrativa y financiera -Compras - NA,dian_FE379.pdf,b61d61aa860349983f678fea3f0ec582c7a59ce929a80859648c0551b0226ec2c0502680b7517f0dff20ae9e929c040f,FE379,2025-02-10,FE379.zip,ok,OK_REGISTRADA,7,,24.874,7,7,CUFE|SUBJECT,
20260420_140658_d6ba5bd9,2026-04-20T14:16:39,AAMkADkwZmQ0YTA5LWE0M2MtNDk3Ni1hMzUzLTE0OTQxZDcwZWExMgBGAAAAAADJoyAzIWZBQakanooks8Z-BwBz4_gG-XGLQKeK0wIDJ6A7AAV36zxOAABz4_gG-XGLQKeK0wIDJ6A7AAWuroomAAA=,Aprobado- Factura  -  FE377 - Radicado 191722 - RESERVA VENTURA SAS - Dirección administrativa y financiera -Compras - NA,FE377.pdf,8b2879cfc1ebae46c01a16ae70a393fce5a8709996ff655cb676d2fad6eb618cea6614773a572c6c5cf5f577ee9da708,FE377,2025-02-10,FE377.zip,ok,OK_REGISTRADA,7,,27.253,7,7,CUFE|SUBJECT,
20260420_140658_d6ba5bd9,2026-04-20T14:17:21,AAMkADkwZmQ0YTA5LWE0M2MtNDk3Ni1hMzUzLTE0OTQxZDcwZWExMgBGAAAAAADJoyAzIWZBQakanooks8Z-BwBz4_gG-XGLQKeK0wIDJ6A7AAV36zxOAABz4_gG-XGLQKeK0wIDJ6A7AAWuroolAAA=,Aprobado- Factura  -  FE378 - Radicado 191721 - RESERVA VENTURA SAS - Dirección administrativa y financiera -Compras - NA,dian_FE378.pdf,fb1c49321e3b79947b1d69549f6e8405e4247469f255782a8a0d00d1034371025e760243bb77cf8acd8c7497a0ccd04b,FE378,2025-02-10,FE378.zip,ok,OK_REGISTRADA,7,,41.735,7,7,CUFE|SUBJECT,
20260420_140658_d6ba5bd9,2026-04-20T14:17:48,AAMkADkwZmQ0YTA5LWE0M2MtNDk3Ni1hMzUzLTE0OTQxZDcwZWExMgBGAAAAAADJoyAzIWZBQakanooks8Z-BwBz4_gG-XGLQKeK0wIDJ6A7AAV36zxOAABz4_gG-XGLQKeK0wIDJ6A7AAWurookAAA=,Aprobado- Factura  -  A515150670 - Radicado 191738 - SERVIENTREGA SA - 01-2025-327 TOYO T2 S1 - NA,Representacion grafica.pdf,619400387e82fa1d202d527249f12e64f1cbd5851218738f4ab2dee4e06d32b2e358dbbc677a9462866fc1f64bb59f51,A515150670,2026-04-14,Factura-A515150670.zip,ok,OK_REGISTRADA,7,,26.847,7,7,CUFE|SUBJECT,
20260420_140658_d6ba5bd9,2026-04-20T14:18:12,AAMkADkwZmQ0YTA5LWE0M2MtNDk3Ni1hMzUzLTE0OTQxZDcwZWExMgBGAAAAAADJoyAzIWZBQakanooks8Z-BwBz4_gG-XGLQKeK0wIDJ6A7AAV36zxOAABz4_gG-XGLQKeK0wIDJ6A7AAWuroojAAA=,Aprobado- Factura  -  SETG-980000013 - Radicado 191708 - GONZALEZ TILANO ANDREA - Dirección administrativa y financiera -Compras - NA,5a3672835e92c529db978877e5018a0700c685d67311429e07c719b7946414587fe75c169f33f09ab3e377eb707cd89a.pdf,5a3672835e92c529db978877e5018a0700c685d67311429e07c719b7946414587fe75c169f33f09ab3e377eb707cd89a,SETG-980000013,2026-04-01,Attachment-SETG980000013.zip,ok,OK_REGISTRADA,7,,23.924,7,7,AIDX|SUBJECT,
20260420_140658_d6ba5bd9,2026-04-20T14:18:35,AAMkADkwZmQ0YTA5LWE0M2MtNDk3Ni1hMzUzLTE0OTQxZDcwZWExMgBGAAAAAADJoyAzIWZBQakanooks8Z-BwBz4_gG-XGLQKeK0wIDJ6A7AAV36zxOAABz4_gG-XGLQKeK0wIDJ6A7AAWurooiAAA=,Aprobado- Factura  -  FPD6733 - Radicado 191815 - PAPELERIA DASHIKA - Cucutilla - Cornejo - NA,ad000553518905726000011f0.pdf,2cd5e56196862fe323f3ad477f5f0489fd3d0d58aa25227064035ee330a5ddf1fab1a0f1cb256f625278f752376858d7,FPD6733,2026-04-18,ad000553518905726000011f0.zip,ok,OK_REGISTRADA,7,,22.92,7,7,CUFE|SUBJECT,
20260420_140658_d6ba5bd9,2026-04-20T14:18:58,AAMkADkwZmQ0YTA5LWE0M2MtNDk3Ni1hMzUzLTE0OTQxZDcwZWExMgBGAAAAAADJoyAzIWZBQakanooks8Z-BwBz4_gG-XGLQKeK0wIDJ6A7AAV36zxOAABz4_gG-XGLQKeK0wIDJ6A7AAWuroohAAA=,Aprobado- Factura  -  FE22033 - Radicado 191796 - NIMBUTECH SAS - Dirección administrativa y financiera -Tics - NA,fv09006729530002600007723.pdf,51ae062aade60468ee0a5373bca3fbe05702da6003a3fb025dcf430f942711160e3c9aa8261af414fbc66398139be7e2,FE22033,2025-05-02,fv09006729530002600007723.zip,ok,OK_REGISTRADA,7,,23.723,7,7,CUFE|SUBJECT,
20260420_140658_d6ba5bd9,2026-04-20T14:19:21,AAMkADkwZmQ0YTA5LWE0M2MtNDk3Ni1hMzUzLTE0OTQxZDcwZWExMgBGAAAAAADJoyAzIWZBQakanooks8Z-BwBz4_gG-XGLQKeK0wIDJ6A7AAV36zxOAABz4_gG-XGLQKeK0wIDJ6A7AAWuroogAAA=,Aprobado- Factura  -  FE-63962 - Radicado 191480 - BUK COL S.A.S - Dirección administrativa y financiera -Talento Humano - NA,FA FE-63962 - PDF-4850976.pdf,568b28779a099f3004bd621b35d7ba0afbb720d10c33d1882cbf6a7e74943a158fc58d8c20ad06e14efd2e9306953e3b,FE-63962,2026-04-01,Document_4850976.zip,ok,OK_REGISTRADA,7,,22.993,7,7,AIDX|SUBJECT,
20260420_140658_d6ba5bd9,2026-04-20T14:19:46,AAMkADkwZmQ0YTA5LWE0M2MtNDk3Ni1hMzUzLTE0OTQxZDcwZWExMgBGAAAAAADJoyAzIWZBQakanooks8Z-BwBz4_gG-XGLQKeK0wIDJ6A7AAV36zxOAABz4_gG-XGLQKeK0wIDJ6A7AAWuroofAAA=,Aprobado- Factura  -  AEMP16556 - Radicado 191427 - CABIFY EMPRESARIAL SAS - Dirección administrativa y financiera -Compras - NA,ad09016124380512600016556.pdf,434542eeae85d5bdf858ca8decf04a3bf3822b82a73aec045d855bac700fa3e4d777879a3db9cb63613ce743456bb088,AEMP16556,2026-04-01,ad09016124380512600016556.zip,ok,OK_REGISTRADA,7,,24.343,7,7,AIDX|SUBJECT,
20260420_140658_d6ba5bd9,2026-04-20T14:20:09,AAMkADkwZmQ0YTA5LWE0M2MtNDk3Ni1hMzUzLTE0OTQxZDcwZWExMgBGAAAAAADJoyAzIWZBQakanooks8Z-BwBz4_gG-XGLQKeK0wIDJ6A7AAV36zxOAABz4_gG-XGLQKeK0wIDJ6A7AAWurooeAAA=,Aprobado- Factura  -  FE-63963 - Radicado 191481 - BUK COL S.A.S - Red Férrea Atlántico - NA,FA FE-63963 - PDF-4850978.pdf,45b45095aaeb761a77a046e02a068d1bee7caaefeb13f2f65d1f2c16279fd00acabe65c8df97beb303ffa8c9f7d4ad2e,FE-63963,2026-04-01,Document_4850978.zip,ok,OK_REGISTRADA,7,,23.062,7,7,AIDX|SUBJECT,
20260420_140658_d6ba5bd9,2026-04-20T14:20:33,AAMkADkwZmQ0YTA5LWE0M2MtNDk3Ni1hMzUzLTE0OTQxZDcwZWExMgBGAAAAAADJoyAzIWZBQakanooks8Z-BwBz4_gG-XGLQKeK0wIDJ6A7AAV36zxOAABz4_gG-XGLQKeK0wIDJ6A7AAWuroodAAA=,Aprobado- Factura  -  AEZY43579 - Radicado 191428 - CABIFY EMPRESARIAL SAS - Dirección administrativa y financiera -Compras - NA,ad09006105850512600043579.pdf,29919788a381795c66bf5fd8c7c792342e014150251710d273133717fc05d78bd443ddfde5b8aca17155dd251f5e877e,AEZY43579,2026-04-01,ad09006105850512600043579.zip,ok,OK_REGISTRADA,7,,23.847,7,7,AIDX|SUBJECT,
20260420_140658_d6ba5bd9,2026-04-20T14:21:02,AAMkADkwZmQ0YTA5LWE0M2MtNDk3Ni1hMzUzLTE0OTQxZDcwZWExMgBGAAAAAADJoyAzIWZBQakanooks8Z-BwBz4_gG-XGLQKeK0wIDJ6A7AAV36zxOAABz4_gG-XGLQKeK0wIDJ6A7AAWuroocAAA=,Aprobado- Factura  -  FE-63964 - Radicado 191482 - BUK COL S.A.S - Pto. Gaitán – Pte. Arimena - NA,FA FE-63964 - PDF-4850980.pdf,63fe2bc39d18508e72d8a0503d2a38cc658247d84328b957fc31ddba91fe95e7b6be57b132ed0ed950fade0d6711f071,FE-63964,2026-04-01,Document_4850980.zip,ok,OK_REGISTRADA,7,,29.615,7,7,AIDX|SUBJECT,
20260420_140658_d6ba5bd9,2026-04-20T14:21:28,AAMkADkwZmQ0YTA5LWE0M2MtNDk3Ni1hMzUzLTE0OTQxZDcwZWExMgBGAAAAAADJoyAzIWZBQakanooks8Z-BwBz4_gG-XGLQKeK0wIDJ6A7AAV36zxOAABz4_gG-XGLQKeK0wIDJ6A7AAWuroobAAA=,Aprobado- Factura  -  FE-63965 - Radicado 191483 - BUK COL S.A.S - Transv. Libertador - NA,FA FE-63965 - PDF-4850982.pdf,6e3bc613d60e7dc938104bbd2ac230fdc5f216b004a94e6f8aa02767b013eff7304cfdb87be521d4c7d1da4529f21cc5,FE-63965,2026-04-01,Document_4850982.zip,ok,OK_REGISTRADA,7,,25.732,7,7,AIDX|SUBJECT,
20260420_140658_d6ba5bd9,2026-04-20T14:21:53,AAMkADkwZmQ0YTA5LWE0M2MtNDk3Ni1hMzUzLTE0OTQxZDcwZWExMgBGAAAAAADJoyAzIWZBQakanooks8Z-BwBz4_gG-XGLQKeK0wIDJ6A7AAV36zxOAABz4_gG-XGLQKeK0wIDJ6A7AAWurooaAAA=,Aprobado- Factura  -  FE-63966 - Radicado 191484 - BUK COL S.A.S - TM Av. 68 - NA,FA FE-63966 - PDF-4850984.pdf,bbd989aefa8b6dc033393f257f507564e094855d419731b360d038b493820420bbfffc04bdca516540e51d84675e4b33,FE-63966,2026-04-01,Document_4850984.zip,ok,OK_REGISTRADA,7,,24.829,7,7,AIDX|SUBJECT,
20260420_140658_d6ba5bd9,2026-04-20T14:22:48,AAMkADkwZmQ0YTA5LWE0M2MtNDk3Ni1hMzUzLTE0OTQxZDcwZWExMgBGAAAAAADJoyAzIWZBQakanooks8Z-BwBz4_gG-XGLQKeK0wIDJ6A7AAV36zxOAABz4_gG-XGLQKeK0wIDJ6A7AAWurooZAAA=,Aprobado- Factura  -  FE-63967 - Radicado 191485 - BUK COL S.A.S - Transv. Libertador - NA,FA FE-63967 - PDF-4850986.pdf,4ae2fe424a8cb60fc9c96d4995609fceccd875ab25a5f42a175e1827831c686a08cbac58676e96328a791a2f08ce0272,FE-63967,2026-04-01,Document_4850986.zip,ok,OK_REGISTRADA,7,,55.511,7,7,AIDX|SUBJECT,
20260420_140658_d6ba5bd9,2026-04-20T14:23:13,AAMkADkwZmQ0YTA5LWE0M2MtNDk3Ni1hMzUzLTE0OTQxZDcwZWExMgBGAAAAAADJoyAzIWZBQakanooks8Z-BwBz4_gG-XGLQKeK0wIDJ6A7AAV36zxOAABz4_gG-XGLQKeK0wIDJ6A7AAWurooYAAA=,Aprobado- Factura  -  FE-63968 - Radicado 191486 - BUK COL S.A.S - Cucutilla - Cornejo - NA,FA FE-63968 - PDF-4850988.pdf,425e2fdddbec7a80a886c2b95205482a9cfdc064e805f850eea1f7aaa8a5f09d53170dd1d33a69706c26617a622dddba,FE-63968,2026-04-01,Document_4850988.zip,ok,OK_REGISTRADA,7,,24.731,7,7,AIDX|SUBJECT,
20260420_140658_d6ba5bd9,2026-04-20T14:23:38,AAMkADkwZmQ0YTA5LWE0M2MtNDk3Ni1hMzUzLTE0OTQxZDcwZWExMgBGAAAAAADJoyAzIWZBQakanooks8Z-BwBz4_gG-XGLQKeK0wIDJ6A7AAV36zxOAABz4_gG-XGLQKeK0wIDJ6A7AAWurooXAAA=,Aprobado- Factura  -  FE-64212 - Radicado 191489 - BUK COL S.A.S - 01-2025-327 TOYO T2 S1 - NA,FA FE-64212 - PDF-4851548.pdf,6fea793859bb5c5b1c0270d1e617d0af43b8b5cf847889bda621f28fd2f2cb14b51e368162250f1bf793f72ec1deb8da,FE-64212,2026-04-01,Document_4851548.zip,ok,OK_REGISTRADA,7,,24.515,7,7,AIDX|SUBJECT,
20260420_140658_d6ba5bd9,2026-04-20T14:24:08,AAMkADkwZmQ0YTA5LWE0M2MtNDk3Ni1hMzUzLTE0OTQxZDcwZWExMgBGAAAAAADJoyAzIWZBQakanooks8Z-BwBz4_gG-XGLQKeK0wIDJ6A7AAV36zxOAABz4_gG-XGLQKeK0wIDJ6A7AAWurooWAAA=,Aprobado- Factura  -  M7098498 - Radicado 191492 - COLMEDICA MEDICINA PREPAGADA - Dirección administrativa y financiera -Talento Humano - NA,M7098498.pdf,7ab29ad0f91055a625c58cf06c594b652ade435b6dfd93a762dfb53eba78fd64740e523ba9e524005448f5e32dd63e0e,M7098498,2025-08-25,Factura Colmedica 03 de Abril de 2026.zip,ok,OK_REGISTRADA,7,,30.492,7,7,AIDX|SUBJECT,
20260420_140658_d6ba5bd9,2026-04-20T14:24:36,AAMkADkwZmQ0YTA5LWE0M2MtNDk3Ni1hMzUzLTE0OTQxZDcwZWExMgBGAAAAAADJoyAzIWZBQakanooks8Z-BwBz4_gG-XGLQKeK0wIDJ6A7AAV36zxOAABz4_gG-XGLQKeK0wIDJ6A7AAWurooVAAA=,Aprobado- Factura  -  FE 65514 - Radicado 191586 - BUK COL S.A.S - 01-2025-327 TOYO T2 S1 - NA,FA FE-65514 - PDF-4874319.pdf,2536e153f21562a787d4a551b1d7057b706359b45a948915ef922a2c1529a9d43a91aa4fb6ad9e003ef81d008be63348,FE65514,2026-04-08,Document_4874319.zip,ok,OK_REGISTRADA,7,,27.679,7,7,AIDX|SUBJECT,
20260420_140658_d6ba5bd9,2026-04-20T14:25:00,AAMkADkwZmQ0YTA5LWE0M2MtNDk3Ni1hMzUzLTE0OTQxZDcwZWExMgBGAAAAAADJoyAzIWZBQakanooks8Z-BwBz4_gG-XGLQKeK0wIDJ6A7AAV36zxOAABz4_gG-XGLQKeK0wIDJ6A7AAWurooUAAA=,Aprobado- Factura  -  FE-65074 - Radicado 191616 - BUK COL S.A.S - Red Férrea Atlántico - NA,FA FE-65074 - PDF-4873301.pdf,4c9c2e22393f88fbb0d8b1f8204b2fbc592b649d7774a5a2e787f55ea8bbfb51dd4a23e4ff9fefc9e8e77e6c5ec12e82,FE-65074,2026-04-08,Document_4873301.zip,ok,OK_REGISTRADA,7,,24.601,7,7,AIDX|SUBJECT,
20260420_140658_d6ba5bd9,2026-04-20T14:25:24,AAMkADkwZmQ0YTA5LWE0M2MtNDk3Ni1hMzUzLTE0OTQxZDcwZWExMgBGAAAAAADJoyAzIWZBQakanooks8Z-BwBz4_gG-XGLQKeK0wIDJ6A7AAV36zxOAABz4_gG-XGLQKeK0wIDJ6A7AAWurooTAAA=,Aprobado- Factura  -  FE-65073 - Radicado 191617 - BUK COL S.A.S - Dirección administrativa y financiera -Talento Humano - NA,FA FE-65073 - PDF-4873299.pdf,f2f3e5b715bd0924f8e1843244e3f7577e8aaabdf5bde839a80059ea2be79eda632fbfe9fc58fd9ff2ad857d69624786,FE-65073,2026-04-08,Document_4873299.zip,ok,OK_REGISTRADA,7,,23.358,7,7,AIDX|SUBJECT,
20260420_140658_d6ba5bd9,2026-04-20T14:25:49,AAMkADkwZmQ0YTA5LWE0M2MtNDk3Ni1hMzUzLTE0OTQxZDcwZWExMgBGAAAAAADJoyAzIWZBQakanooks8Z-BwBz4_gG-XGLQKeK0wIDJ6A7AAV36zxOAABz4_gG-XGLQKeK0wIDJ6A7AAWurooSAAA=,Aprobado- Factura  -  FE-65075 - Radicado 191618 - BUK COL S.A.S - Pto. Gaitán – Pte. Arimena - NA,FA FE-65075 - PDF-4873303.pdf,33db3ba61652d160397bdb6eef0e6e98ffd273d90de21fe960d14de8028fb0900d886c15320d05fcf4e94b7a5ba69e5d,FE-65075,2026-04-08,Document_4873303.zip,ok,OK_REGISTRADA,7,,25.433,7,7,AIDX|SUBJECT,
20260420_140658_d6ba5bd9,2026-04-20T14:26:14,AAMkADkwZmQ0YTA5LWE0M2MtNDk3Ni1hMzUzLTE0OTQxZDcwZWExMgBGAAAAAADJoyAzIWZBQakanooks8Z-BwBz4_gG-XGLQKeK0wIDJ6A7AAV36zxOAABz4_gG-XGLQKeK0wIDJ6A7AAWurooRAAA=,Aprobado- Factura  -  FE-65076 - Radicado 191619 - BUK COL S.A.S - Cartago - Calarcá - NA,FA FE-65076 - PDF-4873305.pdf,75a18655994aac5ed494fca1905c16eb42c4bf0b40c37ddbfcdf9005c5cfae4020d8bb3286c7f4a2b2adba1a86505d94,FE-65076,2026-04-08,Document_4873305.zip,ok,OK_REGISTRADA,7,,24.381,7,7,AIDX|SUBJECT,
20260420_140658_d6ba5bd9,2026-04-20T14:26:46,AAMkADkwZmQ0YTA5LWE0M2MtNDk3Ni1hMzUzLTE0OTQxZDcwZWExMgBGAAAAAADJoyAzIWZBQakanooks8Z-BwBz4_gG-XGLQKeK0wIDJ6A7AAV36zxOAABz4_gG-XGLQKeK0wIDJ6A7AAWurooQAAA=,Aprobado- Factura  -  FE-65077 - Radicado 191620 - BUK COL S.A.S - TM Av. 68 - NA,FA FE-65077 - PDF-4873307.pdf,42971e9cadfac3e063fcd95eeba22ff7fa1d50478c307deee4c5382f785b5178d9da94b8527f7cba4ef9b77e9410cffb,FE-65077,2026-04-08,Document_4873307.zip,ok,OK_REGISTRADA,7,,32.464,7,7,AIDX|SUBJECT,
20260420_140658_d6ba5bd9,2026-04-20T14:27:11,AAMkADkwZmQ0YTA5LWE0M2MtNDk3Ni1hMzUzLTE0OTQxZDcwZWExMgBGAAAAAADJoyAzIWZBQakanooks8Z-BwBz4_gG-XGLQKeK0wIDJ6A7AAV36zxOAABz4_gG-XGLQKeK0wIDJ6A7AAWurooPAAA=,Aprobado- Factura  -  FE-65078 - Radicado 191621 - BUK COL S.A.S - Transv. Libertador - NA,FA FE-65078 - PDF-4873309.pdf,9a5aa0830789adfdead0e874c1ca254aa24bd54057a0c019f639bed114586bfed483ae3c42d69a37732087e29e406ba5,FE-65078,2026-04-08,Document_4873309.zip,ok,OK_REGISTRADA,7,,25.182,7,7,AIDX|SUBJECT,
20260420_140658_d6ba5bd9,2026-04-20T14:27:35,AAMkADkwZmQ0YTA5LWE0M2MtNDk3Ni1hMzUzLTE0OTQxZDcwZWExMgBGAAAAAADJoyAzIWZBQakanooks8Z-BwBz4_gG-XGLQKeK0wIDJ6A7AAV36zxOAABz4_gG-XGLQKeK0wIDJ6A7AAWurooOAAA=,Aprobado- Factura  -  FE-65079 - Radicado 191622 - BUK COL S.A.S - Cucutilla - Cornejo - NA,FA FE-65079 - PDF-4873311.pdf,16d6258cdc25f7c295fbadc829f6f632a293bcf6917435e0b14ee171699475e81f654c95087d1dda417f2e3baec10b2d,FE-65079,2026-04-08,Document_4873311.zip,ok,OK_REGISTRADA,7,,23.64,7,7,AIDX|SUBJECT,
20260420_140658_d6ba5bd9,2026-04-20T14:28:02,AAMkADkwZmQ0YTA5LWE0M2MtNDk3Ni1hMzUzLTE0OTQxZDcwZWExMgBGAAAAAADJoyAzIWZBQakanooks8Z-BwBz4_gG-XGLQKeK0wIDJ6A7AAV36zxOAABz4_gG-XGLQKeK0wIDJ6A7AAWurooNAAA=,Aprobado- Factura  -  BG 683224 - Radicado 191819 - RECORDAR PREVISION EXEQUIAL TOTAL SAS - Joyco Consultores S.A.S. - NA,BG 683224.pdf,5d5eb540dc5736eadd0bba9b9508cb9c4c309c7141eb84d9ce03808a61d0382e52afc6e0c39a0935cdc1e986614fc477,BG683224,2026-04-09,z08001921050072600683224.zip,ok,OK_REGISTRADA,7,,27.442,7,7,AIDX|SUBJECT,
20260420_140658_d6ba5bd9,2026-04-20T14:28:30,AAMkADkwZmQ0YTA5LWE0M2MtNDk3Ni1hMzUzLTE0OTQxZDcwZWExMgBGAAAAAADJoyAzIWZBQakanooks8Z-BwBz4_gG-XGLQKeK0wIDJ6A7AAV36zxOAABz4_gG-XGLQKeK0wIDJ6A7AAWurooMAAA=,Aprobado- Factura  -  FE-64118 - Radicado 191626 - BUK COL S.A.S - Cesar Red Terciaria - NA,FA FE-64118 - PDF-4851336.pdf,5f9628e2a7a20abc4ffd835beab2b8728e6c975ec2bea1de34e576a37796f1b2123b2b1d454c4ee48416f94372b35ae1,FE-64118,2026-04-01,Document_4851336.zip,ok,OK_REGISTRADA,7,,27.484,7,7,AIDX|SUBJECT,
20260420_140658_d6ba5bd9,2026-04-20T14:28:55,AAMkADkwZmQ0YTA5LWE0M2MtNDk3Ni1hMzUzLTE0OTQxZDcwZWExMgBGAAAAAADJoyAzIWZBQakanooks8Z-BwBz4_gG-XGLQKeK0wIDJ6A7AAV36zxOAABz4_gG-XGLQKeK0wIDJ6A7AAWurooLAAA=,Aprobado- Factura  -  FE-65333 - Radicado 191627 - BUK COL S.A.S - Cesar Red Terciaria - NA,FA FE-65333 - PDF-4873903.pdf,877d27c776ed42d1c8fc28dfb98703a10bc3759b280f230a4f5878ec510a24fbcdbde1515eeab5aafd13012217267af6,FE-65333,2026-04-08,Document_4873903.zip,ok,OK_REGISTRADA,7,,25.014,7,7,AIDX|SUBJECT,
20260420_140658_d6ba5bd9,2026-04-20T14:29:21,AAMkADkwZmQ0YTA5LWE0M2MtNDk3Ni1hMzUzLTE0OTQxZDcwZWExMgBGAAAAAADJoyAzIWZBQakanooks8Z-BwBz4_gG-XGLQKeK0wIDJ6A7AAV36zxOAABz4_gG-XGLQKeK0wIDJ6A7AAWurooKAAA=,Aprobado- Factura  -  BG 683221 - Radicado 191653 - RECORDAR PREVISION EXEQUIAL TOTAL SAS - Dirección administrativa y financiera -Talento Humano - NA,191652.pdf,96ac4397d2237c80a6ae089224f561bf19843ed14d24f003343659b967e256d7dcf40c76c63205d4c3afbe39442caf7e,BG683221,2026-04-09,z08001921050072600683220.zip,ok,OK_REGISTRADA,7,,25.841,7,7,AIDX|SUBJECT,
20260420_140658_d6ba5bd9,2026-04-20T14:29:49,AAMkADkwZmQ0YTA5LWE0M2MtNDk3Ni1hMzUzLTE0OTQxZDcwZWExMgBGAAAAAADJoyAzIWZBQakanooks8Z-BwBz4_gG-XGLQKeK0wIDJ6A7AAV36zxOAABz4_gG-XGLQKeK0wIDJ6A7AAWurooJAAA=,Aprobado- Factura  -  BG 683222 - Radicado 191654 - RECORDAR PREVISION EXEQUIAL TOTAL SAS - Cucutilla - Cornejo - NA,191653.pdf,9e3cf7588cc0f382b21ee37de12230f2169b9fdecb80ee81140ceef9518865a4df196c0b94a2e42e4b261c41e5e1503f,BG683222,2026-04-09,z08001921050072600683221.zip,ok,OK_REGISTRADA,7,,28.099,7,7,AIDX|SUBJECT,
20260420_140658_d6ba5bd9,2026-04-20T14:30:15,AAMkADkwZmQ0YTA5LWE0M2MtNDk3Ni1hMzUzLTE0OTQxZDcwZWExMgBGAAAAAADJoyAzIWZBQakanooks8Z-BwBz4_gG-XGLQKeK0wIDJ6A7AAV36zxOAABz4_gG-XGLQKeK0wIDJ6A7AAWurooIAAA=,Aprobado- Factura  -  BG 683223 - Radicado 191655 - RECORDAR PREVISION EXEQUIAL TOTAL SAS - Red Férrea Atlántico - NA,191654.pdf,cde795ae81267ecfe665890bf0fcd9e24668fbc022c8726a61c8f0b9551e945b49c0297ebe515800912adc82aa20ee57,BG683223,2026-04-09,z08001921050072600683222.zip,ok,OK_REGISTRADA,7,,26.398,7,7,AIDX|SUBJECT,
20260420_140658_d6ba5bd9,2026-04-20T14:30:44,AAMkADkwZmQ0YTA5LWE0M2MtNDk3Ni1hMzUzLTE0OTQxZDcwZWExMgBGAAAAAADJoyAzIWZBQakanooks8Z-BwBz4_gG-XGLQKeK0wIDJ6A7AAV36zxOAABz4_gG-XGLQKeK0wIDJ6A7AAWurooHAAA=,Aprobado- Factura  -  BG 683224 - Radicado 191656 - RECORDAR PREVISION EXEQUIAL TOTAL SAS - Joyco Consultores S.A.S. - NA,191655.pdf,cbee38491dec5ce963de65a89a46ac8ec0fbe4f260b652d709ae7a0458d286b72a537c3bf0c27af0e6005c3900da7846,BG683224,2026-04-09,z08001921050072600683223.zip,ok,OK_REGISTRADA,7,,28.796,7,7,AIDX|SUBJECT,
20260420_140658_d6ba5bd9,2026-04-20T14:31:14,AAMkADkwZmQ0YTA5LWE0M2MtNDk3Ni1hMzUzLTE0OTQxZDcwZWExMgBGAAAAAADJoyAzIWZBQakanooks8Z-BwBz4_gG-XGLQKeK0wIDJ6A7AAV36zxOAABz4_gG-XGLQKeK0wIDJ6A7AAWurooGAAA=,Aprobado- Factura  -  FEAC 25932 - Radicado 191712 - ALQUILER DE COMPUTADORES SAS - Tolima Red Terciaria - NA,ad09001901350352600000580.pdf,835998271db130e28fa363e0158c43bfcc4c9675e97d958890a2a77b32e346de0cc8fbeda9c7add53c3e7a09605e5b37,FEAC25932,2026-05-14,ad09001901350352600000580.zip,ok,OK_REGISTRADA,7,,30.232,7,7,AIDX|SUBJECT,
20260420_140658_d6ba5bd9,2026-04-20T14:32:02,AAMkADkwZmQ0YTA5LWE0M2MtNDk3Ni1hMzUzLTE0OTQxZDcwZWExMgBGAAAAAADJoyAzIWZBQakanooks8Z-BwBz4_gG-XGLQKeK0wIDJ6A7AAV36zxOAABz4_gG-XGLQKeK0wIDJ6A7AAWurooFAAA=,Aprobado- Factura  -  FEAC 25931 - Radicado 191710 - ALQUILER DE COMPUTADORES SAS - Cucutilla - Cornejo - NA,3f10cc53-54f2-447e-8ae9-673cd492b049.pdf,1d250abd86915eba7992bb9a205a97decb611ef5cf2dde72fde04586ecafe00fa9655c597e54d0386af2888962000146,FEAC25931,2026-05-14,3f10cc53-54f2-447e-8ae9-673cd492b049.zip,ok,OK_REGISTRADA,7,,47.553,7,7,AIDX|SUBJECT,
20260420_140658_d6ba5bd9,2026-04-20T14:32:23,AAMkADkwZmQ0YTA5LWE0M2MtNDk3Ni1hMzUzLTE0OTQxZDcwZWExMgBGAAAAAADJoyAzIWZBQakanooks8Z-BwBz4_gG-XGLQKeK0wIDJ6A7AAV36zxOAABz4_gG-XGLQKeK0wIDJ6A7AAWtJs40AAA=,Aprobado- Factura  -  3 - 292553661 - Radicado 191774 - COMCEL SA - Dirección administrativa y financiera -Infraestructura - NA,Factura_13255_003 - 292553661.PDF,ccea8001539937cacdadcdadbacdadcdad8600675619deccc44b57a49deccdeccdeccfacaeeccadeea3292553661faca,553661300000013255,2026-04-06,(PDF_APROBADAS_FALLBACK),ok_pdf_aprobadas_fallback,OK_REGISTRADA_FALLBACK_PDF,7,,21.252,7,7,PDF_APROBADAS|SUBJECT,
20260420_140658_d6ba5bd9,2026-04-20T14:32:49,AAMkADkwZmQ0YTA5LWE0M2MtNDk3Ni1hMzUzLTE0OTQxZDcwZWExMgBGAAAAAADJoyAzIWZBQakanooks8Z-BwBz4_gG-XGLQKeK0wIDJ6A7AAV36zxOAABz4_gG-XGLQKeK0wIDJ6A7AAWtJs4zAAA=,Aprobado- Factura  -  C 7943291 - Radicado 191756 - COOPERATIVA SANTANDEREANA DE TRANSPORTADORES LIMITADA - Cucutilla - Cornejo - NA,ad08902009280072607943291.pdf,53c4436fb8902d6562bba5af521157fb9f9e399c6effe6c2f842c3c2068822299ac1af5393de350d43b96ec750ff40aa,C7943291,2026-04-15,z08902009280072607943291.zip,ok,OK_REGISTRADA,7,,25.958,7,7,NUMERO:C7943291|SUBJECT,
20260420_140658_d6ba5bd9,2026-04-20T14:33:15,AAMkADkwZmQ0YTA5LWE0M2MtNDk3Ni1hMzUzLTE0OTQxZDcwZWExMgBGAAAAAADJoyAzIWZBQakanooks8Z-BwBz4_gG-XGLQKeK0wIDJ6A7AAV36zxOAABz4_gG-XGLQKeK0wIDJ6A7AAWtJs4yAAA=,Aprobado- Factura  -  FE 1034 - Radicado 191649 - JULIANA ANDREA VILLA MACIAS - 01-2025-327 TOYO T2 S1 - NA,fv1022097649008260000006a.pdf,9c4c02f08dc8fd24d2fb19d1c018c9e5b25ad138c6ae5cd8c5cbf955bddaf34ae9b750e14827ebba44d5dfd6593a9cde,FE1034,2026-04-09,z1022097649008260000006a.zip,ok,OK_REGISTRADA,7,,26.087,7,7,AIDX|SUBJECT,
20260420_140658_d6ba5bd9,2026-04-20T14:33:45,AAMkADkwZmQ0YTA5LWE0M2MtNDk3Ni1hMzUzLTE0OTQxZDcwZWExMgBGAAAAAADJoyAzIWZBQakanooks8Z-BwBz4_gG-XGLQKeK0wIDJ6A7AAV36zxOAABz4_gG-XGLQKeK0wIDJ6A7AAWtJs4xAAA=,Aprobado- Factura  -  JL60 2216 - Radicado 191647 - JARDINEROS SAS - Dirección administrativa y financiera -Compras - NA,ad86050766900319JL602216.pdf,647b087b99b9dab8245c4c8a1a3f29aabfded9c3e6d2965258a1810d6895d4a1f74137ea761218d2808fe0633cd8d310,JL602216,2026-04-09,ad86050766900319JL602216.zip,ok,OK_REGISTRADA,7,,29.747,7,7,AIDX|SUBJECT,
20260420_140658_d6ba5bd9,2026-04-20T14:34:09,AAMkADkwZmQ0YTA5LWE0M2MtNDk3Ni1hMzUzLTE0OTQxZDcwZWExMgBGAAAAAADJoyAzIWZBQakanooks8Z-BwBz4_gG-XGLQKeK0wIDJ6A7AAV36zxOAABz4_gG-XGLQKeK0wIDJ6A7AAWtJs4wAAA=,Aprobado- Factura  -  FE1-4747 - Radicado 191787 - PAPELERIA DASHIKA - Cucutilla - Cornejo - NA,ad000553518905726000011c5.pdf,a24edc0ef47b54296a8042260d24e0d3e4eb06f6233c3cd4b51d45fc7ec8617fb8b853e75860ad0883fc54f704752261,FE1-4747,2026-04-16,ad000553518905726000011c5.zip,ok,OK_REGISTRADA,7,,24.604,7,7,CUFE|SUBJECT,
20260420_140658_d6ba5bd9,2026-04-20T14:34:34,AAMkADkwZmQ0YTA5LWE0M2MtNDk3Ni1hMzUzLTE0OTQxZDcwZWExMgBGAAAAAADJoyAzIWZBQakanooks8Z-BwBz4_gG-XGLQKeK0wIDJ6A7AAV36zxOAABz4_gG-XGLQKeK0wIDJ6A7AAWr4J4BAAA=,Aprobado- Factura  -  I6C7313702 - Radicado 191780 - D1 SAS - Cucutilla - Cornejo - NA,fv090027696202126I6C7313702.pdf,0fddabfb42fdb296f7bcfcf9fef00e5e5ca01262477a5ee2a284a294aa98f33bd314d3449450f41367251030cac3ad23,I6C7313702,2026-04-16,090027696202126I6C7313702.zip,ok,OK_REGISTRADA,7,,24.704,7,7,NUM_MATCH:I6C7313702|SUBJECT,
20260420_140658_d6ba5bd9,2026-04-20T14:34:53,AAMkADkwZmQ0YTA5LWE0M2MtNDk3Ni1hMzUzLTE0OTQxZDcwZWExMgBGAAAAAADJoyAzIWZBQakanooks8Z-BwBz4_gG-XGLQKeK0wIDJ6A7AAV36zxOAABz4_gG-XGLQKeK0wIDJ6A7AAWr4J4AAAA=,Aprobado- Factura  -  6310007658 - Radicado 191767 - CAJA DE COMPENSACION FAMILIAR COMPENSAR - Joyco Consultores S.A.S. - NA,6310007658.pdf,,6310007658,,(REGISTRO_MINIMO:sin_cufe_o_pdf_no_legible),ok_registro_minimo,REGISTRADA,7,,18.843,7,7,REGISTRO_MINIMO,sin_cufe_o_pdf_no_legible
20260420_140658_d6ba5bd9,2026-04-20T14:35:18,AAMkADkwZmQ0YTA5LWE0M2MtNDk3Ni1hMzUzLTE0OTQxZDcwZWExMgBGAAAAAADJoyAzIWZBQakanooks8Z-BwBz4_gG-XGLQKeK0wIDJ6A7AAV36zxOAABz4_gG-XGLQKeK0wIDJ6A7AAWr4J3-AAA=,Aprobado- Factura  -  R39E1485052 - Radicado 191713 - CREPES Y WAFFLES SA - Transv. Libertador - NA,ad8600769190000R39E1485052.pdf,3342eb356b1dee7ae2dc048d2f9056e5b72b5613f4f75b1f9d2853eed8448f02cece4b125c6f7bdc48045230b7b44d13,R39,2025-05-13,ad8600769190000R39E1485052.zip,ok,OK_REGISTRADA,7,,25.361,7,7,AIDX|SUBJECT,
20260420_140658_d6ba5bd9,2026-04-20T14:35:49,AAMkADkwZmQ0YTA5LWE0M2MtNDk3Ni1hMzUzLTE0OTQxZDcwZWExMgBGAAAAAADJoyAzIWZBQakanooks8Z-BwBz4_gG-XGLQKeK0wIDJ6A7AAV36zxOAABz4_gG-XGLQKeK0wIDJ6A7AAWr4J3_AAA=,Aprobado- Factura  -  FCII 1206821 - Radicado 191426 - TELESENTINEL LTDA - Reserva Ventura S.A.S. - NA,Pagos.pdf,1feed18902addb6c981130eb7280e5ede7506d2f9c9ded910846d9114cbbaa5002ea3f73c8cba1406d899c8bf76e9fa6,FCII1206821,,z08000148750072601206821.zip,ok,OK_REGISTRADA,7,,30.285,7,7,AIDX|SUBJECT,
20260420_140658_d6ba5bd9,2026-04-20T14:36:14,AAMkADkwZmQ0YTA5LWE0M2MtNDk3Ni1hMzUzLTE0OTQxZDcwZWExMgBGAAAAAADJoyAzIWZBQakanooks8Z-BwBz4_gG-XGLQKeK0wIDJ6A7AAV36zxOAABz4_gG-XGLQKeK0wIDJ6A7AAWr4J39AAA=,Aprobado- Factura  -  FE347918 - Radicado 191747 - LABORATORIO CLINICO COLMEDICOS IPS SAS - Pto. Gaitán – Pte. Arimena - NA,ad08000491040712653406315.pdf,839bc9038fd03dafeb988d97891c8687ea0814383ae2664d0c45e95e6c679dfabeb83b637b5383036ddcb6b28e35a195,FE347918,2026-03-01,ad08000491040712653406315.zip,ok,OK_REGISTRADA,7,,25.139,7,7,CUFE|SUBJECT,
20260420_140658_d6ba5bd9,2026-04-20T14:37:16,AAMkADkwZmQ0YTA5LWE0M2MtNDk3Ni1hMzUzLTE0OTQxZDcwZWExMgBGAAAAAADJoyAzIWZBQakanooks8Z-BwBz4_gG-XGLQKeK0wIDJ6A7AAV36zxOAABz4_gG-XGLQKeK0wIDJ6A7AAWr4J38AAA=,Aprobado- Factura  -  FBE168823 - Radicado 191745 - LABORATORIO CLINICO COLMEDICOS IPS SAS - TM Av. 68 - NA,FBE168823.pdf,620429b5470ddc4cd3e8da7afe5e8d2a0495088e80024e1a526fb7b2cab16103bde8872d2037acf62dd2aeb75fc744b6,FBE168823,2026-03-28,ad08000491040712667651175.zip,ok,OK_REGISTRADA,7,,62.497,7,7,NUMERO:FBE168823|SUBJECT,
20260420_140658_d6ba5bd9,2026-04-20T14:37:42,AAMkADkwZmQ0YTA5LWE0M2MtNDk3Ni1hMzUzLTE0OTQxZDcwZWExMgBGAAAAAADJoyAzIWZBQakanooks8Z-BwBz4_gG-XGLQKeK0wIDJ6A7AAV36zxOAABz4_gG-XGLQKeK0wIDJ6A7AAWr4J37AAA=,Aprobado- Factura  -  FE347807 - Radicado 191743 - LABORATORIO CLINICO COLMEDICOS IPS SAS - Tolima Red Terciaria - NA,FE347807.pdf,80766b23af41783d30403e5d227791c2f0a492dc05a0919a0368f382b1f5760a205d88ad6eae3ab29ac7d06b8c29e58a,FE347807,2026-03-10,ad08000491040712688938962.zip,ok,OK_REGISTRADA,7,,25.873,7,7,NUMERO:FE347807|SUBJECT,
20260420_140658_d6ba5bd9,2026-04-20T14:38:06,AAMkADkwZmQ0YTA5LWE0M2MtNDk3Ni1hMzUzLTE0OTQxZDcwZWExMgBGAAAAAADJoyAzIWZBQakanooks8Z-BwBz4_gG-XGLQKeK0wIDJ6A7AAV36zxOAABz4_gG-XGLQKeK0wIDJ6A7AAWr4J36AAA=,Aprobado- Factura  -  FE346310 - Radicado 191667 - LABORATORIO CLINICO COLMEDICOS IPS SAS - 01-2025-327 TOYO T2 S1 - NA,ad08000491040712618717488.pdf,38f200684e1db94917d4903d011c45b762a93e4d7cb5ad726b72b1bfa03f0ea50c559f8b7646848aef16d53825e9bad9,FE346310,2026-03-01,ad08000491040712618717488.zip,ok,OK_REGISTRADA,7,,24.393,7,7,AIDX|SUBJECT,
20260420_140658_d6ba5bd9,2026-04-20T14:38:34,AAMkADkwZmQ0YTA5LWE0M2MtNDk3Ni1hMzUzLTE0OTQxZDcwZWExMgBGAAAAAADJoyAzIWZBQakanooks8Z-BwBz4_gG-XGLQKeK0wIDJ6A7AAV36zxOAABz4_gG-XGLQKeK0wIDJ6A7AAWr4J35AAA=,Aprobado- Factura  -  FE32 - Radicado 191728 - MARIA PAULINA CARDONA BERMEO - 01-2025-327 TOYO T2 S1 - NA,dian_FE32.pdf,014d23180888b8fdd7e609d5e71c3fa8ffdba3b9c91c16842f9c2ab40914bca1453dc6938703c2ef1abace86710dcfd9,FE32,2025-02-21,FE32.zip,ok,OK_REGISTRADA,7,,27.522,7,7,CUFE|SUBJECT,
20260420_140658_d6ba5bd9,2026-04-20T14:39:00,AAMkADkwZmQ0YTA5LWE0M2MtNDk3Ni1hMzUzLTE0OTQxZDcwZWExMgBGAAAAAADJoyAzIWZBQakanooks8Z-BwBz4_gG-XGLQKeK0wIDJ6A7AAV36zxOAABz4_gG-XGLQKeK0wIDJ6A7AAWr4J34AAA=,Aprobado- Factura  -  FE346307 - Radicado 191666 - LABORATORIO CLINICO COLMEDICOS IPS SAS - 01-2025-327 TOYO T2 S1 - NA,ad08000491040712627094102.pdf,b296cd143f46ed4405027f09732371218a3fe102e6b1c7f45f39b0fa261acdbfa449390d13999577dc9851393079e116,FE346307,2026-03-01,ad08000491040712627094102.zip,ok,OK_REGISTRADA,7,,26.221,7,7,AIDX|SUBJECT,
20260420_140658_d6ba5bd9,2026-04-20T14:39:26,AAMkADkwZmQ0YTA5LWE0M2MtNDk3Ni1hMzUzLTE0OTQxZDcwZWExMgBGAAAAAADJoyAzIWZBQakanooks8Z-BwBz4_gG-XGLQKeK0wIDJ6A7AAV36zxOAABz4_gG-XGLQKeK0wIDJ6A7AAWr4J33AAA=,Aprobado- Factura  -  FE461 - Radicado 191731 - CONSULTORES E INTERVENTORES TECNICOS SAS - TM Av. 68 - NA,dian_FE461.pdf,1f93366552db06527cf7dac8246975e21851516ed0ebd311cad0960fb90a7507cf649754fdb80c05648c0ef8eec847b1,FE461,2025-10-01,FE461.zip,ok,OK_REGISTRADA,7,,25.447,7,7,CUFE|SUBJECT,
20260420_140658_d6ba5bd9,2026-04-20T14:39:50,AAMkADkwZmQ0YTA5LWE0M2MtNDk3Ni1hMzUzLTE0OTQxZDcwZWExMgBGAAAAAADJoyAzIWZBQakanooks8Z-BwBz4_gG-XGLQKeK0wIDJ6A7AAV36zxOAABz4_gG-XGLQKeK0wIDJ6A7AAWr4J32AAA=,Aprobado- Factura  -  FBE168742 - Radicado 191736 - LABORATORIO CLINICO COLMEDICOS IPS SAS - Joyco Consultores S.A.S. - NA,ad08000491040712644642976.pdf,05ae291bf367924e0c86f15ef25fe678ee68571040880fa36fd5eb8ab11fe393185974fc902b6aacba7eccb0ad9e062e,FBE168742,2026-03-01,ad08000491040712644642976.zip,ok,OK_REGISTRADA,7,,24.57,7,7,CUFE|SUBJECT,
20260420_140658_d6ba5bd9,2026-04-20T14:40:14,AAMkADkwZmQ0YTA5LWE0M2MtNDk3Ni1hMzUzLTE0OTQxZDcwZWExMgBGAAAAAADJoyAzIWZBQakanooks8Z-BwBz4_gG-XGLQKeK0wIDJ6A7AAV36zxOAABz4_gG-XGLQKeK0wIDJ6A7AAWr4J31AAA=,Aprobado- Factura  -  FE347664 - Radicado 191735 - LABORATORIO CLINICO COLMEDICOS IPS SAS - Joyco Consultores S.A.S. - NA,ad08000491040712692689712.pdf,9f6b1ba10a51aa90d35593ff45aa7b6ac0972cef76d7170b6bc53829402fa4325e8c2cfffb36197aed7998b14c0cb8c5,FE347664,2026-03-01,ad08000491040712692689712.zip,ok,OK_REGISTRADA,7,,23.766,7,7,CUFE|SUBJECT,
20260420_140658_d6ba5bd9,2026-04-20T14:40:38,AAMkADkwZmQ0YTA5LWE0M2MtNDk3Ni1hMzUzLTE0OTQxZDcwZWExMgBGAAAAAADJoyAzIWZBQakanooks8Z-BwBz4_gG-XGLQKeK0wIDJ6A7AAV36zxOAABz4_gG-XGLQKeK0wIDJ6A7AAWr4J30AAA=,Aprobado- Factura  -  FVEC 1299 - Radicado 191703 - SISTEMAS INTEGRALES EN SALUD OCUPACIONAL LTDA - Joyco Consultores S.A.S. - NA,fv083007220800826000000e0.pdf,6b1e1a427fe0b6bd20a6517abd77c26064f1cf469c131b08d02b131a6da94cfab4ecee80427bb38e0fcaa942bfb2ddbb,FVEC1299,2026-04-13,z083007220800826000000e0.zip,ok,OK_REGISTRADA,7,,24.333,7,7,AIDX|SUBJECT,
20260420_140658_d6ba5bd9,2026-04-20T14:40:59,AAMkADkwZmQ0YTA5LWE0M2MtNDk3Ni1hMzUzLTE0OTQxZDcwZWExMgBGAAAAAADJoyAzIWZBQakanooks8Z-BwBz4_gG-XGLQKeK0wIDJ6A7AAV36zxOAABz4_gG-XGLQKeK0wIDJ6A7AAWr4J3zAAA=,Aprobado- Factura  -  FE6125777 - Radicado 191528 - EMERMEDICA S.A - Joyco Consultores S.A.S. - NA,fv08001267850182602374193.pdf,7f399b22785e7e9c3be67f22a76ea492e81e587f66ba0d41e12cbf746635ab9c5ea9d932ba235520c0b13151170c187c,09-15681,2024-11-27,(PDF_APROBADAS_FALLBACK),ok_pdf_aprobadas_fallback,OK_REGISTRADA_FALLBACK_PDF,7,,21.056,7,7,PDF_APROBADAS|SUBJECT,
20260420_140658_d6ba5bd9,2026-04-20T14:41:24,AAMkADkwZmQ0YTA5LWE0M2MtNDk3Ni1hMzUzLTE0OTQxZDcwZWExMgBGAAAAAADJoyAzIWZBQakanooks8Z-BwBz4_gG-XGLQKeK0wIDJ6A7AAV36zxOAABz4_gG-XGLQKeK0wIDJ6A7AAWr4J3yAAA=,Aprobado- Factura  -  AFSV 1120 - Radicado 191734 - CONTRERAS NUVAN WILSON - AMV Caquetá - NA,fv00176407700082600000583.pdf,16e506e59043e6aa2b4f55c54fce7065eb2cf1f852fb6d0dd762d234d83ae9ee4c29036e0d4f6b55dcc9445422a3383c,AFSV1120,2026-04-14,z00176407700082600000583.zip,ok,OK_REGISTRADA,7,,25.089,7,7,CUFE|SUBJECT,
20260420_140658_d6ba5bd9,2026-04-20T14:41:51,AAMkADkwZmQ0YTA5LWE0M2MtNDk3Ni1hMzUzLTE0OTQxZDcwZWExMgBGAAAAAADJoyAzIWZBQakanooks8Z-BwBz4_gG-XGLQKeK0wIDJ6A7AAV36zxOAABz4_gG-XGLQKeK0wIDJ6A7AAWqlhL0AAA=,Aprobado- Factura  -  PR 2525 - Radicado 191717 - PRODUCTIVIDAPP SAS - Dirección administrativa y financiera -Tics - NA,fv09009658830082600000063.pdf,2b7746ad6396d5f7bcfdbe17da189b8bedbde3b4520262b273fb1516064805c1244a0840943c38255ce5782916749f98,PR2525,2026-05-13,z09009658830082600000063.zip,ok,OK_REGISTRADA,7,,26.247,7,7,CUFE|SUBJECT,
20260420_140658_d6ba5bd9,2026-04-20T14:42:10,AAMkADkwZmQ0YTA5LWE0M2MtNDk3Ni1hMzUzLTE0OTQxZDcwZWExMgBGAAAAAADJoyAzIWZBQakanooks8Z-BwBz4_gG-XGLQKeK0wIDJ6A7AAV36zxOAABz4_gG-XGLQKeK0wIDJ6A7AAWqlhLzAAA=,Aprobado- Factura  -  4049919824 - Radicado 191565 - GODADDY.COM LLC - Dirección administrativa y financiera -Tics - NA,Goodady.pdf,,4049919824,,(REGISTRO_MINIMO:sin_cufe_o_pdf_no_legible),ok_registro_minimo,REGISTRADA,7,,19.003,7,7,REGISTRO_MINIMO,sin_cufe_o_pdf_no_legible
20260420_140658_d6ba5bd9,2026-04-20T14:42:36,AAMkADkwZmQ0YTA5LWE0M2MtNDk3Ni1hMzUzLTE0OTQxZDcwZWExMgBGAAAAAADJoyAzIWZBQakanooks8Z-BwBz4_gG-XGLQKeK0wIDJ6A7AAV36zxOAABz4_gG-XGLQKeK0wIDJ6A7AAWqlhLyAAA=,Aprobado- Factura  -  ML11826 - Radicado 191628 - MCAD TRAINING & CONSULTING SAS - Red Férrea Atlántico - NA,ad09015102630442600000987.pdf,2034bd0701b7bb8fefb932a7da6d274b6ea44a7d637547fb608e3a556c727ce4b0e4af8d5a5c9f21601678795b92070b,ML11826,2023-12-14,z09015102630442600000987.zip,ok,OK_REGISTRADA,7,,26.215,7,7,AIDX|SUBJECT,
20260420_140658_d6ba5bd9,2026-04-20T14:42:55,AAMkADkwZmQ0YTA5LWE0M2MtNDk3Ni1hMzUzLTE0OTQxZDcwZWExMgBGAAAAAADJoyAzIWZBQakanooks8Z-BwBz4_gG-XGLQKeK0wIDJ6A7AAV36zxOAABz4_gG-XGLQKeK0wIDJ6A7AAWqlhLxAAA=,Aprobado- Factura  -  10149596 - Radicado 191727 - ACUEDUCTO AGUA Y ALCANTARILLADO DE BOGOTA - Dirección administrativa y financiera -Infraestructura - NA,RECIBO ACUEDOCTO.pdf,,10149596,,(REGISTRO_MINIMO:sin_cufe_o_pdf_no_legible),ok_registro_minimo,REGISTRADA,7,,18.879,7,7,REGISTRO_MINIMO,sin_cufe_o_pdf_no_legible
20260420_140658_d6ba5bd9,2026-04-20T14:43:22,AAMkADkwZmQ0YTA5LWE0M2MtNDk3Ni1hMzUzLTE0OTQxZDcwZWExMgBGAAAAAADJoyAzIWZBQakanooks8Z-BwBz4_gG-XGLQKeK0wIDJ6A7AAV36zxOAABz4_gG-XGLQKeK0wIDJ6A7AAWqlhLwAAA=,Aprobado- Factura  -  FEAC 25930 - Radicado 191709 - ALQUILER DE COMPUTADORES SAS - Dirección administrativa y financiera -Tics - NA,eadcade3-20fb-42dd-8733-79e883e1387b.pdf,42809e867134aedcb5e8d8b98cf7dae18d2423019306a4970e8c624dc86b3be816a2dae21aee34764801107fbced7487,FEAC25930,2026-05-14,ad09001901350352600000578.zip,ok,OK_REGISTRADA,7,,27.269,7,7,AIDX|SUBJECT,
20260420_140658_d6ba5bd9,2026-04-20T14:43:47,AAMkADkwZmQ0YTA5LWE0M2MtNDk3Ni1hMzUzLTE0OTQxZDcwZWExMgBGAAAAAADJoyAzIWZBQakanooks8Z-BwBz4_gG-XGLQKeK0wIDJ6A7AAV36zxOAABz4_gG-XGLQKeK0wIDJ6A7AAWqlhLvAAA=,Aprobado- Factura  -  FEGL2082 - Radicado 191659 - JOHANNA ANGEE RIAÑO - Transv. Libertador - NA,fv00668821300922600001347.pdf,7ae436da0976e2d5ed2aa6fde1a520868bc74d4005e2f0e04b59f2d84b46d9888a48777d7691c285140c1ef4929c92c2,FEGL2082,2026-03-03,z00668821300922600001347.zip,ok,OK_REGISTRADA,7,,24.567,7,7,AIDX|SUBJECT,
20260420_140658_d6ba5bd9,2026-04-20T14:44:12,AAMkADkwZmQ0YTA5LWE0M2MtNDk3Ni1hMzUzLTE0OTQxZDcwZWExMgBGAAAAAADJoyAzIWZBQakanooks8Z-BwBz4_gG-XGLQKeK0wIDJ6A7AAV36zxOAABz4_gG-XGLQKeK0wIDJ6A7AAWqlhLuAAA=,Aprobado- Factura  -  INT 189 - Radicado 191645 - INTECSA COLOMBIA INTERNACIONAL SAS - Red Férrea Atlántico - NA,fv09011151740082600000012.pdf,b682117202dd51487dac7f3bf9ce71372ff18cf8570016b9be6b5eb7344672c49a507848ed18bbc20366f91452817198,INT189,2026-05-09,z09011151740082600000012.zip,ok,OK_REGISTRADA,7,,25.038,7,7,AIDX|SUBJECT,
20260420_140658_d6ba5bd9,2026-04-20T14:44:36,AAMkADkwZmQ0YTA5LWE0M2MtNDk3Ni1hMzUzLTE0OTQxZDcwZWExMgBGAAAAAADJoyAzIWZBQakanooks8Z-BwBz4_gG-XGLQKeK0wIDJ6A7AAV36zxOAABz4_gG-XGLQKeK0wIDJ6A7AAWqlhLtAAA=,Aprobado- Factura  -  BEC518546240 - Radicado 191696 - COLOMBIA TELECOMUNICACIONES SA ESP - Red Férrea Atlántico - NA,RepGrafica_BEC518546240.pdf,e849d7c8cfd985466b2018bcb1c6010a2b637da8ce2b2c69bc8c006678af1f041c0afded6a342b78c38b76fc41b08998,BEC518546240,2025-10-21,6074328013.zip,ok,OK_REGISTRADA,7,,24.017,7,7,AIDX|SUBJECT,
20260420_140658_d6ba5bd9,2026-04-20T14:45:02,AAMkADkwZmQ0YTA5LWE0M2MtNDk3Ni1hMzUzLTE0OTQxZDcwZWExMgBGAAAAAADJoyAzIWZBQakanooks8Z-BwBz4_gG-XGLQKeK0wIDJ6A7AAV36zxOAABz4_gG-XGLQKeK0wIDJ6A7AAWjRsMXAAA=,Aprobado- Factura  -  257-76687 - Radicado 191554 - AGENCIA DE VIAJES Y TURISMO AVIATUR S.A.S - 01-2025-327 TOYO T2 S1 - NA,ad08600000180442600251187.pdf,b80aef82006b95a9ba6cfc994c09c26db4247cd7d21d2611432cf9408b1d91731cd995687534c90b2ecac596f2dca8e3,25776687,2025-09-19,z08600000180442600251187.zip,ok,OK_REGISTRADA,7,,25.872,7,7,AIDX|SUBJECT,
20260420_140658_d6ba5bd9,2026-04-20T14:45:25,AAMkADkwZmQ0YTA5LWE0M2MtNDk3Ni1hMzUzLTE0OTQxZDcwZWExMgBGAAAAAADJoyAzIWZBQakanooks8Z-BwBz4_gG-XGLQKeK0wIDJ6A7AAV36zxOAABz4_gG-XGLQKeK0wIDJ6A7AAWjRsMWAAA=,Aprobado- Factura  -  106-319295 - Radicado 191488 - AGENCIA DE VIAJES Y TURISMO AVIATUR S.A.S - Cartago - Calarcá - NA,ad08600000180442600242017.pdf,19fc790c994fb93b0c66ad6e70d7cf2fdd74684844ea9b6a4bf8c356d879aa72197efed0e2bfb99c49cf264998e54798,106319295,2025-06-16,z08600000180442600242017.zip,ok,OK_REGISTRADA,7,,23.855,7,7,AIDX|SUBJECT,
20260420_140658_d6ba5bd9,2026-04-20T14:45:50,AAMkADkwZmQ0YTA5LWE0M2MtNDk3Ni1hMzUzLTE0OTQxZDcwZWExMgBGAAAAAADJoyAzIWZBQakanooks8Z-BwBz4_gG-XGLQKeK0wIDJ6A7AAV36zxOAABz4_gG-XGLQKeK0wIDJ6A7AAWjRsMVAAA=,Aprobado- Factura  -  FE99 - Radicado 191670 - BOCANEGRA TALENT MANAGEMENT - Dirección administrativa y financiera -Compras - NA,Factura electronica de venta FE99.pdf,b3d9d02d98de006b8ea21ed725a8e6b3cf9e61c87327f618f691fcce57968f55b5fde6f69859475c50ba9f1ba29a6ef1,FE99,2026-04-10,z09013077570212600000099.zip,ok,OK_REGISTRADA,7,,25.035,7,7,AIDX|SUBJECT,
20260420_140658_d6ba5bd9,2026-04-20T14:46:19,AAMkADkwZmQ0YTA5LWE0M2MtNDk3Ni1hMzUzLTE0OTQxZDcwZWExMgBGAAAAAADJoyAzIWZBQakanooks8Z-BwBz4_gG-XGLQKeK0wIDJ6A7AAV36zxOAABz4_gG-XGLQKeK0wIDJ6A7AAWjRsMUAAA=,Aprobado- Factura  -  FE20692 - Radicado 191526 - EDIFICIO ELEMENTO PROPIEDAD HORIZONTAL - Dirección administrativa y financiera -Compras - NA,ad090103186301626000050d4.pdf,208d15cd40d09f9c8364d0fd68c721fa81dffb78c2209368688e1258f407350e9a6aa3c67dbe7dbcc8ab3046d42cafc4,FE20692,2026-02-03,z090103186301626000050d4.zip,ok,OK_REGISTRADA,7,,28.045,7,7,AIDX|SUBJECT,
20260420_140658_d6ba5bd9,2026-04-20T14:47:01,AAMkADkwZmQ0YTA5LWE0M2MtNDk3Ni1hMzUzLTE0OTQxZDcwZWExMgBGAAAAAADJoyAzIWZBQakanooks8Z-BwBz4_gG-XGLQKeK0wIDJ6A7AAV36zxOAABz4_gG-XGLQKeK0wIDJ6A7AAWjRsMTAAA=,Aprobado- Factura  -  FEA14 - Radicado 191493 - ALIS CRISTINA DIAZ BARRIOS - Pto. Gaitán – Pte. Arimena - NA,dian_FEA14.pdf,acc2d5d652884a76797551398a6a0943f4e139f01938d82caca547824c5435b9f805e16f0a93f5716080bd6bedb6b15d,FEA14,2025-11-04,FEA14.zip,ok,OK_REGISTRADA,7,,42.805,7,7,AIDX|SUBJECT,
20260420_140658_d6ba5bd9,2026-04-20T14:47:26,AAMkADkwZmQ0YTA5LWE0M2MtNDk3Ni1hMzUzLTE0OTQxZDcwZWExMgBGAAAAAADJoyAzIWZBQakanooks8Z-BwBz4_gG-XGLQKeK0wIDJ6A7AAV36zxOAABz4_gG-XGLQKeK0wIDJ6A7AAWjRsMSAAA=,Aprobado- Factura  -  ARR111912 - Radicado 191446 - VIVIENDAS Y VALORES SA - Cucutilla - Cornejo - NA,ad08905013570002600009557.pdf,912d31512fcda4482c8a94489f7fa04e6c737b44c301be774a62ab74fd694cd0101d1b6fd5553bc5eb5c7a978346038a,ARR111912,2025-11-28,z08905013570002600009557.zip,ok,OK_REGISTRADA,7,,25.01,7,7,AIDX|SUBJECT,
20260420_140658_d6ba5bd9,2026-04-20T14:47:54,AAMkADkwZmQ0YTA5LWE0M2MtNDk3Ni1hMzUzLTE0OTQxZDcwZWExMgBGAAAAAADJoyAzIWZBQakanooks8Z-BwBz4_gG-XGLQKeK0wIDJ6A7AAV36zxOAABz4_gG-XGLQKeK0wIDJ6A7AAWjRsMRAAA=,Aprobado- Factura  -  FEMA10210 - Radicado 191444 - DELGADO ECHEVERRI JUAN DAVID - Transv. Libertador - NA,191444.pdf,d2b9481147b25f48de7ffa4464d11404552a4e5b6f26ccd6775a43fdc38b87ce26e8c1f5f2d6b97e8bcbc11f62a56148,FEMA10210,2026-03-02,FEMA10210.zip,ok,OK_REGISTRADA,7,,27.278,7,7,AIDX|SUBJECT,
20260420_140658_d6ba5bd9,2026-04-20T14:48:33,AAMkADkwZmQ0YTA5LWE0M2MtNDk3Ni1hMzUzLTE0OTQxZDcwZWExMgBGAAAAAADJoyAzIWZBQakanooks8Z-BwBz4_gG-XGLQKeK0wIDJ6A7AAV36zxOAABz4_gG-XGLQKeK0wIDJ6A7AAWjRsMQAAA=,Aprobado- Factura  -  FEED-6231 - Radicado 191646 - EXTRA DOTACIONES SAS - 01-2025-327 TOYO T2 S1 - DIAN,FEED6231.pdf,1a2c64c91ff83b806db601586d19ad80fa3b139141a0d7c5d29845b97c59b664c9ff687bd4b34dee20773c93cc0d0d57,FEED-6231,2026-03-11,(PDF-ONLY) VALIDACIONES DIAN,ok_dian_pdf_only,DIAN_PDF_ONLY_REGISTRADA,7,,38.972,7,7,DIAN_PDF|SUBJECT,
20260420_140658_d6ba5bd9,2026-04-20T14:48:58,AAMkADkwZmQ0YTA5LWE0M2MtNDk3Ni1hMzUzLTE0OTQxZDcwZWExMgBGAAAAAADJoyAzIWZBQakanooks8Z-BwBz4_gG-XGLQKeK0wIDJ6A7AAV36zxOAABz4_gG-XGLQKeK0wIDJ6A7AAWjRsMPAAA=,Aprobado- Factura  -  FE 526 - Radicado 191625 - GONZALO ECHAVARRIA DIAZ - AMV Caquetá - NA,fv0079256717008260000001e.pdf,9db9d64a8df514a391201087473505c7b267100ff25fa94fad00e4de646eda8d5ece53826932c2ed5799bdd0902acf6e,FE526,2026-04-08,z0079256717008260000001e.zip,ok,OK_REGISTRADA,7,,25.879,7,7,AIDX|SUBJECT,
20260420_140658_d6ba5bd9,2026-04-20T14:49:26,AAMkADkwZmQ0YTA5LWE0M2MtNDk3Ni1hMzUzLTE0OTQxZDcwZWExMgBGAAAAAADJoyAzIWZBQakanooks8Z-BwBz4_gG-XGLQKeK0wIDJ6A7AAV36zxOAABz4_gG-XGLQKeK0wIDJ6A7AAWjRsMOAAA=,Aprobado- Factura  -  FE 525 - Radicado 191623 - GONZALO ECHAVARRIA DIAZ - AMV Caquetá - NA,fv0079256717008260000001d.pdf,510aa47fe1a3e9871ff47b52027dee9e1362e52e06c021687b87eda65168955625f5680f2d6a2efa409a4237218204eb,FE525,2026-04-08,z0079256717008260000001d.zip,ok,OK_REGISTRADA,7,,27.593,7,7,AIDX|SUBJECT,
20260420_140658_d6ba5bd9,2026-04-20T14:49:53,AAMkADkwZmQ0YTA5LWE0M2MtNDk3Ni1hMzUzLTE0OTQxZDcwZWExMgBGAAAAAADJoyAzIWZBQakanooks8Z-BwBz4_gG-XGLQKeK0wIDJ6A7AAV36zxOAABz4_gG-XGLQKeK0wIDJ6A7AAWjRsMNAAA=,Aprobado- Factura  -  CO745 - Radicado 191538 - CONSULOBRAS SAS - 01-2025-327 TOYO T2 S1 - NA,800060834_CO745.pdf,969cc964f330e691087df19d1c6638ad0d21d58f747f38d92333be84adfc0a24e99a6a6c5a1f002153f78742052872f8,24SS111B2009,2024-07-19,800060834_CO745.zip,ok,OK_REGISTRADA,7,,27.225,7,7,AIDX|SUBJECT,
20260420_140658_d6ba5bd9,2026-04-20T14:50:21,AAMkADkwZmQ0YTA5LWE0M2MtNDk3Ni1hMzUzLTE0OTQxZDcwZWExMgBGAAAAAADJoyAzIWZBQakanooks8Z-BwBz4_gG-XGLQKeK0wIDJ6A7AAV36zxOAABz4_gG-XGLQKeK0wIDJ6A7AAWjRsMMAAA=,Aprobado- Factura  -  FE18 - Radicado 191657 - GOMEZ ZAPATA RICARDO - Cartago - Calarcá - NA,ad00100010580002600000001.pdf,380e82fe71182bc392ac7ea28d03691778329bfee924e613d325bec9b3f063515ae54455e6f0f63d2cba04252c039cbd,FE18,2026-04-09,ad00100010580002600000001.zip,ok,OK_REGISTRADA,7,,27.248,7,7,AIDX|SUBJECT,
20260420_140658_d6ba5bd9,2026-04-20T14:50:46,AAMkADkwZmQ0YTA5LWE0M2MtNDk3Ni1hMzUzLTE0OTQxZDcwZWExMgBGAAAAAADJoyAzIWZBQakanooks8Z-BwBz4_gG-XGLQKeK0wIDJ6A7AAV36zxOAABz4_gG-XGLQKeK0wIDJ6A7AAWjRsMLAAA=,Aprobado- Factura  -  FV 14079 - Radicado 191599 - SOLUCIONES EN INGENIERIA AMBIENTAL Y SEGURIDAD EN EL TRABAJO SAS - 01-2025-327 TOYO T2 S1 - NA,fv090059698700826000002bb.pdf,c937089cd67e24962e7b5314356d038f458533ebd1174fc85cbe76e4d67e4580314ff021742ee626cb8095c3e2c30158,FV14079,2026-04-08,z090059698700826000002bb.zip,ok,OK_REGISTRADA,7,,25.657,7,7,AIDX|SUBJECT,
20260420_140658_d6ba5bd9,2026-04-20T14:51:13,AAMkADkwZmQ0YTA5LWE0M2MtNDk3Ni1hMzUzLTE0OTQxZDcwZWExMgBGAAAAAADJoyAzIWZBQakanooks8Z-BwBz4_gG-XGLQKeK0wIDJ6A7AAV36zxOAABz4_gG-XGLQKeK0wIDJ6A7AAWjRsMKAAA=,Aprobado- Factura  -  FE9141 - Radicado 191542 - ARREDONDO MADRID INGENIEROS CIVILES AIM S.A.S - 01-2025-327 TOYO T2 S1 - NA,fv089092912200826000000d5.pdf,719f53ac789a8957edf180141e89e5685c6c79e93c51f4d0d1549c4aa9cacd434624d619d63885f75e331e28eb1f51d0,FE9141,2024-07-03,z089092912200826000000d5.zip,ok,OK_REGISTRADA,7,,26.421,7,7,AIDX|SUBJECT,
20260420_140658_d6ba5bd9,2026-04-20T14:51:35,AAMkADkwZmQ0YTA5LWE0M2MtNDk3Ni1hMzUzLTE0OTQxZDcwZWExMgBGAAAAAADJoyAzIWZBQakanooks8Z-BwBz4_gG-XGLQKeK0wIDJ6A7AAV36zxOAABz4_gG-XGLQKeK0wIDJ6A7AAWjRsMJAAA=,Aprobado- Factura  -  2026001041840365318 - Radicado 191641 - ALCALDIA MAYOR DE BOGOTA DC - Reserva Ventura S.A.S. - NA,Predial Genova apto 501.pdf,aaabe2026adefcacdeed1caaa0175febdadecbeefacaeedafcadefeeca26011646220401facae2026001041840365318,2026001041840365318,2026-04-17,(PDF_APROBADAS_FALLBACK),ok_pdf_aprobadas_fallback,OK_REGISTRADA_FALLBACK_PDF,7,,22.612,7,7,PDF_APROBADAS|SUBJECT,
20260420_140658_d6ba5bd9,2026-04-20T14:51:57,AAMkADkwZmQ0YTA5LWE0M2MtNDk3Ni1hMzUzLTE0OTQxZDcwZWExMgBGAAAAAADJoyAzIWZBQakanooks8Z-BwBz4_gG-XGLQKeK0wIDJ6A7AAV36zxOAABz4_gG-XGLQKeK0wIDJ6A7AAWjRsMIAAA=,Aprobado- Factura  -  2026001041848188784 - Radicado 191640 - ALCALDIA MAYOR DE BOGOTA DC - Reserva Ventura S.A.S. - NA,Predial Elemento GJ 20.pdf,aaabe2026adefcacdeed1caaa0259bbdadecbeefacaeedafcadefeeca26012428569401facae2026001041848188784c,2026001041848188784,2026-04-17,(PDF_APROBADAS_FALLBACK),ok_pdf_aprobadas_fallback,OK_REGISTRADA_FALLBACK_PDF,7,,21.725,7,7,PDF_APROBADAS|SUBJECT,
20260420_140658_d6ba5bd9,2026-04-20T14:52:24,AAMkADkwZmQ0YTA5LWE0M2MtNDk3Ni1hMzUzLTE0OTQxZDcwZWExMgBGAAAAAADJoyAzIWZBQakanooks8Z-BwBz4_gG-XGLQKeK0wIDJ6A7AAV36zxOAABz4_gG-XGLQKeK0wIDJ6A7AAWjRsMHAAA=,Aprobado- Factura  -  2026001041843164984 - Radicado 191638 - ALCALDIA MAYOR DE BOGOTA DC - Reserva Ventura S.A.S. - NA,Predial El Jardin DP 123.pdf,aaabe2026adefcacdeed1caaa0224fbdadecbeefacaeedafcadefeeca26011926187401facae2026001041843164984c,2026001041843164984,2026-04-17,(PDF_APROBADAS_FALLBACK),ok_pdf_aprobadas_fallback,OK_REGISTRADA_FALLBACK_PDF,7,,27.02,7,7,PDF_APROBADAS|SUBJECT,
20260420_140658_d6ba5bd9,2026-04-20T14:52:46,AAMkADkwZmQ0YTA5LWE0M2MtNDk3Ni1hMzUzLTE0OTQxZDcwZWExMgBGAAAAAADJoyAzIWZBQakanooks8Z-BwBz4_gG-XGLQKeK0wIDJ6A7AAV36zxOAABz4_gG-XGLQKeK0wIDJ6A7AAWjRsMGAAA=,Aprobado- Factura  -  2026001041848183823 - Radicado 191637 - ALCALDIA MAYOR DE BOGOTA DC - Reserva Ventura S.A.S. - NA,Predial Elemento GJ 19.pdf,aaabe2026adefcacdeed1caaa0259bbdadecbeefacaeedafcadefeeca26012428073401facae2026001041848183823c,2026001041848183823,2026-04-17,(PDF_APROBADAS_FALLBACK),ok_pdf_aprobadas_fallback,OK_REGISTRADA_FALLBACK_PDF,7,,21.617,7,7,PDF_APROBADAS|SUBJECT,
20260420_140658_d6ba5bd9,2026-04-20T14:53:09,AAMkADkwZmQ0YTA5LWE0M2MtNDk3Ni1hMzUzLTE0OTQxZDcwZWExMgBGAAAAAADJoyAzIWZBQakanooks8Z-BwBz4_gG-XGLQKeK0wIDJ6A7AAV36zxOAABz4_gG-XGLQKeK0wIDJ6A7AAWjRsMFAAA=,Aprobado- Factura  -  10202600936701 - Radicado 191636 - SECRETARIA DE HACIENDA - Reserva Ventura S.A.S. - NA,Predial Chia oficina 309.pdf,ecbdeaeedafcad10202600936701ecaeeecdaaaaeeedaaca251750000000000040950900009060aeaeeacabaa5020808,10202600936701,2026-04-30,(PDF_APROBADAS_FALLBACK),ok_pdf_aprobadas_fallback,OK_REGISTRADA_FALLBACK_PDF,7,,23.441,7,7,PDF_APROBADAS|SUBJECT,
20260420_140658_d6ba5bd9,2026-04-20T14:53:32,AAMkADkwZmQ0YTA5LWE0M2MtNDk3Ni1hMzUzLTE0OTQxZDcwZWExMgBGAAAAAADJoyAzIWZBQakanooks8Z-BwBz4_gG-XGLQKeK0wIDJ6A7AAV36zxOAABz4_gG-XGLQKeK0wIDJ6A7AAWjRsMEAAA=,Aprobado- Factura  -  2026001041852680957 - Radicado 191635 - ALCALDIA MAYOR DE BOGOTA DC - Reserva Ventura S.A.S. - NA,Predial Elemento T3 OF 1503.pdf,aaabe2026adefcacdeed1caaa0259dbdadecbeefacaeedafcadefeeca26012877922401facae2026001041852680957c,2026001041852680957,2026-04-17,(PDF_APROBADAS_FALLBACK),ok_pdf_aprobadas_fallback,OK_REGISTRADA_FALLBACK_PDF,7,,23.251,7,7,PDF_APROBADAS|SUBJECT,
20260420_140658_d6ba5bd9,2026-04-20T14:54:02,AAMkADkwZmQ0YTA5LWE0M2MtNDk3Ni1hMzUzLTE0OTQxZDcwZWExMgBGAAAAAADJoyAzIWZBQakanooks8Z-BwBz4_gG-XGLQKeK0wIDJ6A7AAV36zxOAABz4_gG-XGLQKeK0wIDJ6A7AAWjRsMDAAA=,Aprobado- Factura  -  CO746 - Radicado 191540 - CONSULOBRAS SAS - Cartago - Calarcá - NA,800060834_CO746.pdf,2a60eb7d9aa532b3bf0a9aa7e52583ac4e48371ec89a4d1417ae845a1a3d4a20b3f9dc7f0f5f1cd8d5a0d1fa5c266d20,CO746,2024-07-19,800060834_CO746.zip,ok,OK_REGISTRADA,7,,29.532,7,7,AIDX|SUBJECT,
20260420_140658_d6ba5bd9,2026-04-20T14:54:26,AAMkADkwZmQ0YTA5LWE0M2MtNDk3Ni1hMzUzLTE0OTQxZDcwZWExMgBGAAAAAADJoyAzIWZBQakanooks8Z-BwBz4_gG-XGLQKeK0wIDJ6A7AAV36zxOAABz4_gG-XGLQKeK0wIDJ6A7AAWjRsMCAAA=,Aprobado- Factura  -  2026001041848191971 - Radicado 191634 - ALCALDIA MAYOR DE BOGOTA DC - Reserva Ventura S.A.S. - NA,Predial Elemento GJ 22.pdf,aaabe2026adefcacdeed1caaa0259bfbdadecbeefacaeedafcadefeeca26012428888401facae2026001041848191971,2026001041848191971,2026-04-17,(PDF_APROBADAS_FALLBACK),ok_pdf_aprobadas_fallback,OK_REGISTRADA_FALLBACK_PDF,7,,23.756,7,7,PDF_APROBADAS|SUBJECT,
20260420_140658_d6ba5bd9,2026-04-20T14:54:49,AAMkADkwZmQ0YTA5LWE0M2MtNDk3Ni1hMzUzLTE0OTQxZDcwZWExMgBGAAAAAADJoyAzIWZBQakanooks8Z-BwBz4_gG-XGLQKeK0wIDJ6A7AAV36zxOAABz4_gG-XGLQKeK0wIDJ6A7AAWjRsMBAAA=,Aprobado- Factura  -  2026001041848176579 - Radicado 191633 - ALCALDIA MAYOR DE BOGOTA DC - Reserva Ventura S.A.S. - NA,Predial Elemento GJ 18.pdf,aaabe2026adefcacdeed1caaa0259bfbdadecbeefacaeedafcadefeeca26012427348401facae2026001041848176579,2026001041848176579,2026-04-17,(PDF_APROBADAS_FALLBACK),ok_pdf_aprobadas_fallback,OK_REGISTRADA_FALLBACK_PDF,7,,23.872,7,7,PDF_APROBADAS|SUBJECT,
20260420_140658_d6ba5bd9,2026-04-20T14:55:11,AAMkADkwZmQ0YTA5LWE0M2MtNDk3Ni1hMzUzLTE0OTQxZDcwZWExMgBGAAAAAADJoyAzIWZBQakanooks8Z-BwBz4_gG-XGLQKeK0wIDJ6A7AAV36zxOAABz4_gG-XGLQKeK0wIDJ6A7AAWjRsMAAAA=,Aprobado- Factura  -  2026001041842973682 - Radicado 191632 - ALCALDIA MAYOR DE BOGOTA DC - Reserva Ventura S.A.S. - NA,Predial El Jardin apto 903.pdf,aaabe2026adefcacdeed1caaa0224febdadecbeefacaeedafcadefeeca26011907057401facae2026001041842973682,2026001041842973682,2026-04-17,(PDF_APROBADAS_FALLBACK),ok_pdf_aprobadas_fallback,OK_REGISTRADA_FALLBACK_PDF,7,,21.793,7,7,PDF_APROBADAS|SUBJECT,
20260420_140658_d6ba5bd9,2026-04-20T14:55:35,AAMkADkwZmQ0YTA5LWE0M2MtNDk3Ni1hMzUzLTE0OTQxZDcwZWExMgBGAAAAAADJoyAzIWZBQakanooks8Z-BwBz4_gG-XGLQKeK0wIDJ6A7AAV36zxOAABz4_gG-XGLQKeK0wIDJ6A7AAWjRsL-AAA=,Aprobado- Factura  -  2026001041848175398 - Radicado 191631 - ALCALDIA MAYOR DE BOGOTA DC - Reserva Ventura S.A.S. - NA,Predial Elemento GJ 17.pdf,aaabe2026adefcacdeed1caaa0259bebdadecbeefacaeedafcadefeeca26012427230401facae2026001041848175398,2026001041848175398,2026-04-17,(PDF_APROBADAS_FALLBACK),ok_pdf_aprobadas_fallback,OK_REGISTRADA_FALLBACK_PDF,7,,23.534,7,7,PDF_APROBADAS|SUBJECT,
20260420_140658_d6ba5bd9,2026-04-20T14:55:56,AAMkADkwZmQ0YTA5LWE0M2MtNDk3Ni1hMzUzLTE0OTQxZDcwZWExMgBGAAAAAADJoyAzIWZBQakanooks8Z-BwBz4_gG-XGLQKeK0wIDJ6A7AAV36zxOAABz4_gG-XGLQKeK0wIDJ6A7AAWjRsL_AAA=,Aprobado- Factura  -  2026001041828374857 - Radicado 191629 - ALCALDIA MAYOR DE BOGOTA DC - Reserva Ventura S.A.S. - NA,Predial la Esmeralda.pdf,aaabe2026adefcacdeed1caaa0055bbdadecbeefacaeedafcadefeeca26010447174401facae2026001041828374857c,2026001041828374857,2026-04-17,(PDF_APROBADAS_FALLBACK),ok_pdf_aprobadas_fallback,OK_REGISTRADA_FALLBACK_PDF,7,,21.423,7,7,PDF_APROBADAS|SUBJECT,
20260420_140658_d6ba5bd9,2026-04-20T14:57:31,AAMkADkwZmQ0YTA5LWE0M2MtNDk3Ni1hMzUzLTE0OTQxZDcwZWExMgBGAAAAAADJoyAzIWZBQakanooks8Z-BwBz4_gG-XGLQKeK0wIDJ6A7AAV36zxOAABz4_gG-XGLQKeK0wIDJ6A7AAWjRsL9AAA=,Aprobado- Factura  -  FEN-1174 - Radicado 191614 - BBHH ESTRUCTURACION Y ADMINISTRACION DE NEGOCIOS SAS - TM Av. 68 - DIAN,04da42dc5d7750f9fe26af5da3993e3a22c2e84778ed447be9f67573004f3ab38ddb2ff473fcb6872fc335a544c2cf59.pdf,04da42dc5d7750f9fe26af5da3993e3a22c2e84778ed447be9f67573004f3ab38ddb2ff473fcb6872fc335a544c2cf59,FEN-1174,2026-04-08,(PDF_APROBADAS_FALLBACK),ok_pdf_aprobadas_fallback,OK_REGISTRADA_FALLBACK_PDF,7,,94.758,7,7,PDF_APROBADAS|SUBJECT,
20260420_140658_d6ba5bd9,2026-04-20T14:58:01,AAMkADkwZmQ0YTA5LWE0M2MtNDk3Ni1hMzUzLTE0OTQxZDcwZWExMgBGAAAAAADJoyAzIWZBQakanooks8Z-BwBz4_gG-XGLQKeK0wIDJ6A7AAV36zxOAABz4_gG-XGLQKeK0wIDJ6A7AAWjRsL8AAA=,Aprobado- Factura  -  FE 2018 - Radicado 191374 - SERVICIOS LOGISTICOS DE INGENIERIA SAS - FAC - Pto. Salgar - NA,fv0900723023008260000005e.pdf,ee9c941bae508a1262c8e649ced3f54aa79e14c79b411f5686929bfeccc59756d3826f67905d0e8bc8b51cea062aa3ef,FE2018,2026-03-27,z0900723023008260000005e.zip,ok,OK_REGISTRADA,7,,30.103,7,7,AIDX|SUBJECT,
20260420_140658_d6ba5bd9,2026-04-20T14:58:32,AAMkADkwZmQ0YTA5LWE0M2MtNDk3Ni1hMzUzLTE0OTQxZDcwZWExMgBGAAAAAADJoyAzIWZBQakanooks8Z-BwBz4_gG-XGLQKeK0wIDJ6A7AAV36zxOAABz4_gG-XGLQKeK0wIDJ6A7AAWjRsL7AAA=,Aprobado- Factura  -  POL16170723 - Radicado 191522 - COMPANIA DE SEGUROS BOLIVAR S.A - Joyco Consultores S.A.S. - NA,ad086000250302726539820260406170623171.pdf,c1ec1471457267de5f2a6880f48083d0553f837abc275cda15c5e580514fa6e7577cbbceffda0c7f0b8f06ff97573f2e,POL16170723,2025-08-21,ad086000250302726539820260406170623171.zip,ok,OK_REGISTRADA,7,,30.562,7,7,AIDX|SUBJECT,
20260420_140658_d6ba5bd9,2026-04-20T14:59:02,AAMkADkwZmQ0YTA5LWE0M2MtNDk3Ni1hMzUzLTE0OTQxZDcwZWExMgBGAAAAAADJoyAzIWZBQakanooks8Z-BwBz4_gG-XGLQKeK0wIDJ6A7AAV36zxOAABz4_gG-XGLQKeK0wIDJ6A7AAWjRsL6AAA=,Aprobado- Factura  -  FE341861 - Radicado 191151 - LABORATORIO CLINICO COLMEDICOS IPS SAS - Cesar Red Terciaria - NA,FE341861.pdf,e1bfd59293633ad7a742964813abde000d11c11c9e09a3abc72bf417f87ec2dea3f6f10eafd3a6a9d3b672a1caecc914,FE341861,2026-02-09,ad08000491040712627088975.zip,ok,OK_REGISTRADA,7,,30.024,7,7,AIDX|SUBJECT,
20260420_140658_d6ba5bd9,2026-04-20T14:59:27,AAMkADkwZmQ0YTA5LWE0M2MtNDk3Ni1hMzUzLTE0OTQxZDcwZWExMgBGAAAAAADJoyAzIWZBQakanooks8Z-BwBz4_gG-XGLQKeK0wIDJ6A7AAV36zxOAABz4_gG-XGLQKeK0wIDJ6A7AAWjRsL5AAA=,Aprobado- Factura  -  FBE165263 - Radicado 191149 - LABORATORIO CLINICO COLMEDICOS IPS SAS - Joyco Consultores S.A.S. - NA,ad08000491040712632008336.pdf,7b8cfe75951ad52954bcaeeb82dcfd2e3e6776544d37d222e16b5987431a62224dcc54e3aced254c971ab570330b4960,FBE165263,2026-02-01,ad08000491040712632008336.zip,ok,OK_REGISTRADA,7,,25.018,7,7,AIDX|SUBJECT,
20260420_140658_d6ba5bd9,2026-04-20T14:59:46,AAMkADkwZmQ0YTA5LWE0M2MtNDk3Ni1hMzUzLTE0OTQxZDcwZWExMgBGAAAAAADJoyAzIWZBQakanooks8Z-BwBz4_gG-XGLQKeK0wIDJ6A7AAV36zxOAABz4_gG-XGLQKeK0wIDJ6A7AAWjRsL4AAA=,Aprobado- Factura  -  I6C6131515 - Radicado 191592 - D1 SAS - Cucutilla - Cornejo - NA,fv090027696202126I6C6131515.pdf,,I6,2026-04-08,(REGISTRO_MINIMO:match_zip_sin_filas),ok_registro_minimo,REGISTRADA,7,,19.592,7,7,REGISTRO_MINIMO,match_zip_sin_filas
20260420_140658_d6ba5bd9,2026-04-20T15:00:14,AAMkADkwZmQ0YTA5LWE0M2MtNDk3Ni1hMzUzLTE0OTQxZDcwZWExMgBGAAAAAADJoyAzIWZBQakanooks8Z-BwBz4_gG-XGLQKeK0wIDJ6A7AAV36zxOAABz4_gG-XGLQKeK0wIDJ6A7AAWjRsL3AAA=,Aprobado- Factura  -  CO0990000298 - Radicado 191601 - INSTITUTO COLOMBIANO DE NORMAS TECNICAS Y CERTIFICACION ICONTEC - Gestión Integrada - NA,ad08600123360102601666981.pdf,ab6d572ac85c1ed3c22ecbb6a835dacdfb704f52ffd0ed5b9a4af648a04cbcc6e4aadd56125216815a0594dd27683b07,CO0990000298,2025-02-18,z08600123360102601666981.zip,ok,OK_REGISTRADA,7,,27.753,7,7,AIDX|SUBJECT,
20260420_140658_d6ba5bd9,2026-04-20T15:00:42,AAMkADkwZmQ0YTA5LWE0M2MtNDk3Ni1hMzUzLTE0OTQxZDcwZWExMgBGAAAAAADJoyAzIWZBQakanooks8Z-BwBz4_gG-XGLQKeK0wIDJ6A7AAV36zxOAABz4_gG-XGLQKeK0wIDJ6A7AAWjRsL2AAA=,Aprobado- Factura  -  F19955 - Radicado 191590 - FERREVARIEDADES EL DESVARE - Dirección administrativa y financiera -Compras - NA,Representación Gráfica Factura Electrónica de venta #F19955.pdf,c2bd79a164959664c13cd05a66791e228200e8ccaf3ef546865da279a83a00097591b3550b906a9f6fdfe362f8974c70,F19955,2025-12-11,z0522429490002600007692.zip,ok,OK_REGISTRADA,7,,27.736,7,7,AIDX|SUBJECT,
20260420_140658_d6ba5bd9,2026-04-20T15:01:10,AAMkADkwZmQ0YTA5LWE0M2MtNDk3Ni1hMzUzLTE0OTQxZDcwZWExMgBGAAAAAADJoyAzIWZBQakanooks8Z-BwBz4_gG-XGLQKeK0wIDJ6A7AAV36zxOAABz4_gG-XGLQKeK0wIDJ6A7AAWjRsL1AAA=,Aprobado- Factura  -  SVIT 33377 - Radicado 191425 - SURFLINK SAS - AMV Caquetá - NA,fv09017980420082600003983.pdf,8dd414eab4ffa9afcc4b87ffd5d99f38aad172ae9af1dc07e2d32cc5c9494664ab4fe357a1a409ea4092f809a7fafa7d,SVIT33377,2026-04-01,z09017980420082600003983.zip,ok,OK_REGISTRADA,7,,28.329,7,7,AIDX|SUBJECT,
20260420_140658_d6ba5bd9,2026-04-20T15:01:56,AAMkADkwZmQ0YTA5LWE0M2MtNDk3Ni1hMzUzLTE0OTQxZDcwZWExMgBGAAAAAADJoyAzIWZBQakanooks8Z-BwBz4_gG-XGLQKeK0wIDJ6A7AAV36zxOAABz4_gG-XGLQKeK0wIDJ6A7AAWjRsL0AAA=,Aprobado- Factura  -  AFSV 1046 - Radicado 191588 - CONTRERAS NUVAN WILSON - AMV Caquetá - NA,fv00176407700082600000529.pdf,11945f0ee6238365fa681fdfc6091ce7412fa0550aee52f1c808eece43048e5b38e804c1e19c5ce7e1134369bbac3b1e,AFSV1046,2026-04-08,z00176407700082600000529.zip,ok,OK_REGISTRADA,7,,46.084,7,7,AIDX|SUBJECT,
20260420_140658_d6ba5bd9,2026-04-20T15:02:25,AAMkADkwZmQ0YTA5LWE0M2MtNDk3Ni1hMzUzLTE0OTQxZDcwZWExMgBGAAAAAADJoyAzIWZBQakanooks8Z-BwBz4_gG-XGLQKeK0wIDJ6A7AAV36zxOAABz4_gG-XGLQKeK0wIDJ6A7AAWjRsLzAAA=,Aprobado- Factura  -  EH 61593 - Radicado 191563 - ERGO & HEALTH SAS - 328 SC_FDT_DAMASO - NA,a8e8b452-f037-4480-8b00-76a8e92ae115.pdf,9ae013433429b61f02052693edc55d4a28880ee9a48a309daa8f0266746592c882ed31f48f841ed13904ecef92ae938c,EH61593,2026-10-31,a8e8b452-f037-4480-8b00-76a8e92ae115.zip,ok,OK_REGISTRADA,7,,28.426,7,7,AIDX|SUBJECT,
20260420_140658_d6ba5bd9,2026-04-20T15:02:54,AAMkADkwZmQ0YTA5LWE0M2MtNDk3Ni1hMzUzLTE0OTQxZDcwZWExMgBGAAAAAADJoyAzIWZBQakanooks8Z-BwBz4_gG-XGLQKeK0wIDJ6A7AAV36zxOAABz4_gG-XGLQKeK0wIDJ6A7AAWjRsLyAAA=,Aprobado- Factura  -  EH 61592 - Radicado 191562 - ERGO & HEALTH SAS - 01-2025-327 TOYO T2 S1 - NA,cc2979b3-7eae-4b8d-a5fe-ae45cc0b7ddf.pdf,20c70954d59f31c5b5107d409f21b4530716d6071757f48b3869fbed38f1a46d4b3e80bd7a11d622d58835d4d4d07743,EH61592,2026-10-31,cc2979b3-7eae-4b8d-a5fe-ae45cc0b7ddf.zip,ok,OK_REGISTRADA,7,,29.136,7,7,AIDX|SUBJECT,
20260420_140658_d6ba5bd9,2026-04-20T15:03:23,AAMkADkwZmQ0YTA5LWE0M2MtNDk3Ni1hMzUzLTE0OTQxZDcwZWExMgBGAAAAAADJoyAzIWZBQakanooks8Z-BwBz4_gG-XGLQKeK0wIDJ6A7AAV36zxOAABz4_gG-XGLQKeK0wIDJ6A7AAWjRsLxAAA=,Aprobado- Factura  -  EH 61591 - Radicado 191561 - ERGO & HEALTH SAS - TM Av. 68 - NA,05cb2ced-aeea-400e-bf4c-659c14d467cd.pdf,f7a41446d7e2dfac9a02a1af327ee31a62ab87ecaa2ef0d6902e529ea36783f3fd4c7b30b241dac79c248752c8ef55f6,EH61591,2026-10-31,05cb2ced-aeea-400e-bf4c-659c14d467cd.zip,ok,OK_REGISTRADA,7,,29.241,7,7,AIDX|SUBJECT,
20260420_140658_d6ba5bd9,2026-04-20T15:03:53,AAMkADkwZmQ0YTA5LWE0M2MtNDk3Ni1hMzUzLTE0OTQxZDcwZWExMgBGAAAAAADJoyAzIWZBQakanooks8Z-BwBz4_gG-XGLQKeK0wIDJ6A7AAV36zxOAABz4_gG-XGLQKeK0wIDJ6A7AAWjRsLwAAA=,Aprobado- Factura  -  EH 61590 - Radicado 191560 - ERGO & HEALTH SAS - Transv. Libertador - NA,1b907fbb-e4eb-4917-9ea6-31434ab809ff.pdf,10a5860f5e33e5cd2c1a626924e3351d59d9a0d43198b99c48dc4868b5957c5e6b57e5298149b8923436aa54f78dca36,EH61590,2026-10-31,1b907fbb-e4eb-4917-9ea6-31434ab809ff.zip,ok,OK_REGISTRADA,7,,30.035,7,7,AIDX|SUBJECT,
20260420_140658_d6ba5bd9,2026-04-20T15:04:23,AAMkADkwZmQ0YTA5LWE0M2MtNDk3Ni1hMzUzLTE0OTQxZDcwZWExMgBGAAAAAADJoyAzIWZBQakanooks8Z-BwBz4_gG-XGLQKeK0wIDJ6A7AAV36zxOAABz4_gG-XGLQKeK0wIDJ6A7AAWjRsLvAAA=,Aprobado- Factura  -  EH 61589 - Radicado 191559 - ERGO & HEALTH SAS - Red Férrea Atlántico - NA,aa31ba93-7099-4dab-abda-0b0a00e87da2.pdf,ce05ddc6b055a42e1d9754c15447eec987a3dc7a3dd74870df342e2dada45653b24c699e6433bb59ff5931bce667da26,EH61589,2026-10-31,aa31ba93-7099-4dab-abda-0b0a00e87da2.zip,ok,OK_REGISTRADA,7,,29.823,7,7,AIDX|SUBJECT,
20260420_140658_d6ba5bd9,2026-04-20T15:04:53,AAMkADkwZmQ0YTA5LWE0M2MtNDk3Ni1hMzUzLTE0OTQxZDcwZWExMgBGAAAAAADJoyAzIWZBQakanooks8Z-BwBz4_gG-XGLQKeK0wIDJ6A7AAV36zxOAABz4_gG-XGLQKeK0wIDJ6A7AAWjRsLuAAA=,Aprobado- Factura  -  EH 61588 - Radicado 191558 - ERGO & HEALTH SAS - Pto. Gaitán – Pte. Arimena - NA,1e7ba900-614a-4d9e-96b4-7bd7711cc1c4.pdf,5ef543e3c9ff377a522679162189a0dd325e0ea57eab768c9f7dca36442975dc7da07f0096bd17cc5cafc051318116eb,EH61588,2026-10-31,1e7ba900-614a-4d9e-96b4-7bd7711cc1c4.zip,ok,OK_REGISTRADA,7,,30.532,7,7,AIDX|SUBJECT,
20260420_140658_d6ba5bd9,2026-04-20T15:05:25,AAMkADkwZmQ0YTA5LWE0M2MtNDk3Ni1hMzUzLTE0OTQxZDcwZWExMgBGAAAAAADJoyAzIWZBQakanooks8Z-BwBz4_gG-XGLQKeK0wIDJ6A7AAV36zxOAABz4_gG-XGLQKeK0wIDJ6A7AAWjRsLtAAA=,Aprobado- Factura  -  EH 61587 - Radicado 191557 - ERGO & HEALTH SAS - Cucutilla - Cornejo - NA,10af3f61-e5c4-429d-94fd-94724f209b4f.pdf,0db8f027b12951de524140ecc0f46547f1a3b405a25701c608cae4ed15cd3555d53a20dbe515359a2dd3ca87548e9d99,EH61587,2026-10-31,10af3f61-e5c4-429d-94fd-94724f209b4f.zip,ok,OK_REGISTRADA,7,,31.489,7,7,AIDX|SUBJECT,
20260420_140658_d6ba5bd9,2026-04-20T15:05:55,AAMkADkwZmQ0YTA5LWE0M2MtNDk3Ni1hMzUzLTE0OTQxZDcwZWExMgBGAAAAAADJoyAzIWZBQakanooks8Z-BwBz4_gG-XGLQKeK0wIDJ6A7AAV36zxOAABz4_gG-XGLQKeK0wIDJ6A7AAWjRsLsAAA=,Aprobado- Factura  -  EH 61586 - Radicado 191556 - ERGO & HEALTH SAS - Cartago - Calarcá - NA,de68ff95-7ca4-40ff-b399-01395b6342bc.pdf,5056722552a7904661af9279c34ffcfe5a69bfff51d2fecf0f69a9fde9ec15caeb2fff2ad6a8b64b03dbf8c1670d73f4,EH61586,2026-10-31,de68ff95-7ca4-40ff-b399-01395b6342bc.zip,ok,OK_REGISTRADA,7,,29.958,7,7,AIDX|SUBJECT,
20260420_140658_d6ba5bd9,2026-04-20T15:06:27,AAMkADkwZmQ0YTA5LWE0M2MtNDk3Ni1hMzUzLTE0OTQxZDcwZWExMgBGAAAAAADJoyAzIWZBQakanooks8Z-BwBz4_gG-XGLQKeK0wIDJ6A7AAV36zxOAABz4_gG-XGLQKeK0wIDJ6A7AAWjRsLrAAA=,Aprobado- Factura  -  EH 61585 - Radicado 191555 - ERGO & HEALTH SAS - Dirección administrativa y financiera -Compras - NA,52455453-940d-44ed-b599-25e68f0d2e33.pdf,7410a5ed5163ee85aa798403d77f9d54ecd33a803cc68c5eafb5f321d2bf2be08bb7b768923f4f7c3f172b7a523d5752,EH61585,2026-10-31,52455453-940d-44ed-b599-25e68f0d2e33.zip,ok,OK_REGISTRADA,7,,31.77,7,7,AIDX|SUBJECT,
20260420_140658_d6ba5bd9,2026-04-20T15:06:57,AAMkADkwZmQ0YTA5LWE0M2MtNDk3Ni1hMzUzLTE0OTQxZDcwZWExMgBGAAAAAADJoyAzIWZBQakanooks8Z-BwBz4_gG-XGLQKeK0wIDJ6A7AAV36zxOAABz4_gG-XGLQKeK0wIDJ6A7AAWjRsLqAAA=,Aprobado- Factura  -  EN 10031 - Radicado 191550 - ENSAFE SAS - Dirección administrativa y financiera -Compras - NA,de5ef2bf-1be9-4f9d-9131-3d90dd9a1071.pdf,aaad2d850f2594d4bb7052f61de767364a3ea0c568cef1a01bbec93cdfcbabf5ed91cddcd14bf77617e0147a3f5f4f5b,EN10031,2026-04-07,de5ef2bf-1be9-4f9d-9131-3d90dd9a1071.zip,ok,OK_REGISTRADA,7,,30.791,7,7,AIDX|SUBJECT,
20260420_140658_d6ba5bd9,2026-04-20T15:07:26,AAMkADkwZmQ0YTA5LWE0M2MtNDk3Ni1hMzUzLTE0OTQxZDcwZWExMgBGAAAAAADJoyAzIWZBQakanooks8Z-BwBz4_gG-XGLQKeK0wIDJ6A7AAV36zxOAABz4_gG-XGLQKeK0wIDJ6A7AAWjRsLpAAA=,Aprobado- Factura  -  EN 10030 - Radicado 191549 - ENSAFE SAS - 01-2025-327 TOYO T2 S1 - NA,20add561-24c1-4cc9-a645-edd24e817d2a.pdf,d0f0f3a11efce541bf03f0b7386c67a5c064e9d0215509d40b0598932cb6a501e4a8d58be5f557fde49f48e3c6ccaf17,EN10030,2026-04-07,20add561-24c1-4cc9-a645-edd24e817d2a.zip,ok,OK_REGISTRADA,7,,28.911,7,7,AIDX|SUBJECT,
20260420_140658_d6ba5bd9,2026-04-20T15:07:56,AAMkADkwZmQ0YTA5LWE0M2MtNDk3Ni1hMzUzLTE0OTQxZDcwZWExMgBGAAAAAADJoyAzIWZBQakanooks8Z-BwBz4_gG-XGLQKeK0wIDJ6A7AAV36zxOAABz4_gG-XGLQKeK0wIDJ6A7AAWjRsLoAAA=,Aprobado- Factura  -  EN 10029 - Radicado 191548 - ENSAFE SAS - Pto. Gaitán – Pte. Arimena - NA,fecca748-e282-4840-8eba-d729a3d5ed92.pdf,a23c0cd46d6da8f56316c96e6f22c6d30443f39f927477f40c44e36fee36039e0c26e8ed7e5a4fab0933164992f9a053,EN10029,2026-04-07,fecca748-e282-4840-8eba-d729a3d5ed92.zip,ok,OK_REGISTRADA,7,,29.519,7,7,AIDX|SUBJECT,
20260420_140658_d6ba5bd9,2026-04-20T15:08:24,AAMkADkwZmQ0YTA5LWE0M2MtNDk3Ni1hMzUzLTE0OTQxZDcwZWExMgBGAAAAAADJoyAzIWZBQakanooks8Z-BwBz4_gG-XGLQKeK0wIDJ6A7AAV36zxOAABz4_gG-XGLQKeK0wIDJ6A7AAWjRsLnAAA=,Aprobado- Factura  -  EN 10028 - Radicado 191547 - ENSAFE SAS - Dirección administrativa y financiera -Compras - NA,10dbf505-7da1-4362-a7cd-fa4aa0765627.pdf,0cef4984dde185587f3426ca03110f537c802a31cb29d6251dea000b075e2c67df0030842ffd0e3bd0325b144e1583ef,EN10028,2026-04-07,10dbf505-7da1-4362-a7cd-fa4aa0765627.zip,ok,OK_REGISTRADA,7,,28.123,7,7,AIDX|SUBJECT,
20260420_140658_d6ba5bd9,2026-04-20T15:08:54,AAMkADkwZmQ0YTA5LWE0M2MtNDk3Ni1hMzUzLTE0OTQxZDcwZWExMgBGAAAAAADJoyAzIWZBQakanooks8Z-BwBz4_gG-XGLQKeK0wIDJ6A7AAV36zxOAABz4_gG-XGLQKeK0wIDJ6A7AAWjRsLmAAA=,Aprobado- Factura  -  EN 10027 - Radicado 191541 - ENSAFE SAS - Dirección administrativa y financiera -Compras - NA,6797d572-5fea-4197-bd91-375a7ab27779.pdf,a01830741107c713d531cc2d557f812af99451dc7935fa0dc098d36adcac3411026aec1d9fadcad608d2d83da8128986,EN10027,2026-04-07,6797d572-5fea-4197-bd91-375a7ab27779.zip,ok,OK_REGISTRADA,7,,29.633,7,7,AIDX|SUBJECT,
20260420_140658_d6ba5bd9,2026-04-20T15:09:19,AAMkADkwZmQ0YTA5LWE0M2MtNDk3Ni1hMzUzLTE0OTQxZDcwZWExMgBGAAAAAADJoyAzIWZBQakanooks8Z-BwBz4_gG-XGLQKeK0wIDJ6A7AAV36zxOAABz4_gG-XGLQKeK0wIDJ6A7AAWjRsLlAAA=,Aprobado- Factura  -  8009100349873 - Radicado 191520 - SODIMAC COLOMBIA SA - Dirección administrativa y financiera -Compras - NA,Factura_electrónica_8009100349873.pdf,dc1c0467a2a1d008d89dd443c8cdd3456f23b7e78c3fe75a5f08d766fbc2566aa57e85a6688ba5702c7a9db5aede5294,8009100349873,2026-03-26,(PDF_APROBADAS_FALLBACK),ok_pdf_aprobadas_fallback,OK_REGISTRADA_FALLBACK_PDF,7,,25.269,7,7,PDF_APROBADAS|SUBJECT,
20260420_140658_d6ba5bd9,2026-04-20T15:09:45,AAMkADkwZmQ0YTA5LWE0M2MtNDk3Ni1hMzUzLTE0OTQxZDcwZWExMgBGAAAAAADJoyAzIWZBQakanooks8Z-BwBz4_gG-XGLQKeK0wIDJ6A7AAV36zxOAABz4_gG-XGLQKeK0wIDJ6A7AAWjRsLkAAA=,Aprobado- Factura  -  EEC 8144 - Radicado 191498 - INDUSTRIA DE ESTUFAS CONTINENTAL - Pto. Gaitán – Pte. Arimena - NA,FACTEEC000008144.PDF,c00b73ff16a996b98190dbf6da9fddcae055dfb7fefd985f8df52aa031cbcf69d605015f686d10ac9ea5a23c03fb3b25,EEC8144,2026-03-27,(PDF_APROBADAS_FALLBACK),ok_pdf_aprobadas_fallback,OK_REGISTRADA_FALLBACK_PDF,7,,26.123,7,7,PDF_APROBADAS|SUBJECT,
20260420_140658_d6ba5bd9,2026-04-20T15:10:07,AAMkADkwZmQ0YTA5LWE0M2MtNDk3Ni1hMzUzLTE0OTQxZDcwZWExMgBGAAAAAADJoyAzIWZBQakanooks8Z-BwBz4_gG-XGLQKeK0wIDJ6A7AAV36zxOAABz4_gG-XGLQKeK0wIDJ6A7AAWjRsLjAAA=,Aprobado- Factura  -  EEC 8115 - Radicado 191499 - INDUSTRIA DE ESTUFAS CONTINENTAL - Pto. Gaitán – Pte. Arimena - NA,FACTEEC000008115.PDF,59f5b6f2b5c4ca1b0c997c11d5b25152c2231f8fb93a03574220acfd69ebfd5e190122d9ca9b09e9db2a151164a4513e,EEC8115,2026-03-25,(PDF_APROBADAS_FALLBACK),ok_pdf_aprobadas_fallback,OK_REGISTRADA_FALLBACK_PDF,7,,22.534,7,7,PDF_APROBADAS|SUBJECT,
20260420_140658_d6ba5bd9,2026-04-20T15:10:35,AAMkADkwZmQ0YTA5LWE0M2MtNDk3Ni1hMzUzLTE0OTQxZDcwZWExMgBGAAAAAADJoyAzIWZBQakanooks8Z-BwBz4_gG-XGLQKeK0wIDJ6A7AAV36zxOAABz4_gG-XGLQKeK0wIDJ6A7AAWjRsLiAAA=,Aprobado- Factura  -  EN 10015 - Radicado 191448 - ENSAFE SAS - 01-2025-327 TOYO T2 S1 - NA,6b17f39b-db5d-4013-80ba-07c29223b56c.pdf,c80a4298c5a190aa61dd48f780410ff626bacbee85ff7a4dfcd8856138b6e9c98abf6406d295bccc9868fccc0ff50ad7,EN10015,2026-04-01,6b17f39b-db5d-4013-80ba-07c29223b56c.zip,ok,OK_REGISTRADA,7,,27.319,7,7,AIDX|SUBJECT,
20260420_140658_d6ba5bd9,2026-04-20T15:10:56,AAMkADkwZmQ0YTA5LWE0M2MtNDk3Ni1hMzUzLTE0OTQxZDcwZWExMgBGAAAAAADJoyAzIWZBQakanooks8Z-BwBz4_gG-XGLQKeK0wIDJ6A7AAV36zxOAABz4_gG-XGLQKeK0wIDJ6A7AAWjRsLhAAA=,Aprobado- Factura  -  FVE 7554 - Radicado 191564 - SERVICIOS COOL FAN - 01-2025-327 TOYO T2 S1 - NA,f0b6fa08-9471-4b38-84f0-962e12c518d5.pdf,f9bec6c465bb9099f6a32e44553b96744e64c1aed3ca565ff16072c01ca09597233c4423d08cd69656fc2dd5de2baa93,FVE7554,2026-05-09,(PDF_APROBADAS_FALLBACK),ok_pdf_aprobadas_fallback,OK_REGISTRADA_FALLBACK_PDF,7,,21.705,7,7,PDF_APROBADAS|SUBJECT,
20260420_140658_d6ba5bd9,2026-04-20T15:11:47,AAMkADkwZmQ0YTA5LWE0M2MtNDk3Ni1hMzUzLTE0OTQxZDcwZWExMgBGAAAAAADJoyAzIWZBQakanooks8Z-BwBz4_gG-XGLQKeK0wIDJ6A7AAV36zxOAABz4_gG-XGLQKeK0wIDJ6A7AAWjRsLgAAA=,Aprobado- Factura  -  EN 10014 - Radicado 191447 - ENSAFE SAS - Dirección administrativa y financiera -Compras - NA,72a484de-e8d5-4d46-858f-c2d1786723cf.pdf,322c3cde150343051727fe6efc24c096f3d15a6cf95ce21377fbb386e17142dd987a8a55fc35dc6e0898d658c93d0737,EN10014,2026-04-01,72a484de-e8d5-4d46-858f-c2d1786723cf.zip,ok,OK_REGISTRADA,7,,50.747,7,7,AIDX|SUBJECT,
20260420_140658_d6ba5bd9,2026-04-20T15:12:15,AAMkADkwZmQ0YTA5LWE0M2MtNDk3Ni1hMzUzLTE0OTQxZDcwZWExMgBGAAAAAADJoyAzIWZBQakanooks8Z-BwBz4_gG-XGLQKeK0wIDJ6A7AAV36zxOAABz4_gG-XGLQKeK0wIDJ6A7AAWjRsLfAAA=,Aprobado- Factura  -  EN 10008 - Radicado 191442 - ENSAFE SAS - 01-2025-327 TOYO T2 S1 - NA,202049df-87fd-4faa-b95e-2358eb609461.pdf,54f74e46363762a58c162a02fc9ecd25beab67b97138f0c91f9c1b543f595442f1f977ca803041cd6842c4b5dcb3f20e,EN10008,2026-04-01,202049df-87fd-4faa-b95e-2358eb609461.zip,ok,OK_REGISTRADA,7,,28.271,7,7,AIDX|SUBJECT,
20260420_140658_d6ba5bd9,2026-04-20T15:12:44,AAMkADkwZmQ0YTA5LWE0M2MtNDk3Ni1hMzUzLTE0OTQxZDcwZWExMgBGAAAAAADJoyAzIWZBQakanooks8Z-BwBz4_gG-XGLQKeK0wIDJ6A7AAV36zxOAABz4_gG-XGLQKeK0wIDJ6A7AAWjRsLeAAA=,Aprobado- Factura  -  FVE 4627 - Radicado 191531 - LOG TEC CONSULTING GROUP SAS - Dirección administrativa y financiera -Tics - NA,fv0900883324000260000134a.pdf,60b154c882063090fbcf5119e2241db7ef2cfa8a9a04bff51122b414fcaa3d6d54d4c4ae06434a78845e63d323f8f4bd,FVE4627,,z0900883324000260000134a.zip,ok,OK_REGISTRADA,7,,28.642,7,7,AIDX|SUBJECT,
20260420_140658_d6ba5bd9,2026-04-20T15:13:11,AAMkADkwZmQ0YTA5LWE0M2MtNDk3Ni1hMzUzLTE0OTQxZDcwZWExMgBGAAAAAADJoyAzIWZBQakanooks8Z-BwBz4_gG-XGLQKeK0wIDJ6A7AAV36zxOAABz4_gG-XGLQKeK0wIDJ6A7AAWjRsLdAAA=,Aprobado- Factura  -  EN 10007 - Radicado 191441 - ENSAFE SAS - Cucutilla - Cornejo - NA,6a2588c1-0733-4b57-ba0a-da3b1bba37ce.pdf,3c4bd321ad08c95a2f8a303ee8d3de08a009d6ae569b455131c7ead54629bd273b9056638df2bda0f1e61d5c29587f67,EN10007,2026-04-01,6a2588c1-0733-4b57-ba0a-da3b1bba37ce.zip,ok,OK_REGISTRADA,7,,26.8,7,7,AIDX|SUBJECT,
20260420_140658_d6ba5bd9,2026-04-20T15:13:41,AAMkADkwZmQ0YTA5LWE0M2MtNDk3Ni1hMzUzLTE0OTQxZDcwZWExMgBGAAAAAADJoyAzIWZBQakanooks8Z-BwBz4_gG-XGLQKeK0wIDJ6A7AAV36zxOAABz4_gG-XGLQKeK0wIDJ6A7AAWjRsLcAAA=,Aprobado- Factura  -  FE459 - Radicado 191536 - CONSULTORES E INTERVENTORES TECNICOS SAS - TM Av. 68 - NA,dian_FE459.pdf,7661f98ddc3463765c48405366e15ce00ea7d2667cd0c0bdff4cb04d79729dda35fe2c35f59c9cc074061fc4e530b0a1,FE459,2025-10-01,FE459.zip,ok,OK_REGISTRADA,7,,29.74,7,7,AIDX|SUBJECT,
20260420_140658_d6ba5bd9,2026-04-20T15:14:19,AAMkADkwZmQ0YTA5LWE0M2MtNDk3Ni1hMzUzLTE0OTQxZDcwZWExMgBGAAAAAADJoyAzIWZBQakanooks8Z-BwBz4_gG-XGLQKeK0wIDJ6A7AAV36zxOAABz4_gG-XGLQKeK0wIDJ6A7AAWjRsLbAAA=,Aprobado- Factura  -  FEL 268117 - Radicado 191450 - CENTRAL COMERCIALIZADORA DE INTERNET SAS - Dirección administrativa y financiera -Tics - NA,Factura_dhubingenieria.pdf,1c78f39a143e172b430c37a6e324df3e4f5f6fb84489473163f87ef191433eacebf176d073bba51e8d705c95ac0ffea7,FEL268117,,z09002936370082600041755.zip,ok,OK_REGISTRADA,7,,38.699,7,7,AIDX|SUBJECT,
20260420_140658_d6ba5bd9,2026-04-20T15:14:44,AAMkADkwZmQ0YTA5LWE0M2MtNDk3Ni1hMzUzLTE0OTQxZDcwZWExMgBGAAAAAADJoyAzIWZBQakanooks8Z-BwBz4_gG-XGLQKeK0wIDJ6A7AAV36zxOAABz4_gG-XGLQKeK0wIDJ6A7AAWjRsLaAAA=,Aprobado- Factura  -  04842 -43497199 - Radicado 191529 - CANVA PYP LTD - Dirección administrativa y financiera -Tics - NA,FacturaCanva.pdf,facafcafecadefaca5deabde2026aacacaecccecdefcacfca860067561ccecaaeaac5deabde2026adaeafacaaefeecaf,EU372042198110,,(PDF_APROBADAS_FALLBACK),ok_pdf_aprobadas_fallback,OK_REGISTRADA_FALLBACK_PDF,7,,24.207,7,7,PDF_APROBADAS|SUBJECT,
20260420_140658_d6ba5bd9,2026-04-20T15:15:15,AAMkADkwZmQ0YTA5LWE0M2MtNDk3Ni1hMzUzLTE0OTQxZDcwZWExMgBGAAAAAADJoyAzIWZBQakanooks8Z-BwBz4_gG-XGLQKeK0wIDJ6A7AAV36zxOAABz4_gG-XGLQKeK0wIDJ6A7AAWjRsLZAAA=,Aprobado- Factura  -  IN44835 - Radicado 191502 - ROCSCIENCE INC - Dirección administrativa y financiera -Tics - NA,IN44835-Pending_V1.pdf,ccecec54aaca511caadabcabcaedad6976bacbacedeaeeaece23076ceeece448350204202602052026edcedaeeadaeae,IN44835,2026-04-02,(PDF_APROBADAS_FALLBACK),ok_pdf_aprobadas_fallback,OK_REGISTRADA_FALLBACK_PDF,7,,31.589,7,7,PDF_APROBADAS|SUBJECT,
20260420_140658_d6ba5bd9,2026-04-20T15:15:44,AAMkADkwZmQ0YTA5LWE0M2MtNDk3Ni1hMzUzLTE0OTQxZDcwZWExMgBGAAAAAADJoyAzIWZBQakanooks8Z-BwBz4_gG-XGLQKeK0wIDJ6A7AAV36zxOAABz4_gG-XGLQKeK0wIDJ6A7AAWjRsLYAAA=,Aprobado- Factura  -  DISL 2744 - Radicado 191532 - JR PRODUCTOS Y SERVICIOS S.A.S - Red Férrea Atlántico - NA,e7e2b376-88e6-41c1-90e1-72a2d152d7b0.pdf,d3fd1dc222e069e5f8b57b96a8e60f8e2b40d91b55f5c8ea4d2f6d4c2425d1b49522bd79ec963d39dbc815ee5d61ce41,DISL2744,2026-04-07,e7e2b376-88e6-41c1-90e1-72a2d152d7b0.zip,ok,OK_REGISTRADA,7,,28.656,7,7,AIDX|SUBJECT,
20260420_140658_d6ba5bd9,2026-04-20T15:16:12,AAMkADkwZmQ0YTA5LWE0M2MtNDk3Ni1hMzUzLTE0OTQxZDcwZWExMgBGAAAAAADJoyAzIWZBQakanooks8Z-BwBz4_gG-XGLQKeK0wIDJ6A7AAV36zxOAABz4_gG-XGLQKeK0wIDJ6A7AAWjRsLXAAA=,Aprobado- Factura  -  H4Z5238745 - Radicado 191535 - D1 SAS - Transv. Libertador - NA,fv090027696202126H4Z5238745.pdf,de6b29d89b13d85d50487fb7209bdad2978ae28bfb8702025bfeec380b96286e3212373cb71a4a8249ddfb5b94c2b9f2,H8Y2178138,2026-04-07,090027696202126H8Y2178138.zip,ok,OK_REGISTRADA,7,,28.281,7,7,PDF_TOKEN:090027696202126H|SUBJECT,
20260420_140658_d6ba5bd9,2026-04-20T15:25:48,AAMkADkwZmQ0YTA5LWE0M2MtNDk3Ni1hMzUzLTE0OTQxZDcwZWExMgBGAAAAAADJoyAzIWZBQakanooks8Z-BwBz4_gG-XGLQKeK0wIDJ6A7AAV36zxOAABz4_gG-XGLQKeK0wIDJ6A7AAWjRsLWAAA=,Aprobado- Factura  -  FETR277 - Radicado 191517 - TRIDELCO SAS - L.T. Guaymaral - NA,dian_FETR277.pdf,efff793a22f9e83e6ace14e669193555b9459b9aca092c6bc238565ebf4ab7fc5a912d9dcb34494dc9eccd32c6795106,FETR277,2026-01-14,FETR277.zip,ok,OK_REGISTRADA,7,,576.248,7,7,AIDX|SUBJECT,
20260420_140658_d6ba5bd9,2026-04-20T15:26:20,AAMkADkwZmQ0YTA5LWE0M2MtNDk3Ni1hMzUzLTE0OTQxZDcwZWExMgBGAAAAAADJoyAzIWZBQakanooks8Z-BwBz4_gG-XGLQKeK0wIDJ6A7AAV36zxOAABz4_gG-XGLQKeK0wIDJ6A7AAWjRsLVAAA=,Aprobado- Factura  -  FV 1242 - Radicado 191524 - SUDEN SAS - L.T. Guaymaral - NA,fv0901391741008260000002c.pdf,c8947e60e8faf22dbac9ec94440ef5ed503bde6d4bec66e1c84b8ea7396153231b6c1a86b4048f983909d95d1ed31438,FV1242,2026-04-21,z0901391741008260000002c.zip,ok,OK_REGISTRADA,7,,31.848,7,7,AIDX|SUBJECT,
20260420_140658_d6ba5bd9,2026-04-20T15:26:55,AAMkADkwZmQ0YTA5LWE0M2MtNDk3Ni1hMzUzLTE0OTQxZDcwZWExMgBGAAAAAADJoyAzIWZBQakanooks8Z-BwBz4_gG-XGLQKeK0wIDJ6A7AAV36zxOAABz4_gG-XGLQKeK0wIDJ6A7AAWjRsLUAAA=,Aprobado- Factura  -  PG N 283 - Radicado 191518 - PRAGMAC SAS - TM Av. 68 - NA,5183b8ad-aedd-495e-8b3a-01eba7af9be6.pdf,76d69a3fef6ab9ac65ca0b293b6ee0897df2c14a89df259f0195537f7cb9437f7d0b64c72190e656d026f4b310920451,PG283,2026-11-26,5183b8ad-aedd-495e-8b3a-01eba7af9be6.zip,ok,OK_REGISTRADA,7,,35.195,7,7,AIDX|SUBJECT,
20260420_140658_d6ba5bd9,2026-04-20T15:27:25,AAMkADkwZmQ0YTA5LWE0M2MtNDk3Ni1hMzUzLTE0OTQxZDcwZWExMgBGAAAAAADJoyAzIWZBQakanooks8Z-BwBz4_gG-XGLQKeK0wIDJ6A7AAV36zxOAABz4_gG-XGLQKeK0wIDJ6A7AAWjRsLTAAA=,Aprobado- Factura  -  EALT 18603 - Radicado 191511 - INVERSIONES BIENES Y SERVICIOS SAS - Red Férrea Atlántico - NA,fv09010093500082600000caa.pdf,27662dec93f77838828bd39f7231a14f0dac65ed517334eb54d80720899380e092e712b328fb7d79da058c0c47f7877d,EALT18603,2026-04-06,z09010093500082600000caa.zip,ok,OK_REGISTRADA,7,,29.675,7,7,AIDX|SUBJECT,
20260420_140658_d6ba5bd9,2026-04-20T15:27:47,AAMkADkwZmQ0YTA5LWE0M2MtNDk3Ni1hMzUzLTE0OTQxZDcwZWExMgBGAAAAAADJoyAzIWZBQakanooks8Z-BwBz4_gG-XGLQKeK0wIDJ6A7AAV36zxOAABz4_gG-XGLQKeK0wIDJ6A7AAWjRsLSAAA=,Aprobado- Factura  -  EB 000342464567 - Radicado 191490 - ETB E.S.P. EMPRESA DE TELECOMUNICACIONES DE BOGOTA SA ESP - Dirección administrativa y financiera -Infraestructura - NA,Tu Factura ETB Abril de 2026.pdf,df464fee86ccfff8a77e816fd0e4a21e7e4223250ab2ff1eb65137ca7c914d8e3a95ae9436a50ab8292c624e5178eb82,EB000342464567,2024-12-27,(PDF_APROBADAS_FALLBACK),ok_pdf_aprobadas_fallback,OK_REGISTRADA_FALLBACK_PDF,7,,22.019,7,7,PDF_APROBADAS|SUBJECT,
20260420_140658_d6ba5bd9,2026-04-20T15:28:16,AAMkADkwZmQ0YTA5LWE0M2MtNDk3Ni1hMzUzLTE0OTQxZDcwZWExMgBGAAAAAADJoyAzIWZBQakanooks8Z-BwBz4_gG-XGLQKeK0wIDJ6A7AAV36zxOAABz4_gG-XGLQKeK0wIDJ6A7AAWjRsLRAAA=,Aprobado- Factura  -  R1146348517 - Radicado 191491 - COMCEL SA - Dirección administrativa y financiera -Infraestructura - NA,fv0800153993015261146348517.pdf,a5943c8e6c9ff8f747be5ebff63d7ccc329495184dd0b93b9fdf05aa0f92e5943569f261da86902796df18bc9c8fee46,R1146348517,2024-08-22,z0800153993015261146348517.zip,ok,OK_REGISTRADA,7,,29.148,7,7,AIDX|SUBJECT,
20260420_140658_d6ba5bd9,2026-04-20T15:28:45,AAMkADkwZmQ0YTA5LWE0M2MtNDk3Ni1hMzUzLTE0OTQxZDcwZWExMgBGAAAAAADJoyAzIWZBQakanooks8Z-BwBz4_gG-XGLQKeK0wIDJ6A7AAV36zxOAABz4_gG-XGLQKeK0wIDJ6A7AAWjRsLQAAA=,Aprobado- Factura  -  GS - 6423 - Radicado 191495 - GRUPO COOREXPRESS SAS - L.T. Guaymaral - NA,ad09007337400892600000061.pdf,1c74450f4f65d05993eed86fe50267e52754bc29db4372d7f089e4f90ceaf665db51c7d96f3e513976d90963a8569040,GS-6423,2025-08-27,z09007337400892600000061.zip,ok,OK_REGISTRADA,7,,29.142,7,7,AIDX|SUBJECT,
20260420_140658_d6ba5bd9,2026-04-20T15:29:14,AAMkADkwZmQ0YTA5LWE0M2MtNDk3Ni1hMzUzLTE0OTQxZDcwZWExMgBGAAAAAADJoyAzIWZBQakanooks8Z-BwBz4_gG-XGLQKeK0wIDJ6A7AAV36zxOAABz4_gG-XGLQKeK0wIDJ6A7AAWjRsLPAAA=,Aprobado- Factura  -  MQ 517 - Radicado 191494 - MALOQUIN S.A.S - Red Férrea Atlántico - NA,fv0900971087008260000001a.pdf,c11192c1a210f6ff8767be221a5781bfa7fbde2d1f44f3909a327838aedd85dd985322a98e1f7121596a40f5a9a9bd6f,MQ517,2026-04-04,z0900971087008260000001a.zip,ok,OK_REGISTRADA,7,,28.723,7,7,AIDX|SUBJECT,
20260420_140658_d6ba5bd9,2026-04-20T15:29:42,AAMkADkwZmQ0YTA5LWE0M2MtNDk3Ni1hMzUzLTE0OTQxZDcwZWExMgBGAAAAAADJoyAzIWZBQakanooks8Z-BwBz4_gG-XGLQKeK0wIDJ6A7AAV36zxOAABz4_gG-XGLQKeK0wIDJ6A7AAWjRsLOAAA=,Aprobado- Factura  -  NACL600251 - Radicado 191479 - SEGURIDAD ATLAS LTDA - Cartago - Calarcá - NA,ad0890312749064260000600251.pdf,8d41019d06cb0d39f693571ea10b90f974b2566ceeabb9d22a77a3f12dc39ff8f589eaede644c2af065ac6fd5de118a9,NACL600251,2005-12-15,z0890312749064260000600251.zip,ok,OK_REGISTRADA,7,,27.707,7,7,AIDX|SUBJECT,
20260420_140658_d6ba5bd9,2026-04-20T15:30:13,AAMkADkwZmQ0YTA5LWE0M2MtNDk3Ni1hMzUzLTE0OTQxZDcwZWExMgBGAAAAAADJoyAzIWZBQakanooks8Z-BwBz4_gG-XGLQKeK0wIDJ6A7AAV36zxOAABz4_gG-XGLQKeK0wIDJ6A7AAWjRsLNAAA=,Aprobado- Factura  -  FCII 1213366 - Radicado 191429 - TELESENTINEL LTDA - TM Av. 68 - NA,Pagos.pdf,060db68e80c8636469baee5388257d7e1becee245f47e5f54b52ea85203b746290092e2b80bf47b11520c94126853cdc,FCII1213366,,z08000148750072601213366.zip,ok,OK_REGISTRADA,7,,31.225,7,7,AIDX|SUBJECT,
20260420_140658_d6ba5bd9,2026-04-20T15:30:39,AAMkADkwZmQ0YTA5LWE0M2MtNDk3Ni1hMzUzLTE0OTQxZDcwZWExMgBGAAAAAADJoyAzIWZBQakanooks8Z-BwBz4_gG-XGLQKeK0wIDJ6A7AAV36zxOAABz4_gG-XGLQKeK0wIDJ6A7AAWiatB8AAA=,Aprobado- Factura  -  FE 275 - Radicado 191431 - DISEÑOS PROFESIONALES DE INGENIERIA SAS - 01-2025-327 TOYO T2 S1 - NA,fv0901649860008260000000d.pdf,c2b7f43263d6d8c8320b59aa300f6b0c90d2d8e1d10fce99d7d7aeda7522408fc6ae7e7fe78f596cbc1b36375264331f,FE275,2026-04-01,z0901649860008260000000d.zip,ok,OK_REGISTRADA,7,,25.88,7,7,AIDX|SUBJECT,
20260420_140658_d6ba5bd9,2026-04-20T15:31:06,AAMkADkwZmQ0YTA5LWE0M2MtNDk3Ni1hMzUzLTE0OTQxZDcwZWExMgBGAAAAAADJoyAzIWZBQakanooks8Z-BwBz4_gG-XGLQKeK0wIDJ6A7AAV36zxOAABz4_gG-XGLQKeK0wIDJ6A7AAWiatB7AAA=,Aprobado- Factura  -  INZ 176 - Radicado 191437 - INZETA S A S - FAC - Pto. Salgar - NA,fv09006688620082600000002.pdf,5cdc1da03a9dd1096a466c581d48f9689626d4f50caab394fe2f2bf229b4b61dbd7b718bec9f39512629ec779fc36b56,INZ176,2026-05-01,z09006688620082600000002.zip,ok,OK_REGISTRADA,7,,27.435,7,7,AIDX|SUBJECT,
20260420_140658_d6ba5bd9,2026-04-20T15:31:53,AAMkADkwZmQ0YTA5LWE0M2MtNDk3Ni1hMzUzLTE0OTQxZDcwZWExMgBGAAAAAADJoyAzIWZBQakanooks8Z-BwBz4_gG-XGLQKeK0wIDJ6A7AAV36zxOAABz4_gG-XGLQKeK0wIDJ6A7AAWiatB6AAA=,Aprobado- Factura  -  001 - Radicado 191438 - CIFUENTES PEDRAZA MONICA VIVIANA - Helios - NA,Certificación_Bancaria.pdf,cefcad25032026badcdcaacbaaeeeeddeaeeeacecaeeecaaacfeeedaaccdadecdadaae1069748729eeeebacdaedacead,001,2026-03-25,(PDF_APROBADAS_FALLBACK),ok_pdf_aprobadas_fallback,OK_REGISTRADA_FALLBACK_PDF,7,,46.663,7,7,PDF_APROBADAS|SUBJECT,
20260420_140658_d6ba5bd9,2026-04-20T15:32:20,AAMkADkwZmQ0YTA5LWE0M2MtNDk3Ni1hMzUzLTE0OTQxZDcwZWExMgBGAAAAAADJoyAzIWZBQakanooks8Z-BwBz4_gG-XGLQKeK0wIDJ6A7AAV36zxOAABz4_gG-XGLQKeK0wIDJ6A7AAWg5KEhAAA=,Aprobado- Factura  -  FE613 - Radicado 191412 - INEICA LIMITADA - Red Férrea Atlántico - NA,FE613.pdf,a8e8794aaef0dbd11fc1a3349b6c8c332d8fb9cd2449310c2dda53981b9776268881391bc622125cae6725bc6131f041,FE613,2026-03-31,FE613.zip,ok,OK_REGISTRADA,7,,26.568,7,7,AIDX|SUBJECT,
20260420_140658_d6ba5bd9,2026-04-20T15:32:39,AAMkADkwZmQ0YTA5LWE0M2MtNDk3Ni1hMzUzLTE0OTQxZDcwZWExMgBGAAAAAADJoyAzIWZBQakanooks8Z-BwBz4_gG-XGLQKeK0wIDJ6A7AAV36zxOAABz4_gG-XGLQKeK0wIDJ6A7AAWg5KEgAAA=,Aprobado- Factura  -  SIN - Radicado 191414 - SANCHEZ AMADOR JOSE BERNARDO - Cesar Red Terciaria - NA,Cta. Cobro Vial JJ.pdf,b31deade2026cca9018630105debeabeadceaadcc19205979debaadeecedeceece916500ccedeaebaedabecdacaeae29,DE2026,,(PDF_APROBADAS_FALLBACK),ok_pdf_aprobadas_fallback,OK_REGISTRADA_FALLBACK_PDF,7,,19.765,7,7,PDF_APROBADAS|SUBJECT,
20260420_140658_d6ba5bd9,2026-04-20T15:33:05,AAMkADkwZmQ0YTA5LWE0M2MtNDk3Ni1hMzUzLTE0OTQxZDcwZWExMgBGAAAAAADJoyAzIWZBQakanooks8Z-BwBz4_gG-XGLQKeK0wIDJ6A7AAV36zxOAABz4_gG-XGLQKeK0wIDJ6A7AAWg5KEfAAA=,Aprobado- Factura  -  PR 2504 - Radicado 191357 - PRODUCTIVIDAPP SAS - Dirección administrativa y financiera -Tics - NA,fv0900965883008260000004d.pdf,6f0c98e2790657065469079b526e9b43f15fb37cc0a4f03ce78bb3159c31718c0ea67639fed6de2ce911f64a1ba4a367,PR2504,2026-04-04,z0900965883008260000004d.zip,ok,OK_REGISTRADA,7,,26.015,7,7,AIDX|SUBJECT,
20260420_140658_d6ba5bd9,2026-04-20T15:33:32,AAMkADkwZmQ0YTA5LWE0M2MtNDk3Ni1hMzUzLTE0OTQxZDcwZWExMgBGAAAAAADJoyAzIWZBQakanooks8Z-BwBz4_gG-XGLQKeK0wIDJ6A7AAV36zxOAABz4_gG-XGLQKeK0wIDJ6A7AAWg5KEeAAA=,Aprobado- Factura  -  FE 2008 - Radicado 191364 - SERVICIOS LOGISTICOS DE INGENIERIA SAS - 01-2025-327 TOYO T2 S1 - NA,fv09007230230082600000054.pdf,fd97838fbebf4ea9534d6171487a9493140dc381da8fb2d549ad99271e05fdf220b896d99176d44729222ba1dd6f4327,FE2008,2026-03-27,z09007230230082600000054.zip,ok,OK_REGISTRADA,7,,26.835,7,7,AIDX|SUBJECT,
20260420_140658_d6ba5bd9,2026-04-20T15:35:25,AAMkADkwZmQ0YTA5LWE0M2MtNDk3Ni1hMzUzLTE0OTQxZDcwZWExMgBGAAAAAADJoyAzIWZBQakanooks8Z-BwBz4_gG-XGLQKeK0wIDJ6A7AAV36zxOAABz4_gG-XGLQKeK0wIDJ6A7AAWg5KEdAAA=,Aprobado- Factura  -  FVE108311 - Radicado 190988 - PROVEXPRESS SAS - Dirección administrativa y financiera -Tics - NA,FVE108311.pdf,3ee0d83f9fc7335741099e043f417c7a3a06950eeec9e906b860a6de9b819664e60e74b1681cbc8038dbf8961f68d4dc,FVE108311,2024-05-28,900800595_FVE108311.zip,ok,OK_REGISTRADA,7,,112.673,7,7,AIDX|SUBJECT,
20260420_140658_d6ba5bd9,2026-04-20T15:35:57,AAMkADkwZmQ0YTA5LWE0M2MtNDk3Ni1hMzUzLTE0OTQxZDcwZWExMgBGAAAAAADJoyAzIWZBQakanooks8Z-BwBz4_gG-XGLQKeK0wIDJ6A7AAV36zxOAABz4_gG-XGLQKeK0wIDJ6A7AAWg5KEcAAA=,Aprobado- Factura  -  FE 2022 - Radicado 191378 - SERVICIOS LOGISTICOS DE INGENIERIA SAS - Dirección administrativa y financiera -Compras - NA,191378.pdf,df9e7b86496377ff334c7125f1e505ac69e6ff462449014369b6153bbd3af43c14166248ef73441b25a7facafd72f0b4,FE2022,2026-03-27,z09007230230082600000062.zip,ok,OK_REGISTRADA,7,,32.281,7,7,AIDX|SUBJECT,
20260420_140658_d6ba5bd9,2026-04-20T15:36:24,AAMkADkwZmQ0YTA5LWE0M2MtNDk3Ni1hMzUzLTE0OTQxZDcwZWExMgBGAAAAAADJoyAzIWZBQakanooks8Z-BwBz4_gG-XGLQKeK0wIDJ6A7AAV36zxOAABz4_gG-XGLQKeK0wIDJ6A7AAWg5KEbAAA=,Aprobado- Factura  -  257-76631 - Radicado 191394 - AGENCIA DE VIAJES Y TURISMO AVIATUR S.A.S - 01-2025-327 TOYO T2 S1 - NA,ad08600000180442600232124.pdf,9ca763e041dd0a5f5798e12b559f9714d9fd919938acd4aa9fc7991e7ad2f399e871229dcf04a1d7d519b70c77b27b53,25776631,2026-03-30,z08600000180442600232124.zip,ok,OK_REGISTRADA,7,,26.856,7,7,AIDX|SUBJECT,
20260420_140658_d6ba5bd9,2026-04-20T15:36:50,AAMkADkwZmQ0YTA5LWE0M2MtNDk3Ni1hMzUzLTE0OTQxZDcwZWExMgBGAAAAAADJoyAzIWZBQakanooks8Z-BwBz4_gG-XGLQKeK0wIDJ6A7AAV36zxOAABz4_gG-XGLQKeK0wIDJ6A7AAWg5KEaAAA=,Aprobado- Factura  -  257-76630 - Radicado 191393 - AGENCIA DE VIAJES Y TURISMO AVIATUR S.A.S - Transv. Libertador - NA,ad08600000180442600232088.pdf,d2ff9582c047d99e8c2127728522299b4719af11137a306f33b2b7b1f18b8643d075821dcd0db17f5f1a4690779b87bd,25776630,2026-03-30,z08600000180442600232088.zip,ok,OK_REGISTRADA,7,,25.999,7,7,AIDX|SUBJECT,
20260420_140658_d6ba5bd9,2026-04-20T15:37:16,AAMkADkwZmQ0YTA5LWE0M2MtNDk3Ni1hMzUzLTE0OTQxZDcwZWExMgBGAAAAAADJoyAzIWZBQakanooks8Z-BwBz4_gG-XGLQKeK0wIDJ6A7AAV36zxOAABz4_gG-XGLQKeK0wIDJ6A7AAWg5KEZAAA=,Aprobado- Factura  -  257-76629 - Radicado 191391 - AGENCIA DE VIAJES Y TURISMO AVIATUR S.A.S - 01-2025-327 TOYO T2 S1 - NA,ad08600000180442600231959.pdf,ad0c9c39dfa394b6255e17abe5cf597c30e805e949a221672978a40a4aa5f55a9cff8d2f2106783de3bc1bf96521f052,25776629,2026-03-30,z08600000180442600231959.zip,ok,OK_REGISTRADA,7,,25.553,7,7,AIDX|SUBJECT,
20260420_140658_d6ba5bd9,2026-04-20T15:37:36,AAMkADkwZmQ0YTA5LWE0M2MtNDk3Ni1hMzUzLTE0OTQxZDcwZWExMgBGAAAAAADJoyAzIWZBQakanooks8Z-BwBz4_gG-XGLQKeK0wIDJ6A7AAV36zxOAABz4_gG-XGLQKeK0wIDJ6A7AAWg5KEYAAA=,Aprobado- Factura  -  A515150377 - Radicado 191390 - SERVIENTREGA SA - Cucutilla - Cornejo - NA,Representacion grafica.pdf,,A515150377,2026-03-30,(REGISTRO_MINIMO:match_zip_sin_filas),ok_registro_minimo,REGISTRADA,7,,20.835,7,7,REGISTRO_MINIMO,match_zip_sin_filas
20260420_140658_d6ba5bd9,2026-04-20T15:38:02,AAMkADkwZmQ0YTA5LWE0M2MtNDk3Ni1hMzUzLTE0OTQxZDcwZWExMgBGAAAAAADJoyAzIWZBQakanooks8Z-BwBz4_gG-XGLQKeK0wIDJ6A7AAV36zxOAABz4_gG-XGLQKeK0wIDJ6A7AAWg5KEXAAA=,Aprobado- Factura  -  FE 2016 - Radicado 191372 - SERVICIOS LOGISTICOS DE INGENIERIA SAS - 03-2025-192 Mocoa K13.6-K23.0 - NA,fv0900723023008260000005c.pdf,6416160efd2122d5735ab18cce9d02a4584c0b23622fc3d7535641fb31d70391709c696785450315d61dd33abd357e14,FE2016,2026-03-27,z0900723023008260000005c.zip,ok,OK_REGISTRADA,7,,25.644,7,7,AIDX|SUBJECT,
20260420_140658_d6ba5bd9,2026-04-20T15:38:31,AAMkADkwZmQ0YTA5LWE0M2MtNDk3Ni1hMzUzLTE0OTQxZDcwZWExMgBGAAAAAADJoyAzIWZBQakanooks8Z-BwBz4_gG-XGLQKeK0wIDJ6A7AAV36zxOAABz4_gG-XGLQKeK0wIDJ6A7AAWg5KEWAAA=,Aprobado- Factura  -  FE 2014 - Radicado 191370 - SERVICIOS LOGISTICOS DE INGENIERIA SAS - Salitre Mágico - NA,fv0900723023008260000005a.pdf,4a79c2f4452a885e9875064fd30e46618c75d9a92ae6145927e7e191e446ac90f4cea178a81681a0c614dbeb2f534ddc,FE2014,2026-03-27,z0900723023008260000005a.zip,ok,OK_REGISTRADA,7,,28.584,7,7,AIDX|SUBJECT,
20260420_140658_d6ba5bd9,2026-04-20T15:38:56,AAMkADkwZmQ0YTA5LWE0M2MtNDk3Ni1hMzUzLTE0OTQxZDcwZWExMgBGAAAAAADJoyAzIWZBQakanooks8Z-BwBz4_gG-XGLQKeK0wIDJ6A7AAV36zxOAABz4_gG-XGLQKeK0wIDJ6A7AAWg5KEVAAA=,Aprobado- Factura  -  FVER 9348 - Radicado 191350 - IMPORTADORA MEGACOPIERS LTDA - Transv. Libertador - NA,FV09005439270112400009348.pdf,40c883325ea3e499e8da6f550c84d725bc1e05ccd46615c11e895da2fc1c87edc9e7ffd23daae2992fcd52aba3efe2b2,FVER9348,2026-03-27,z09005439270112400009348.zip,ok,OK_REGISTRADA,7,,24.889,7,7,AIDX|SUBJECT,
20260420_140658_d6ba5bd9,2026-04-20T15:39:24,AAMkADkwZmQ0YTA5LWE0M2MtNDk3Ni1hMzUzLTE0OTQxZDcwZWExMgBGAAAAAADJoyAzIWZBQakanooks8Z-BwBz4_gG-XGLQKeK0wIDJ6A7AAV36zxOAABz4_gG-XGLQKeK0wIDJ6A7AAWg5KEUAAA=,Aprobado- Factura  -  COL1107 - Radicado 190789 - SITECH DE COLOMBIA SAS - Dirección administrativa y financiera -Tics - NA,COL1107.pdf,57ddf141c1b1d6eb8edf63076e81e9cfae93fd308aed7c80c5fc2e2ba6cfdc1464e17561c72f5ef51a2eb84ee88d0a1c,COL1107,2026-03-03,ad09003521850002600000213.zip,ok,OK_REGISTRADA,7,,28.026,7,7,AIDX|SUBJECT,
20260420_140658_d6ba5bd9,2026-04-20T15:39:44,AAMkADkwZmQ0YTA5LWE0M2MtNDk3Ni1hMzUzLTE0OTQxZDcwZWExMgBGAAAAAADJoyAzIWZBQakanooks8Z-BwBz4_gG-XGLQKeK0wIDJ6A7AAV36zxOAABz4_gG-XGLQKeK0wIDJ6A7AAWg5KETAAA=,Aprobado- Factura  -  I6C6128582 - Radicado 191358 - D1 SAS - Cucutilla - Cornejo - NA,fv090027696202126I6C6128582.pdf,,I6,2026-03-27,(REGISTRO_MINIMO:match_zip_sin_filas),ok_registro_minimo,REGISTRADA,7,,20.297,7,7,REGISTRO_MINIMO,match_zip_sin_filas
20260420_140658_d6ba5bd9,2026-04-20T15:40:10,AAMkADkwZmQ0YTA5LWE0M2MtNDk3Ni1hMzUzLTE0OTQxZDcwZWExMgBGAAAAAADJoyAzIWZBQakanooks8Z-BwBz4_gG-XGLQKeK0wIDJ6A7AAV36zxOAABz4_gG-XGLQKeK0wIDJ6A7AAWg5KESAAA=,Aprobado- Factura  -  FE1-4730 - Radicado 191355 - PAPELERIA DASHIKA - Cucutilla - Cornejo - NA,ad00055351890572600000fc6.pdf,731cb1b9b272e34a4aa1641ae0f5e973f1797348691c01aab276cca5fe78a62078e2f18b99ad233169782233877874bf,FE1-4730,2026-03-28,ad00055351890572600000fc6.zip,ok,OK_REGISTRADA,7,,25.717,7,7,AIDX|SUBJECT,
20260420_140658_d6ba5bd9,2026-04-20T15:40:37,AAMkADkwZmQ0YTA5LWE0M2MtNDk3Ni1hMzUzLTE0OTQxZDcwZWExMgBGAAAAAADJoyAzIWZBQakanooks8Z-BwBz4_gG-XGLQKeK0wIDJ6A7AAV36zxOAABz4_gG-XGLQKeK0wIDJ6A7AAWg5KERAAA=,Aprobado- Factura  -  ML11488 - Radicado 190795 - MCAD TRAINING & CONSULTING SAS - Dirección administrativa y financiera -Tics - NA,ad09015102630442600000642.pdf,bba223d389cb950f5d4d1c223dcccb39d946be1ac260ddb16beb9347a28f2b2caaef65d65a00db8f2a7734b5dde54ab0,ML11488,2023-12-14,z09015102630442600000642.zip,ok,OK_REGISTRADA,7,,27.026,7,7,AIDX|SUBJECT,
20260420_140658_d6ba5bd9,2026-04-20T15:41:06,AAMkADkwZmQ0YTA5LWE0M2MtNDk3Ni1hMzUzLTE0OTQxZDcwZWExMgBGAAAAAADJoyAzIWZBQakanooks8Z-BwBz4_gG-XGLQKeK0wIDJ6A7AAV36zxOAABz4_gG-XGLQKeK0wIDJ6A7AAWg5KEQAAA=,Aprobado- Factura  -  FE 1977 - Radicado 190809 - SERVICIOS LOGISTICOS DE INGENIERIA SAS - Boyacá Red Terciaria - NA,fv09007230230082600000034.pdf,14433ed5c7b26ffbb37e02c75bee5ee448ad38c051cc3e4a30f3f081af030b2b19cb52a1b5d35f24a7ef0ade9786f8be,FE1977,2026-02-26,z09007230230082600000034.zip,ok,OK_REGISTRADA,7,,29.097,7,7,AIDX|SUBJECT,
20260420_140658_d6ba5bd9,2026-04-20T15:41:37,AAMkADkwZmQ0YTA5LWE0M2MtNDk3Ni1hMzUzLTE0OTQxZDcwZWExMgBGAAAAAADJoyAzIWZBQakanooks8Z-BwBz4_gG-XGLQKeK0wIDJ6A7AAV36zxOAABz4_gG-XGLQKeK0wIDJ6A7AAWg5KEPAAA=,Aprobado- Factura  -  COL1160 - Radicado 190934 - SITECH DE COLOMBIA SAS - Dirección administrativa y financiera -Tics - NA,COL1160.pdf,6ab768a3c9c78a80d676d01962eebca3cc99588dc652465ab3151f25f294883538a60cfce58d90c7b56b75019b063f23,COL1160,2026-03-06,ad0900352185000260000024c.zip,ok,OK_REGISTRADA,7,,31.291,7,7,AIDX|SUBJECT,
20260420_140658_d6ba5bd9,2026-04-20T15:43:03,AAMkADkwZmQ0YTA5LWE0M2MtNDk3Ni1hMzUzLTE0OTQxZDcwZWExMgBGAAAAAADJoyAzIWZBQakanooks8Z-BwBz4_gG-XGLQKeK0wIDJ6A7AAV36zxOAABz4_gG-XGLQKeK0wIDJ6A7AAWg5KEOAAA=,Aprobado- Factura  -  COL-825 - Radicado 190958 - SITECH DE COLOMBIA SAS - Dirección administrativa y financiera -Tics - DIAN,COL825.pdf,2ce203342e4fcddb006a30b3ef8d641fb92a8e662de1a5c529cb765c0b6a86c5615fe89ffc0cd6d26b83209283ee0d10,COL-825,2026-02-11,(PDF_APROBADAS_FALLBACK),ok_pdf_aprobadas_fallback,OK_REGISTRADA_FALLBACK_PDF,7,,86.4,7,7,PDF_APROBADAS|SUBJECT,
20260420_140658_d6ba5bd9,2026-04-20T15:43:25,AAMkADkwZmQ0YTA5LWE0M2MtNDk3Ni1hMzUzLTE0OTQxZDcwZWExMgBGAAAAAADJoyAzIWZBQakanooks8Z-BwBz4_gG-XGLQKeK0wIDJ6A7AAV36zxOAABz4_gG-XGLQKeK0wIDJ6A7AAWg5KENAAA=,Aprobado- Factura de servicio público  -  1089227903 - Radicado 191338 - CENTRALES ELECTRICAS DEL NORTE DE SANTANDER S.A. EMPRESA DE SERVICIOS PUBLICOS - Cucutilla - Cornejo - ,Sin título (4).pdf,eeac2717857a506152dbcd3070274ca8628320cbeca173cecaacc1498231ddaeccda619511ecce216295afaacada8628,AL115,2026-03-18,(PDF_APROBADAS_FALLBACK),ok_pdf_aprobadas_fallback,OK_REGISTRADA_FALLBACK_PDF,7,,21.701,7,7,PDF_APROBADAS|SUBJECT,
20260420_140658_d6ba5bd9,2026-04-20T15:43:48,AAMkADkwZmQ0YTA5LWE0M2MtNDk3Ni1hMzUzLTE0OTQxZDcwZWExMgBGAAAAAADJoyAzIWZBQakanooks8Z-BwBz4_gG-XGLQKeK0wIDJ6A7AAV36zxOAABz4_gG-XGLQKeK0wIDJ6A7AAWg5KEMAAA=,Aprobado- Factura  -  5499019888 - Radicado 191164 - GOOGLE LLC - Dirección administrativa y financiera -Tics - NA,5499019888_jooyco.com.co.pdf,ec1600aeaeaeca94043edaeefedeadedefcacfca770493581facaedefaca5499019888facaacadcabcaedacae266976e,5499019888,,(PDF_APROBADAS_FALLBACK),ok_pdf_aprobadas_fallback,OK_REGISTRADA_FALLBACK_PDF,7,,22.97,7,7,PDF_APROBADAS|SUBJECT,
20260420_140658_d6ba5bd9,2026-04-20T15:44:12,AAMkADkwZmQ0YTA5LWE0M2MtNDk3Ni1hMzUzLTE0OTQxZDcwZWExMgBGAAAAAADJoyAzIWZBQakanooks8Z-BwBz4_gG-XGLQKeK0wIDJ6A7AAV36zxOAABz4_gG-XGLQKeK0wIDJ6A7AAWg5KELAAA=,Aprobado- Factura  -  5500819102 - Radicado 191165 - GOOGLE LLC - Dirección administrativa y financiera -Tics - NA,5500819102_Joyco.co.pdf,ec1600aeaeaeca94043edaeefedeadedefcacfca770493581facaedefaca5500819102facaacabcadacae266976eafca,5500819102,,(PDF_APROBADAS_FALLBACK),ok_pdf_aprobadas_fallback,OK_REGISTRADA_FALLBACK_PDF,7,,23.624,7,7,PDF_APROBADAS|SUBJECT,
20260420_140658_d6ba5bd9,2026-04-20T15:44:33,AAMkADkwZmQ0YTA5LWE0M2MtNDk3Ni1hMzUzLTE0OTQxZDcwZWExMgBGAAAAAADJoyAzIWZBQakanooks8Z-BwBz4_gG-XGLQKeK0wIDJ6A7AAV36zxOAABz4_gG-XGLQKeK0wIDJ6A7AAWg5KEKAAA=,Aprobado- Factura  -  FE21599 - Radicado 191171 - NIMBUTECH SAS - Dirección administrativa y financiera -Tics - NA,fv09006729530002600007289.pdf,,FE21599,2025-05-02,(REGISTRO_MINIMO:match_zip_sin_filas),ok_registro_minimo,REGISTRADA,7,,21.301,7,7,REGISTRO_MINIMO,match_zip_sin_filas
20260420_140658_d6ba5bd9,2026-04-20T15:45:02,AAMkADkwZmQ0YTA5LWE0M2MtNDk3Ni1hMzUzLTE0OTQxZDcwZWExMgBGAAAAAADJoyAzIWZBQakanooks8Z-BwBz4_gG-XGLQKeK0wIDJ6A7AAV36zxOAABz4_gG-XGLQKeK0wIDJ6A7AAWg5KEJAAA=,Aprobado- Factura  -  DWH1 159239 - Radicado 191313 - HOSTDIME PREMIER GLOBAL DATA CENTERS - Dirección administrativa y financiera -Tics - NA,FV09000403460112400159239.pdf,175713343fc4c817128c6807275d98c7298c201006eb3421054ccee2cc947d6ab6ca7801bf6c75c6c9240803391cb0ab,DWH1159239,2024-03-26,z09000403460112400159239.zip,ok,OK_REGISTRADA,7,,28.573,7,7,AIDX|SUBJECT,
20260420_140658_d6ba5bd9,2026-04-20T15:45:29,AAMkADkwZmQ0YTA5LWE0M2MtNDk3Ni1hMzUzLTE0OTQxZDcwZWExMgBGAAAAAADJoyAzIWZBQakanooks8Z-BwBz4_gG-XGLQKeK0wIDJ6A7AAV36zxOAABz4_gG-XGLQKeK0wIDJ6A7AAWg5KEIAAA=,Aprobado- Factura  -  FVER 9347 - Radicado 191348 - IMPORTADORA MEGACOPIERS LTDA - Dirección administrativa y financiera -Tics - NA,FV09005439270112400009347.pdf,585bf2b87a81a5e00f0d5146fee869e0b6195c9f67767388bb24f9d1a62a5d440d1444fc349c092f0158cbd289322c30,FVER9347,2026-03-27,z09005439270112400009347.zip,ok,OK_REGISTRADA,7,,27.591,7,7,AIDX|SUBJECT,
20260420_140658_d6ba5bd9,2026-04-20T15:46:01,AAMkADkwZmQ0YTA5LWE0M2MtNDk3Ni1hMzUzLTE0OTQxZDcwZWExMgBGAAAAAADJoyAzIWZBQakanooks8Z-BwBz4_gG-XGLQKeK0wIDJ6A7AAV36zxOAABz4_gG-XGLQKeK0wIDJ6A7AAWg5KEHAAA=,Aprobado- Factura  -  FVER 9346 - Radicado 191346 - IMPORTADORA MEGACOPIERS LTDA - TM Av. 68 - NA,FV09005439270112400009346.pdf,246cdfe9443b9de0a1d1232332ed4cc160f613968ef360b7ec853dd1b6817381b6d331dfb03cec77053166ec022bb178,FVER9346,2026-03-27,z09005439270112400009346.zip,ok,OK_REGISTRADA,7,,31.678,7,7,AIDX|SUBJECT,
20260420_140658_d6ba5bd9,2026-04-20T15:46:51,AAMkADkwZmQ0YTA5LWE0M2MtNDk3Ni1hMzUzLTE0OTQxZDcwZWExMgBGAAAAAADJoyAzIWZBQakanooks8Z-BwBz4_gG-XGLQKeK0wIDJ6A7AAV36zxOAABz4_gG-XGLQKeK0wIDJ6A7AAWe_GCCAAA=,Aprobado- Factura  -  AN-13294 - Radicado 191336 - CONTINENTE SAS - Dirección administrativa y financiera -Compras - NA,JOYCO S.A.S. BIC.pdf,cbaedeadeaeabdeeaea13294feca27032026ceecabccee860067561ceeecccacccfadeaaededecadadecadece450000b,AN-13294,2026-03-27,(PDF_APROBADAS_FALLBACK),ok_pdf_aprobadas_fallback,OK_REGISTRADA_FALLBACK_PDF,7,,49.737,7,7,PDF_APROBADAS|SUBJECT,
20260420_140658_d6ba5bd9,2026-04-20T15:47:14,AAMkADkwZmQ0YTA5LWE0M2MtNDk3Ni1hMzUzLTE0OTQxZDcwZWExMgBGAAAAAADJoyAzIWZBQakanooks8Z-BwBz4_gG-XGLQKeK0wIDJ6A7AAV36zxOAABz4_gG-XGLQKeK0wIDJ6A7AAWe_GCBAAA=,Aprobado- Factura  -  257-76462 - Radicado 191337 - AGENCIA DE VIAJES Y TURISMO AVIATUR S.A.S - 328 SC_FDT_DAMASO - NA,10_25776462.pdf,ac7f1029ce8182c5f5748a1f6f668afe8a785f68b80fe764d5c99b0cef1ff2c2676774c5d02e384dc476c6342753d85b,ELEMENTO3124477972,2026-03-10,(PDF_APROBADAS_FALLBACK),ok_pdf_aprobadas_fallback,OK_REGISTRADA_FALLBACK_PDF,7,,23.7,7,7,PDF_APROBADAS|SUBJECT,
20260420_140658_d6ba5bd9,2026-04-20T15:47:40,AAMkADkwZmQ0YTA5LWE0M2MtNDk3Ni1hMzUzLTE0OTQxZDcwZWExMgBGAAAAAADJoyAzIWZBQakanooks8Z-BwBz4_gG-XGLQKeK0wIDJ6A7AAV36zxOAABz4_gG-XGLQKeK0wIDJ6A7AAWe_GCAAAA=,Aprobado- Factura  -  1049 - Radicado 191120 - ESTUDIOS Y DISEÑOS INGENIERIA SAS - Dirección administrativa y financiera - Contabilidad - NA,11668535984cf368cedee65f1c35076f7aec2d489cfc1edc915a4734cf25531154de981c4561c02fb06fbbc3e6820437.pdf,,1049,2026-03-12,(REGISTRO_MINIMO:match_zip_sin_filas),ok_registro_minimo,REGISTRADA,7,,25.517,7,7,REGISTRO_MINIMO,match_zip_sin_filas
20260420_140658_d6ba5bd9,2026-04-20T15:48:12,AAMkADkwZmQ0YTA5LWE0M2MtNDk3Ni1hMzUzLTE0OTQxZDcwZWExMgBGAAAAAADJoyAzIWZBQakanooks8Z-BwBz4_gG-XGLQKeK0wIDJ6A7AAV36zxOAABz4_gG-XGLQKeK0wIDJ6A7AAWe_GB-AAA=,Aprobado- Factura  -  257-76611 - Radicado 191327 - AGENCIA DE VIAJES Y TURISMO AVIATUR S.A.S - 01-2025-327 TOYO T2 S1 - NA,ad08600000180442600224405.pdf,3d267428f0cd49331a19ae340b79107012ec84c8c30a8171e902df11e802f9a0783bbda3cbea1182fb605f94397966e8,25776611,2026-03-26,z08600000180442600224405.zip,ok,OK_REGISTRADA,7,,31.78,7,7,AIDX|SUBJECT,
20260420_140658_d6ba5bd9,2026-04-20T15:48:42,AAMkADkwZmQ0YTA5LWE0M2MtNDk3Ni1hMzUzLTE0OTQxZDcwZWExMgBGAAAAAADJoyAzIWZBQakanooks8Z-BwBz4_gG-XGLQKeK0wIDJ6A7AAV36zxOAABz4_gG-XGLQKeK0wIDJ6A7AAWe_GB_AAA=,Aprobado- Factura  -  257-76613 - Radicado 191326 - AGENCIA DE VIAJES Y TURISMO AVIATUR S.A.S - 01-2025-327 TOYO T2 S1 - NA,ad08600000180442600224411.pdf,9e527bf2fef3f0616b62a782029a4ead6b3728bafe5d23db9d98e5dea400299aea7315250a8bf68f8f2555893c2b4c37,25776613,2026-03-26,z08600000180442600224411.zip,ok,OK_REGISTRADA,7,,30.3,7,7,AIDX|SUBJECT,
20260420_140658_d6ba5bd9,2026-04-20T15:49:17,AAMkADkwZmQ0YTA5LWE0M2MtNDk3Ni1hMzUzLTE0OTQxZDcwZWExMgBGAAAAAADJoyAzIWZBQakanooks8Z-BwBz4_gG-XGLQKeK0wIDJ6A7AAV36zxOAABz4_gG-XGLQKeK0wIDJ6A7AAWe_GB9AAA=,Aprobado- Factura  -  BG 671218 - Radicado 191344 - RECORDAR PREVISION EXEQUIAL TOTAL SAS - Joyco Consultores S.A.S. - NA,ad08001921050072600671218.pdf,dd0ce880fdf676ed28ffb2d8ba8dc7650a4ebd8a15a25e847d313f34493eb0a53db1e7f632dc8b6e63b1d59a41658bb2,BG671218,2026-03-27,z08001921050072600671218.zip,ok,OK_REGISTRADA,7,,35.449,7,7,AIDX|SUBJECT,
20260420_140658_d6ba5bd9,2026-04-20T15:49:49,AAMkADkwZmQ0YTA5LWE0M2MtNDk3Ni1hMzUzLTE0OTQxZDcwZWExMgBGAAAAAADJoyAzIWZBQakanooks8Z-BwBz4_gG-XGLQKeK0wIDJ6A7AAV36zxOAABz4_gG-XGLQKeK0wIDJ6A7AAWe_GB8AAA=,Aprobado- Factura  -  BG 671217 - Radicado 191343 - RECORDAR PREVISION EXEQUIAL TOTAL SAS - Red Férrea Atlántico - NA,ad08001921050072600671217.pdf,20978782c7133e971da1be217f19238c7975558b0c5a8bd768741c1f805c65ab7d471868b04807ba765fbe62cca74bc5,BG671217,2026-03-27,z08001921050072600671217.zip,ok,OK_REGISTRADA,7,,31.974,7,7,AIDX|SUBJECT,
20260420_140658_d6ba5bd9,2026-04-20T15:50:24,AAMkADkwZmQ0YTA5LWE0M2MtNDk3Ni1hMzUzLTE0OTQxZDcwZWExMgBGAAAAAADJoyAzIWZBQakanooks8Z-BwBz4_gG-XGLQKeK0wIDJ6A7AAV36zxOAABz4_gG-XGLQKeK0wIDJ6A7AAWe_GB7AAA=,Aprobado- Factura  -  BG 671216 - Radicado 191342 - RECORDAR PREVISION EXEQUIAL TOTAL SAS - Cucutilla - Cornejo - NA,ad08001921050072600671216.pdf,39ebb0849b39115c9f885dc400ad07e45eb8858c0a8765ce554b81c4d2544a3bf2764c61af01eacea4c08826806f0bd4,BG671216,2026-03-27,z08001921050072600671216.zip,ok,OK_REGISTRADA,7,,35.019,7,7,AIDX|SUBJECT,
20260420_140658_d6ba5bd9,2026-04-20T15:50:57,AAMkADkwZmQ0YTA5LWE0M2MtNDk3Ni1hMzUzLTE0OTQxZDcwZWExMgBGAAAAAADJoyAzIWZBQakanooks8Z-BwBz4_gG-XGLQKeK0wIDJ6A7AAV36zxOAABz4_gG-XGLQKeK0wIDJ6A7AAWe_GB6AAA=,Aprobado- Factura  -  BG 671215 - Radicado 191341 - RECORDAR PREVISION EXEQUIAL TOTAL SAS - Dirección administrativa y financiera -Talento Humano - NA,ad08001921050072600671215.pdf,3d7747b32e2c7c14390077a13c051baca5c8d012ec30284212300824f5509310ebc9e2b6880384927396f59d6783423f,BG671215,2026-03-27,z08001921050072600671215.zip,ok,OK_REGISTRADA,7,,32.83,7,7,AIDX|SUBJECT,
20260420_140658_d6ba5bd9,2026-04-20T15:51:30,AAMkADkwZmQ0YTA5LWE0M2MtNDk3Ni1hMzUzLTE0OTQxZDcwZWExMgBGAAAAAADJoyAzIWZBQakanooks8Z-BwBz4_gG-XGLQKeK0wIDJ6A7AAV36zxOAABz4_gG-XGLQKeK0wIDJ6A7AAWe_GB5AAA=,Aprobado- Factura  -  BG 671214 - Radicado 191339 - RECORDAR PREVISION EXEQUIAL TOTAL SAS - TM Av. 68 - NA,ad08001921050072600671214.pdf,8115dbcdd87442bddfd931751a51e76c1cd2059fc545f69fade8b43de4a7c36c93f8c08b081cc4d3b5c7b3a0805fc646,BG671214,2026-03-27,z08001921050072600671214.zip,ok,OK_REGISTRADA,7,,33.013,7,7,AIDX|SUBJECT,
20260420_140658_d6ba5bd9,2026-04-20T15:52:05,AAMkADkwZmQ0YTA5LWE0M2MtNDk3Ni1hMzUzLTE0OTQxZDcwZWExMgBGAAAAAADJoyAzIWZBQakanooks8Z-BwBz4_gG-XGLQKeK0wIDJ6A7AAV36zxOAABz4_gG-XGLQKeK0wIDJ6A7AAWe_GB4AAA=,Aprobado- Factura  -  FE1-4728 - Radicado 191340 - PAPELERIA DASHIKA - Cucutilla - Cornejo - NA,191339.pdf,237c6924446894c829772aeda970dc146344d92493a8d7f5deff3b0344c103e78dd4fd9cf3e5bb55ff9e0cea5e72f51d,FE1-4728,2026-03-27,ad00055351890572600000f8e.zip,ok,OK_REGISTRADA,7,,34.544,7,7,AIDX|SUBJECT,
20260420_140658_d6ba5bd9,2026-04-20T15:52:42,AAMkADkwZmQ0YTA5LWE0M2MtNDk3Ni1hMzUzLTE0OTQxZDcwZWExMgBGAAAAAADJoyAzIWZBQakanooks8Z-BwBz4_gG-XGLQKeK0wIDJ6A7AAV36zxOAABz4_gG-XGLQKeK0wIDJ6A7AAWe_GB3AAA=,Aprobado- Factura  -  FELG 536554 - Radicado 191335 - LEGON TELECOMUNICACIONES S.A.S. - Cartagena - Palestina - NA,FELG 536554.pdf,30694c935230ae69a94fd2b9f12738e680aa68d544b034824acaadb0f14704bc93614053bee0967740508b777cf88981,FELG536554,2026-04-16,z080017956200826000103bc.zip,ok,OK_REGISTRADA,7,,37.283,7,7,AIDX|SUBJECT,
20260420_140658_d6ba5bd9,2026-04-20T15:53:24,AAMkADkwZmQ0YTA5LWE0M2MtNDk3Ni1hMzUzLTE0OTQxZDcwZWExMgBGAAAAAADJoyAzIWZBQakanooks8Z-BwBz4_gG-XGLQKeK0wIDJ6A7AAV36zxOAABz4_gG-XGLQKeK0wIDJ6A7AAWe_GB2AAA=,Aprobado- Factura  -  FE-61781 - Radicado 191334 - BUK COL S.A.S - Transv. Libertador - NA,FE-61781.pdf,aab74bd239407ea548838f1d313595569824bc4dc3d6c04e92652479e3241ad41dc3eaf2cb197d455572fb41983840ef,FE-61781,2026-03-07,Document_4745303.zip,ok,OK_REGISTRADA,7,,42.002,7,7,AIDX|SUBJECT,
20260420_140658_d6ba5bd9,2026-04-20T15:53:56,AAMkADkwZmQ0YTA5LWE0M2MtNDk3Ni1hMzUzLTE0OTQxZDcwZWExMgBGAAAAAADJoyAzIWZBQakanooks8Z-BwBz4_gG-XGLQKeK0wIDJ6A7AAV36zxOAABz4_gG-XGLQKeK0wIDJ6A7AAWe_GB1AAA=,Aprobado- Factura  -  FE 2774 - Radicado 191275 - IPSEL SAS - Dirección administrativa y financiera -Tics - NA,FE-2774 CONSORCIO CONSULTECNICOS- Impresion..pdf,5f7396c6fffb05d752d154c7880b3d7fbc045b64ac0435a126ef8a4cf0b656dbb0d10ffe7d65a33499a14bb7112a2fc0,FE2774,2026-04-20,(PDF_APROBADAS_FALLBACK),ok_pdf_aprobadas_fallback,OK_REGISTRADA_FALLBACK_PDF,7,,31.581,7,7,PDF_APROBADAS|SUBJECT,
20260420_140658_d6ba5bd9,2026-04-20T15:54:28,AAMkADkwZmQ0YTA5LWE0M2MtNDk3Ni1hMzUzLTE0OTQxZDcwZWExMgBGAAAAAADJoyAzIWZBQakanooks8Z-BwBz4_gG-XGLQKeK0wIDJ6A7AAV36zxOAABz4_gG-XGLQKeK0wIDJ6A7AAWe_GB0AAA=,Aprobado- Factura  -  FE 2773 - Radicado 191274 - IPSEL SAS - Cartago - Calarcá - NA,FE-2773 CONSORCIO INTERVIAL ANDINO - Impresion..pdf,89a075aceda7145e63b51fa42d87a680c75b7dd309ca671344d26bdc72a57035dc22b918b5d0750d19f02d3d2ab36325,FE2773,2026-04-20,(PDF_APROBADAS_FALLBACK),ok_pdf_aprobadas_fallback,OK_REGISTRADA_FALLBACK_PDF,7,,32.59,7,7,PDF_APROBADAS|SUBJECT,
20260420_140658_d6ba5bd9,2026-04-20T15:55:07,AAMkADkwZmQ0YTA5LWE0M2MtNDk3Ni1hMzUzLTE0OTQxZDcwZWExMgBGAAAAAADJoyAzIWZBQakanooks8Z-BwBz4_gG-XGLQKeK0wIDJ6A7AAV36zxOAABz4_gG-XGLQKeK0wIDJ6A7AAWe_GBzAAA=,Aprobado- Factura  -  FE 2772 - Radicado 191272 - IPSEL SAS - Cartagena - Palestina - NA,fv09004003280082600000109.pdf,fa91f2b645e6a2b9cac918816a95d7d9c4eaef42d6a7a1463706b47dfe6d1b46784468e26634684acf8727f2ac156166,FE2772,2026-04-20,z09004003280082600000109.zip,ok,OK_REGISTRADA,7,,38.507,7,7,AIDX|SUBJECT,
20260420_140658_d6ba5bd9,2026-04-20T15:55:39,AAMkADkwZmQ0YTA5LWE0M2MtNDk3Ni1hMzUzLTE0OTQxZDcwZWExMgBGAAAAAADJoyAzIWZBQakanooks8Z-BwBz4_gG-XGLQKeK0wIDJ6A7AAV36zxOAABz4_gG-XGLQKeK0wIDJ6A7AAWe_GByAAA=,Aprobado- Factura  -  FE-60787 - Radicado 190869 - BUK COL S.A.S - Dirección administrativa y financiera -Talento Humano - NA,FA FE-60787 - PDF-4727527.pdf,d9822868b21e0a64b6d3705b733977ed147a0d031379bbe61a0c990db44d43ed3e6e3f56d0e6ab60e6c7997d646736f9,FE-60787,2026-03-04,Document_4727527.zip,ok,OK_REGISTRADA,7,,32.314,7,7,AIDX|SUBJECT,
20260420_140658_d6ba5bd9,2026-04-20T15:56:13,AAMkADkwZmQ0YTA5LWE0M2MtNDk3Ni1hMzUzLTE0OTQxZDcwZWExMgBGAAAAAADJoyAzIWZBQakanooks8Z-BwBz4_gG-XGLQKeK0wIDJ6A7AAV36zxOAABz4_gG-XGLQKeK0wIDJ6A7AAWe_GBxAAA=,Aprobado- Factura  -  FE-60788 - Radicado 190870 - BUK COL S.A.S - Red Férrea Atlántico - NA,FA FE-60788 - PDF-4727529.pdf,e7c9289b135b8701455d02e7a16e516f5f5b63469ca8f8900cd8e81733ca830be31df00b0f535c2ac81d123437a769e1,FE-60788,2026-03-04,Document_4727529.zip,ok,OK_REGISTRADA,7,,34.181,7,7,AIDX|SUBJECT,
20260420_140658_d6ba5bd9,2026-04-20T15:56:55,AAMkADkwZmQ0YTA5LWE0M2MtNDk3Ni1hMzUzLTE0OTQxZDcwZWExMgBGAAAAAADJoyAzIWZBQakanooks8Z-BwBz4_gG-XGLQKeK0wIDJ6A7AAV36zxOAABz4_gG-XGLQKeK0wIDJ6A7AAWe_GBwAAA=,Aprobado- Factura  -  FE-60789 - Radicado 190871 - BUK COL S.A.S - Pto. Gaitán – Pte. Arimena - NA,FA FE-60789 - PDF-4727531.pdf,582c0567d170c3fa0467b8aae8f5f326154b16faa1de12da8398a5d28b01b69ed3f165a9424e0357befac193e12be9ed,FE-60789,2026-03-04,Document_4727531.zip,ok,OK_REGISTRADA,7,,41.54,7,7,AIDX|SUBJECT,
20260420_140658_d6ba5bd9,2026-04-20T15:57:51,AAMkADkwZmQ0YTA5LWE0M2MtNDk3Ni1hMzUzLTE0OTQxZDcwZWExMgBGAAAAAADJoyAzIWZBQakanooks8Z-BwBz4_gG-XGLQKeK0wIDJ6A7AAV36zxOAABz4_gG-XGLQKeK0wIDJ6A7AAWe_GBvAAA=,Aprobado- Factura  -  FE-60790 - Radicado 190872 - BUK COL S.A.S - Cartago - Calarcá - NA,190872.pdf,b3ed13505212322e842e16e80bbf4a0e3199926f48748d5252c425ff84cc6585a85b0bec8f1908ec3b979a9ab93abb24,FE-60790,2026-03-04,Document_4727533.zip,ok,OK_REGISTRADA,7,,55.937,7,7,AIDX|SUBJECT,
20260420_140658_d6ba5bd9,2026-04-20T15:58:27,AAMkADkwZmQ0YTA5LWE0M2MtNDk3Ni1hMzUzLTE0OTQxZDcwZWExMgBGAAAAAADJoyAzIWZBQakanooks8Z-BwBz4_gG-XGLQKeK0wIDJ6A7AAV36zxOAABz4_gG-XGLQKeK0wIDJ6A7AAWe_GBuAAA=,Aprobado- Factura  -  FE-60791 - Radicado 190873 - BUK COL S.A.S - TM Av. 68 - NA,FA FE-60791 - PDF-4727535.pdf,ce2d63dc6b7f3bf3d46dbde8c810011ad1288ee0513518664d5ed701a1848b06d07ca6ad125d144b66f5ccd53d752342,FE-60791,2026-03-04,Document_4727535.zip,ok,OK_REGISTRADA,7,,36.474,7,7,AIDX|SUBJECT,
