run_id,fecha_hora,msg_id,subject,pdf_elegido,cufe,numero,fecha_factura,zip_match,estado,tipo_resultado,filas_generadas,motivo_no_registro,duracion_s,nuevos,enriquecidas,fuente,error
20260425_210559_e7f2f245,2026-04-25T21:10:19,AAMkADkwZmQ0YTA5LWE0M2MtNDk3Ni1hMzUzLTE0OTQxZDcwZWExMgBGAAAAAADJoyAzIWZBQakanooks8Z-BwBz4_gG-XGLQKeK0wIDJ6A7AAV36zxOAABz4_gG-XGLQKeK0wIDJ6A7AAWvzEKhAAA=,Aprobado- Factura  -  FPP - 472376 - Radicado 191794 - PEOPLE PASS SAS - Joyco Consultores S.A.S. - NA,ad09002099560072600472376.pdf,aa804283414771994f2fe2f0e615ded68a79321e0c13091ba68aa2e3a264e22ae8d53ff8d5aa49b2f002ec3076ff5fcb,FPP-472376,2025-08-21,z09002099560072600472376.zip,ok,OK_REGISTRADA,7,,24.678,7,7,AIDX|SUBJECT,
20260425_210559_e7f2f245,2026-04-25T21:10:48,AAMkADkwZmQ0YTA5LWE0M2MtNDk3Ni1hMzUzLTE0OTQxZDcwZWExMgBGAAAAAADJoyAzIWZBQakanooks8Z-BwBz4_gG-XGLQKeK0wIDJ6A7AAV36zxOAABz4_gG-XGLQKeK0wIDJ6A7AAWvzEKgAAA=,Aprobado- Factura  -  FPP - 475067 - Radicado 191937 - PEOPLE PASS SAS - Joyco Consultores S.A.S. - NA,ad09002099560072600475067.pdf,62bfeb8f82f718d59b094a193f1dbcdcab5ed9ca5afcc20a997ddd743204bb8ad93a1af7f04cbae86b5e8d50195967d5,FPP-475067,2025-08-21,z09002099560072600475067.zip,ok,OK_REGISTRADA,7,,28.539,7,7,NUM_MATCH:FPP475067|SUBJECT,
20260425_210559_e7f2f245,2026-04-25T21:11:06,AAMkADkwZmQ0YTA5LWE0M2MtNDk3Ni1hMzUzLTE0OTQxZDcwZWExMgBGAAAAAADJoyAzIWZBQakanooks8Z-BwBz4_gG-XGLQKeK0wIDJ6A7AAV36zxOAABz4_gG-XGLQKeK0wIDJ6A7AAWvzEKfAAA=,Aprobado- Factura  -  FPP - 475142 - Radicado 191939 - PEOPLE PASS SAS - Joyco Consultores S.A.S. - NA,Factura abono Joyco Consultores.pdf,7a58a65d32a0e0f4d1299ad27987e4eb476815bd578a1d1fcc2ebe51b89db2ef8dd04098073345967a3b0dda0e0bc336,FPP-475142,2025-08-21,z09002099560072600475142.zip,ok,OK_REGISTRADA,7,,18.729,7,7,NUM_MATCH:FPP475142|SUBJECT,
20260425_210559_e7f2f245,2026-04-25T21:11:25,AAMkADkwZmQ0YTA5LWE0M2MtNDk3Ni1hMzUzLTE0OTQxZDcwZWExMgBGAAAAAADJoyAzIWZBQakanooks8Z-BwBz4_gG-XGLQKeK0wIDJ6A7AAV36zxOAABz4_gG-XGLQKeK0wIDJ6A7AAWvzEKeAAA=,Aprobado- Factura  -  FPP - 475122 - Radicado 191940 - PEOPLE PASS SAS - Dirección administrativa y financiera -Talento Humano - NA,FPP - 475122.pdf,c88f8cfc370afb91a266300d50ecf10db4b4800e764c3f15c1a966ff68064a5c95ce7e147061618e39cc4095cd13a1be,FPP-475122,2025-08-21,z09002099560072600475122.zip,ok,OK_REGISTRADA,7,,19.196,7,7,NUM_MATCH:FPP475122|SUBJECT,
20260425_210559_e7f2f245,2026-04-25T21:11:44,AAMkADkwZmQ0YTA5LWE0M2MtNDk3Ni1hMzUzLTE0OTQxZDcwZWExMgBGAAAAAADJoyAzIWZBQakanooks8Z-BwBz4_gG-XGLQKeK0wIDJ6A7AAV36zxOAABz4_gG-XGLQKeK0wIDJ6A7AAWvzEKdAAA=,Aprobado- Factura  -  OO3166 - Radicado 191861 - OLANO&OLANO ABOGADOS SAS - Dirección administrativa y financiera -Talento Humano - NA,dian_OO3166.pdf,1634d6ef8da94cecedbe31ce429a595260791240ab3d949647217668d6ffc8751f85fe9c4d09355e59c1e413c400f020,OO3166,2026-02-03,OO3166.zip,ok,OK_REGISTRADA,7,,18.611,7,7,CUFE|SUBJECT,
20260425_210559_e7f2f245,2026-04-25T21:12:04,AAMkADkwZmQ0YTA5LWE0M2MtNDk3Ni1hMzUzLTE0OTQxZDcwZWExMgBGAAAAAADJoyAzIWZBQakanooks8Z-BwBz4_gG-XGLQKeK0wIDJ6A7AAV36zxOAABz4_gG-XGLQKeK0wIDJ6A7AAWvzEKcAAA=,Aprobado- Factura  -  IAS 573 - Radicado 191932 - INVERSIONES INMOBILIARIAS Y AGROPECUARIAS S.A.S - Red Férrea Atlántico - NA,fv09005544680082600000023.pdf,22b8d1bca7acbd67e0f0c2408016882e8dd0d9886fd466c01039ba8d6ae4db86063a7eee5ac2fd3ef00dbb03ccd201e4,IAS573,2026-04-21,z09005544680082600000023.zip,ok,OK_REGISTRADA,7,,19.535,7,7,CUFE|SUBJECT,
20260425_210559_e7f2f245,2026-04-25T21:12:23,AAMkADkwZmQ0YTA5LWE0M2MtNDk3Ni1hMzUzLTE0OTQxZDcwZWExMgBGAAAAAADJoyAzIWZBQakanooks8Z-BwBz4_gG-XGLQKeK0wIDJ6A7AAV36zxOAABz4_gG-XGLQKeK0wIDJ6A7AAWvzEKbAAA=,Aprobado- Factura  -  257-76876 - Radicado 191936 - AGENCIA DE VIAJES Y TURISMO AVIATUR S.A.S - Cucutilla - Cornejo - NA,ad08600000180442600305425.pdf,6a82846e82c85f8242f2b2496602363ad552ba88621564ee66ec3762770760f6d507d3b4aa8fa25c022c01ac73d891cf,25776876,2026-04-23,z08600000180442600305425.zip,ok,OK_REGISTRADA,7,,18.998,7,7,CUFE|SUBJECT,
20260425_210559_e7f2f245,2026-04-25T21:12:42,AAMkADkwZmQ0YTA5LWE0M2MtNDk3Ni1hMzUzLTE0OTQxZDcwZWExMgBGAAAAAADJoyAzIWZBQakanooks8Z-BwBz4_gG-XGLQKeK0wIDJ6A7AAV36zxOAABz4_gG-XGLQKeK0wIDJ6A7AAWvzEKaAAA=,Aprobado- Factura  -  FEC1398 - Radicado 191949 - PANADERIA Y LACTEOS LA VACANA SAS - Cucutilla - Cornejo - NA,ad0901935360057260000020d.pdf,d82eeeb29e05eefcf51d3445d4d997e9375fe5abfbce3933d4c4626cb11b411dc3070e9e9dbd30847c652853c88446e5,FEC1398,2026-04-24,ad0901935360057260000020d.zip,ok,OK_REGISTRADA,7,,19.171,7,7,CUFE|SUBJECT,
20260425_210559_e7f2f245,2026-04-25T21:13:05,AAMkADkwZmQ0YTA5LWE0M2MtNDk3Ni1hMzUzLTE0OTQxZDcwZWExMgBGAAAAAADJoyAzIWZBQakanooks8Z-BwBz4_gG-XGLQKeK0wIDJ6A7AAV36zxOAABz4_gG-XGLQKeK0wIDJ6A7AAWvzEKZAAA=,Aprobado- Factura  -  G 2552 - Radicado 191935 - TRANSPORTES MULTIMODAL GROUP SAS - Bicentenario - NA,G2552-CONSORCIO VIAL BICENTENARIO.pdf,fd9753af260f91e7ac3ae98bfcc777fbc8f661662032db7defd3499194242f73b99bd818c21af8292f57a8d46e999992,G2552,2026-04-20,G2552.zip,ok,OK_REGISTRADA,7,,23.714,7,7,NUM_MATCH:G2552|SUBJECT,
20260425_210559_e7f2f245,2026-04-25T21:13:25,AAMkADkwZmQ0YTA5LWE0M2MtNDk3Ni1hMzUzLTE0OTQxZDcwZWExMgBGAAAAAADJoyAzIWZBQakanooks8Z-BwBz4_gG-XGLQKeK0wIDJ6A7AAV36zxOAABz4_gG-XGLQKeK0wIDJ6A7AAWvzEKYAAA=,Aprobado- Factura  -  EN 10097 - Radicado 191934 - ENSAFE SAS - Transv. Libertador - NA,336f6c30-acd8-4349-ba26-eed345499b97.pdf,00b159d1b333ffb4279f10199d0baece9877e51b6d3b0b1c5c8b9c5f3b76e0d2f789b9860a910354a7787ded450906c3,EN10097,2026-04-18,336f6c30-acd8-4349-ba26-eed345499b97.zip,ok,OK_REGISTRADA,7,,19.562,7,7,AIDX|SUBJECT,
20260425_210559_e7f2f245,2026-04-25T21:13:45,AAMkADkwZmQ0YTA5LWE0M2MtNDk3Ni1hMzUzLTE0OTQxZDcwZWExMgBGAAAAAADJoyAzIWZBQakanooks8Z-BwBz4_gG-XGLQKeK0wIDJ6A7AAV36zxOAABz4_gG-XGLQKeK0wIDJ6A7AAWvzEKXAAA=,Aprobado- Factura  -  FVE 2167 - Radicado 191944 - JOYCO SAS BIC - Cartago - Calarcá - NA,fv08600675610082600000078.pdf,dac4ba1cdb154e1e72a6bda0a14f0d8517a0b3f5a0b7c14b1eadc32e8fdbd220535a49879edfe7ea7e0596a2e130f30f,FVE2167,2026-04-24,z08600675610082600000078.zip,ok,OK_REGISTRADA,7,,19.96,7,7,CUFE|SUBJECT,
20260425_210559_e7f2f245,2026-04-25T21:14:06,AAMkADkwZmQ0YTA5LWE0M2MtNDk3Ni1hMzUzLTE0OTQxZDcwZWExMgBGAAAAAADJoyAzIWZBQakanooks8Z-BwBz4_gG-XGLQKeK0wIDJ6A7AAV36zxOAABz4_gG-XGLQKeK0wIDJ6A7AAWvzEKWAAA=,Aprobado- Factura  -  MFE 12058 - Radicado 191865 - PINZUAR SAS - 01-2025-327 TOYO T2 S1 - NA,ad08000069000352600001431.pdf,ab5324f63af8e1b2ae2f1b42bd15c2692533b93100ce0db702c4c8a11db644bc41c55f323da1784f46f7ab32068c1fe2,MFE12058,2026-07-29,ad08000069000352600001431.zip,ok,OK_REGISTRADA,7,,21.327,7,7,CUFE|SUBJECT,
20260425_210559_e7f2f245,2026-04-25T21:14:26,AAMkADkwZmQ0YTA5LWE0M2MtNDk3Ni1hMzUzLTE0OTQxZDcwZWExMgBGAAAAAADJoyAzIWZBQakanooks8Z-BwBz4_gG-XGLQKeK0wIDJ6A7AAV36zxOAABz4_gG-XGLQKeK0wIDJ6A7AAWvzEKVAAA=,Aprobado- Factura  -  EN 10122 - Radicado 191862 - ENSAFE SAS - 199 SC_ 277-00-FAC CADEC N 1 - NA,a4b9b6df-6360-4191-bdd8-106ba7f7c7aa.pdf,77b35e822f0182cea4f199e78e0a975d03dcb3971b0821b0f2b5df97127f793c84191ec6729d9cd3c9ee2dfcc524b88d,EN10122,2026-04-20,a4b9b6df-6360-4191-bdd8-106ba7f7c7aa.zip,ok,OK_REGISTRADA,7,,19.318,7,7,CUFE|SUBJECT,
20260425_210559_e7f2f245,2026-04-25T21:14:44,AAMkADkwZmQ0YTA5LWE0M2MtNDk3Ni1hMzUzLTE0OTQxZDcwZWExMgBGAAAAAADJoyAzIWZBQakanooks8Z-BwBz4_gG-XGLQKeK0wIDJ6A7AAV36zxOAABz4_gG-XGLQKeK0wIDJ6A7AAWvzEKUAAA=,Aprobado- Factura  -  FEED6310 - Radicado 191847 - EXTRA DOTACIONES SAS - Pto. Gaitán – Pte. Arimena - NA,ad09012824140852600000241.pdf,b7ec80eefaf3e527f98981e852b74dbb15e6253eecf915892ab6af5c7f236c028ca8979b3cd5312e2a6282702188d97c,FEED6310,2026-04-20,z09012824140852600000241.zip,ok,OK_REGISTRADA,7,,18.359,7,7,CUFE|SUBJECT,
20260425_210559_e7f2f245,2026-04-25T21:15:02,AAMkADkwZmQ0YTA5LWE0M2MtNDk3Ni1hMzUzLTE0OTQxZDcwZWExMgBGAAAAAADJoyAzIWZBQakanooks8Z-BwBz4_gG-XGLQKeK0wIDJ6A7AAV36zxOAABz4_gG-XGLQKeK0wIDJ6A7AAWvzEKTAAA=,Aprobado- Factura  -  FEED6309 - Radicado 191846 - EXTRA DOTACIONES SAS - TM Av. 68 - NA,ad09012824140852600000240.pdf,34a05ba6c119c7fef0596b10692adec678deb53c6269cc9adacd02326d1d7e7ffd06af0e10b88c8936905cc9a9728802,FEED6309,2026-04-20,z09012824140852600000240.zip,ok,OK_REGISTRADA,7,,18.482,7,7,CUFE|SUBJECT,
20260425_210559_e7f2f245,2026-04-25T21:15:21,AAMkADkwZmQ0YTA5LWE0M2MtNDk3Ni1hMzUzLTE0OTQxZDcwZWExMgBGAAAAAADJoyAzIWZBQakanooks8Z-BwBz4_gG-XGLQKeK0wIDJ6A7AAV36zxOAABz4_gG-XGLQKeK0wIDJ6A7AAWvzEKSAAA=,Aprobado- Factura  -  FEED6308 - Radicado 191845 - EXTRA DOTACIONES SAS - 01-2025-327 TOYO T2 S1 - NA,ad09012824140852600000239.pdf,4ed2f2c5a7522a3e1c703cda32c59ae22a0b26d07e5aa5c202e1040a586b8e209dd3fffbe958459622c53792acd15075,FEED6308,2026-04-20,z09012824140852600000239.zip,ok,OK_REGISTRADA,7,,18.322,7,7,CUFE|SUBJECT,
20260425_210559_e7f2f245,2026-04-25T21:15:40,AAMkADkwZmQ0YTA5LWE0M2MtNDk3Ni1hMzUzLTE0OTQxZDcwZWExMgBGAAAAAADJoyAzIWZBQakanooks8Z-BwBz4_gG-XGLQKeK0wIDJ6A7AAV36zxOAABz4_gG-XGLQKeK0wIDJ6A7AAWvzEKRAAA=,Aprobado- Factura  -  FEED6306 - Radicado 191841 - EXTRA DOTACIONES SAS - TM Av. 68 - NA,ad09012824140852600000237.pdf,8dc3aef3d38c6a284821c8708a68347f75d0e423f3025fc6b3a305311b168895b1c26c1a6f2615a61a2a2e434f7a2278,FEED6306,2026-04-20,z09012824140852600000237.zip,ok,OK_REGISTRADA,7,,19.24,7,7,CUFE|SUBJECT,
20260425_210559_e7f2f245,2026-04-25T21:15:59,AAMkADkwZmQ0YTA5LWE0M2MtNDk3Ni1hMzUzLTE0OTQxZDcwZWExMgBGAAAAAADJoyAzIWZBQakanooks8Z-BwBz4_gG-XGLQKeK0wIDJ6A7AAV36zxOAABz4_gG-XGLQKeK0wIDJ6A7AAWvzEKQAAA=,Aprobado- Factura  -  FEED6304 - Radicado 191840 - EXTRA DOTACIONES SAS - L.T. Guaymaral - NA,FEED6304.pdf,0efddc9db35a512e3490fe4ed354632bc72351e415c16baae9545883a8e28bb9b80619a88b0d06a3c3401fdeaeab0367,FEED6304,2026-04-20,z09012824140852600000235.zip,ok,OK_REGISTRADA,7,,18.678,7,7,AIDX|SUBJECT,
20260425_210559_e7f2f245,2026-04-25T21:16:18,AAMkADkwZmQ0YTA5LWE0M2MtNDk3Ni1hMzUzLTE0OTQxZDcwZWExMgBGAAAAAADJoyAzIWZBQakanooks8Z-BwBz4_gG-XGLQKeK0wIDJ6A7AAV36zxOAABz4_gG-XGLQKeK0wIDJ6A7AAWvzEKPAAA=,Aprobado- Factura  -  FEED6305 - Radicado 191839 - EXTRA DOTACIONES SAS - Cartagena - Palestina - NA,ad09012824140852600000236.pdf,5813330db0678ce830ed4cd6fe1844a909ec8d075bde5d720328334b3683c8953b5425516b96e939045fec3bc6b42f2a,FEED6305,2026-04-20,z09012824140852600000236.zip,ok,OK_REGISTRADA,7,,19.787,7,7,AIDX|SUBJECT,
20260425_210559_e7f2f245,2026-04-25T21:16:39,AAMkADkwZmQ0YTA5LWE0M2MtNDk3Ni1hMzUzLTE0OTQxZDcwZWExMgBGAAAAAADJoyAzIWZBQakanooks8Z-BwBz4_gG-XGLQKeK0wIDJ6A7AAV36zxOAABz4_gG-XGLQKeK0wIDJ6A7AAWvzEKOAAA=,Aprobado- Factura  -  EN 10113 - Radicado 191838 - ENSAFE SAS - L.T. Guaymaral - NA,2f663b46-346f-45fd-bafd-30bed6a8b2bc.pdf,d1090fea0335e82f3b49a5adc7640abec64bc891a98a1b3b7742da6728e731a6c3c5e809e7fdefdf046e360477687b86,EN10113,2026-04-20,2f663b46-346f-45fd-bafd-30bed6a8b2bc.zip,ok,OK_REGISTRADA,7,,20.109,7,7,AIDX|SUBJECT,
20260425_210559_e7f2f245,2026-04-25T21:16:58,AAMkADkwZmQ0YTA5LWE0M2MtNDk3Ni1hMzUzLTE0OTQxZDcwZWExMgBGAAAAAADJoyAzIWZBQakanooks8Z-BwBz4_gG-XGLQKeK0wIDJ6A7AAV36zxOAABz4_gG-XGLQKeK0wIDJ6A7AAWvzEKNAAA=,Aprobado- Factura  -  FEED6303 - Radicado 191837 - EXTRA DOTACIONES SAS - FAC - Pto. Salgar - NA,ad09012824140852600000234.pdf,2be0a6c4639f036fc6f00c6ca276350e3c1e596ee8d99faa093443408cdd2b5fc58d4681250bf00bbb97da6365e07247,FEED6303,2026-04-20,z09012824140852600000234.zip,ok,OK_REGISTRADA,7,,19.858,7,7,AIDX|SUBJECT,
20260425_210559_e7f2f245,2026-04-25T21:17:17,AAMkADkwZmQ0YTA5LWE0M2MtNDk3Ni1hMzUzLTE0OTQxZDcwZWExMgBGAAAAAADJoyAzIWZBQakanooks8Z-BwBz4_gG-XGLQKeK0wIDJ6A7AAV36zxOAABz4_gG-XGLQKeK0wIDJ6A7AAWvzEKMAAA=,Aprobado- Factura  -  FEED6302 - Radicado 191836 - EXTRA DOTACIONES SAS - 02-2025-191 Señalización SDM - NA,ad09012824140852600000233.pdf,b7b0616e0148a23f9c46c16c12bc8c3a2fc15cf3afbcf8ebaa627c63406c7bbe7e35bccd98d325d8d7e041cb42890039,FEED6302,2026-04-20,z09012824140852600000233.zip,ok,OK_REGISTRADA,7,,19.049,7,7,AIDX|SUBJECT,
20260425_210559_e7f2f245,2026-04-25T21:17:38,AAMkADkwZmQ0YTA5LWE0M2MtNDk3Ni1hMzUzLTE0OTQxZDcwZWExMgBGAAAAAADJoyAzIWZBQakanooks8Z-BwBz4_gG-XGLQKeK0wIDJ6A7AAV36zxOAABz4_gG-XGLQKeK0wIDJ6A7AAWvzEKLAAA=,Aprobado- Factura  -  FEED6301 - Radicado 191835 - EXTRA DOTACIONES SAS - 199 SC_ 277-00-FAC CADEC N 1 - NA,ad09012824140852600000232.pdf,a87b8a7f8dbdbd80e6f42d31a156137f688e73bc138313cedfb5e681a55aec4c388fdaff6348a5f6a7b515defef2e921,FEED6301,2026-04-20,z09012824140852600000232.zip,ok,OK_REGISTRADA,7,,20.24,7,7,AIDX|SUBJECT,
20260425_210559_e7f2f245,2026-04-25T21:18:00,AAMkADkwZmQ0YTA5LWE0M2MtNDk3Ni1hMzUzLTE0OTQxZDcwZWExMgBGAAAAAADJoyAzIWZBQakanooks8Z-BwBz4_gG-XGLQKeK0wIDJ6A7AAV36zxOAABz4_gG-XGLQKeK0wIDJ6A7AAWvzEKKAAA=,Aprobado- Factura  -  G 2551 - Radicado 191831 - TRANSPORTES MULTIMODAL GROUP SAS - Dirección administrativa y financiera -Compras - NA,191831.pdf,da5e5687eb64d069179157dd10386358c8b9fd3e877ccbc3a6e30c8fecf2a9691f7b89a09f6b6de7ff9daa1587fbac1c,G2551,2026-04-20,G2551.zip,ok,OK_REGISTRADA,7,,21.802,7,7,NUM_MATCH:G2551|SUBJECT,
20260425_210559_e7f2f245,2026-04-25T21:18:19,AAMkADkwZmQ0YTA5LWE0M2MtNDk3Ni1hMzUzLTE0OTQxZDcwZWExMgBGAAAAAADJoyAzIWZBQakanooks8Z-BwBz4_gG-XGLQKeK0wIDJ6A7AAV36zxOAABz4_gG-XGLQKeK0wIDJ6A7AAWvzEKJAAA=,Aprobado- Factura  -  FEED6298 - Radicado 191827 - EXTRA DOTACIONES SAS - Pto. Gaitán – Pte. Arimena - NA,ad09012824140852600000229.pdf,a3c08459d1d96843f9230965592c1cf51bd6e443a7a8364db011d79bca1ef73c2555ebd71fc71a05c89e15379133c9e8,FEED6298,2026-04-18,z09012824140852600000229.zip,ok,OK_REGISTRADA,7,,19.272,7,7,AIDX|SUBJECT,
20260425_210559_e7f2f245,2026-04-25T21:19:13,AAMkADkwZmQ0YTA5LWE0M2MtNDk3Ni1hMzUzLTE0OTQxZDcwZWExMgBGAAAAAADJoyAzIWZBQakanooks8Z-BwBz4_gG-XGLQKeK0wIDJ6A7AAV36zxOAABz4_gG-XGLQKeK0wIDJ6A7AAWvzEKIAAA=,Aprobado- Factura  -  FEED6297 - Radicado 191826 - EXTRA DOTACIONES SAS - Cucutilla - Cornejo - NA,ad09012824140852600000228.pdf,afc44aa288f75390d9108a8e8740904a56f9f8be0d53e0f6630019c68a9480934153a8dde4c30a1aff89bd9125412910,FEED6297,2026-04-18,z09012824140852600000228.zip,ok,OK_REGISTRADA,7,,54.527,7,7,AIDX|SUBJECT,
20260425_210559_e7f2f245,2026-04-25T21:19:34,AAMkADkwZmQ0YTA5LWE0M2MtNDk3Ni1hMzUzLTE0OTQxZDcwZWExMgBGAAAAAADJoyAzIWZBQakanooks8Z-BwBz4_gG-XGLQKeK0wIDJ6A7AAV36zxOAABz4_gG-XGLQKeK0wIDJ6A7AAWvzEKHAAA=,Aprobado- Factura  -  FEED6296 - Radicado 191825 - EXTRA DOTACIONES SAS - Cartago - Calarcá - NA,ad09012824140852600000227.pdf,9e5b25ea4d3f0563afd1aada36f05f5905d0d2d7e0b5f43dfff7bd2d1269fbac22026cbe7be7f226e767aef9d72c8194,FEED6296,2026-04-18,z09012824140852600000227.zip,ok,OK_REGISTRADA,7,,20.33,7,7,AIDX|SUBJECT,
20260425_210559_e7f2f245,2026-04-25T21:19:54,AAMkADkwZmQ0YTA5LWE0M2MtNDk3Ni1hMzUzLTE0OTQxZDcwZWExMgBGAAAAAADJoyAzIWZBQakanooks8Z-BwBz4_gG-XGLQKeK0wIDJ6A7AAV36zxOAABz4_gG-XGLQKeK0wIDJ6A7AAWvzEKGAAA=,Aprobado- Factura  -  FEED6295 - Radicado 191824 - EXTRA DOTACIONES SAS - AMV Caquetá - NA,ad09012824140852600000226.pdf,6678c535d60e75300915c76a69b804ccbc8220aaacf0f2542c6d26986c72263849183871dc2411b5ffa01aa1569becfe,FEED6295,2026-04-18,z09012824140852600000226.zip,ok,OK_REGISTRADA,7,,20.762,7,7,AIDX|SUBJECT,
20260425_210559_e7f2f245,2026-04-25T21:20:15,AAMkADkwZmQ0YTA5LWE0M2MtNDk3Ni1hMzUzLTE0OTQxZDcwZWExMgBGAAAAAADJoyAzIWZBQakanooks8Z-BwBz4_gG-XGLQKeK0wIDJ6A7AAV36zxOAABz4_gG-XGLQKeK0wIDJ6A7AAWvzEKFAAA=,Aprobado- Factura  -  FEED6294 - Radicado 191823 - EXTRA DOTACIONES SAS - Transv. Libertador - NA,ad09012824140852600000225.pdf,a48f306d349245218a5f3e2369f5ef48c46db9e168e413c42183de029bbf6fe11311452515f9ca64d80b3f15b2c52705,FEED6294,2026-04-18,z09012824140852600000225.zip,ok,OK_REGISTRADA,7,,20.214,7,7,AIDX|SUBJECT,
20260425_210559_e7f2f245,2026-04-25T21:20:35,AAMkADkwZmQ0YTA5LWE0M2MtNDk3Ni1hMzUzLTE0OTQxZDcwZWExMgBGAAAAAADJoyAzIWZBQakanooks8Z-BwBz4_gG-XGLQKeK0wIDJ6A7AAV36zxOAABz4_gG-XGLQKeK0wIDJ6A7AAWvzEKEAAA=,Aprobado- Factura  -  FEED6293 - Radicado 191822 - EXTRA DOTACIONES SAS - Cucutilla - Cornejo - NA,ad09012824140852600000224.pdf,0aeca7f3060999e253875de5b95df8e10f63985e35c7acc82980b72b860df468ededaf9158ec2f091fb771b5977a7afe,FEED6293,2026-04-18,z09012824140852600000224.zip,ok,OK_REGISTRADA,7,,20.02,7,7,AIDX|SUBJECT,
20260425_210559_e7f2f245,2026-04-25T21:20:54,AAMkADkwZmQ0YTA5LWE0M2MtNDk3Ni1hMzUzLTE0OTQxZDcwZWExMgBGAAAAAADJoyAzIWZBQakanooks8Z-BwBz4_gG-XGLQKeK0wIDJ6A7AAV36zxOAABz4_gG-XGLQKeK0wIDJ6A7AAWvzEKDAAA=,Aprobado- Factura  -  FEED6292 - Radicado 191821 - EXTRA DOTACIONES SAS - Pto. Gaitán – Pte. Arimena - NA,ad09012824140852600000223.pdf,fccefef755a932fb271645cb3c5dab5a98eb4197e1dc4caaf97397edacdb8914ef6ba305a9ad9936a9e4509fc02eab26,FEED6292,2026-04-18,z09012824140852600000223.zip,ok,OK_REGISTRADA,7,,19.675,7,7,AIDX|SUBJECT,
20260425_210559_e7f2f245,2026-04-25T21:21:15,AAMkADkwZmQ0YTA5LWE0M2MtNDk3Ni1hMzUzLTE0OTQxZDcwZWExMgBGAAAAAADJoyAzIWZBQakanooks8Z-BwBz4_gG-XGLQKeK0wIDJ6A7AAV36zxOAABz4_gG-XGLQKeK0wIDJ6A7AAWvzEKCAAA=,Aprobado- Factura  -  EN 10110 - Radicado 191814 - ENSAFE SAS - 199 SC_ 277-00-FAC CADEC N 1 - NA,cda461b3-7c24-47db-8f77-a5009160e177.pdf,54568fb286c484b191c13265861c6048e19410114a5cb479302d1f4e386d57e93ebf380df049b4504a65c492d415f782,EN10110,2026-04-18,cda461b3-7c24-47db-8f77-a5009160e177.zip,ok,OK_REGISTRADA,7,,20.755,7,7,AIDX|SUBJECT,
20260425_210559_e7f2f245,2026-04-25T21:21:35,AAMkADkwZmQ0YTA5LWE0M2MtNDk3Ni1hMzUzLTE0OTQxZDcwZWExMgBGAAAAAADJoyAzIWZBQakanooks8Z-BwBz4_gG-XGLQKeK0wIDJ6A7AAV36zxOAABz4_gG-XGLQKeK0wIDJ6A7AAWvzEKBAAA=,Aprobado- Factura  -  EN 10109 - Radicado 191813 - ENSAFE SAS - L.T. Guaymaral - NA,4e095383-1fef-41bc-a6fe-87481e6fbc2d.pdf,d08b2a564a47ceff34b6503245f1f187ef941395396048d79f3de52c94c3caad7c8fd611b70ef18f838110326c1eab0f,EN10109,2026-04-18,4e095383-1fef-41bc-a6fe-87481e6fbc2d.zip,ok,OK_REGISTRADA,7,,19.95,7,7,AIDX|SUBJECT,
20260425_210559_e7f2f245,2026-04-25T21:21:55,AAMkADkwZmQ0YTA5LWE0M2MtNDk3Ni1hMzUzLTE0OTQxZDcwZWExMgBGAAAAAADJoyAzIWZBQakanooks8Z-BwBz4_gG-XGLQKeK0wIDJ6A7AAV36zxOAABz4_gG-XGLQKeK0wIDJ6A7AAWvzEKAAAA=,Aprobado- Factura  -  EN 10108 - Radicado 191812 - ENSAFE SAS - 03-2025-192 Mocoa K13.6-K23.0 - NA,58caa04b-3f48-48a0-9247-0860fa34c862.pdf,69ac89813b39e0b8213d36ea9768d11c82586af4fe3e09ddffe6ee1663df7f5510775f380f0a3c4f113ccaac37dc989a,EN10108,2026-04-18,58caa04b-3f48-48a0-9247-0860fa34c862.zip,ok,OK_REGISTRADA,7,,20.502,7,7,AIDX|SUBJECT,
20260425_210559_e7f2f245,2026-04-25T21:22:16,AAMkADkwZmQ0YTA5LWE0M2MtNDk3Ni1hMzUzLTE0OTQxZDcwZWExMgBGAAAAAADJoyAzIWZBQakanooks8Z-BwBz4_gG-XGLQKeK0wIDJ6A7AAV36zxOAABz4_gG-XGLQKeK0wIDJ6A7AAWvzEJ-AAA=,Aprobado- Factura  -  EN 10107 - Radicado 191811 - ENSAFE SAS - Cartagena - Palestina - NA,71918cad-73be-44b2-a12a-cb541f5d26f8.pdf,bd6ac340eae26b051607911be45b8b2a419da166a50ca50e417a3bcb939a058cd8c44a7462e1edbeb89995b239a53cfc,EN10107,2026-04-18,71918cad-73be-44b2-a12a-cb541f5d26f8.zip,ok,OK_REGISTRADA,7,,20.908,7,7,AIDX|SUBJECT,
20260425_210559_e7f2f245,2026-04-25T21:22:37,AAMkADkwZmQ0YTA5LWE0M2MtNDk3Ni1hMzUzLTE0OTQxZDcwZWExMgBGAAAAAADJoyAzIWZBQakanooks8Z-BwBz4_gG-XGLQKeK0wIDJ6A7AAV36zxOAABz4_gG-XGLQKeK0wIDJ6A7AAWvzEJ_AAA=,Aprobado- Factura  -  EN 10106 - Radicado 191810 - ENSAFE SAS - Dirección administrativa y financiera -Compras - NA,f9471700-732e-44d0-8a70-ff5b895f672e.pdf,a7e8582f708d6167ecb828a9522b40328f4c714fce9c6e7f72c734ce50a2dfeb952f5d60740087a0b5be57611ac2bcd7,EN10106,2026-04-18,f9471700-732e-44d0-8a70-ff5b895f672e.zip,ok,OK_REGISTRADA,7,,20.922,7,7,AIDX|SUBJECT,
20260425_210559_e7f2f245,2026-04-25T21:22:58,AAMkADkwZmQ0YTA5LWE0M2MtNDk3Ni1hMzUzLTE0OTQxZDcwZWExMgBGAAAAAADJoyAzIWZBQakanooks8Z-BwBz4_gG-XGLQKeK0wIDJ6A7AAV36zxOAABz4_gG-XGLQKeK0wIDJ6A7AAWvzEJ9AAA=,Aprobado- Factura  -  EN 10105 - Radicado 191809 - ENSAFE SAS - Dirección administrativa y financiera -Compras - NA,8260e8e8-7690-415a-b787-beb88b25c770.pdf,7f50f28c6fa3c6c229da2272ae685eb307fdbac78b0ae59379ed3d79d68506969e0da44178bc206256851809617d6ecf,EN10105,2026-04-18,8260e8e8-7690-415a-b787-beb88b25c770.zip,ok,OK_REGISTRADA,7,,20.501,7,7,AIDX|SUBJECT,
20260425_210559_e7f2f245,2026-04-25T21:23:18,AAMkADkwZmQ0YTA5LWE0M2MtNDk3Ni1hMzUzLTE0OTQxZDcwZWExMgBGAAAAAADJoyAzIWZBQakanooks8Z-BwBz4_gG-XGLQKeK0wIDJ6A7AAV36zxOAABz4_gG-XGLQKeK0wIDJ6A7AAWvzEJ8AAA=,Aprobado- Factura  -  EN 10104 - Radicado 191808 - ENSAFE SAS - 01-2025-327 TOYO T2 S1 - NA,a844259c-09d4-435e-a909-114a9187fce5.pdf,19c3207d76eaa12cd7719306a76ae8d642b03ea5065f32cf7838c46d25f1eaae362e1fcbd2f5f15696e2f85239354bc0,EN10104,2026-04-18,a844259c-09d4-435e-a909-114a9187fce5.zip,ok,OK_REGISTRADA,7,,20.059,7,7,AIDX|SUBJECT,
20260425_210559_e7f2f245,2026-04-25T21:23:39,AAMkADkwZmQ0YTA5LWE0M2MtNDk3Ni1hMzUzLTE0OTQxZDcwZWExMgBGAAAAAADJoyAzIWZBQakanooks8Z-BwBz4_gG-XGLQKeK0wIDJ6A7AAV36zxOAABz4_gG-XGLQKeK0wIDJ6A7AAWvzEJ7AAA=,Aprobado- Factura  -  EN 10103 - Radicado 191807 - ENSAFE SAS - TM Av. 68 - NA,02a0dccd-d217-45d2-8be5-22a07992ca7f.pdf,50fd732dac012679f2434620720bbb13974edebbe8e53e178d555cb879f711ede2cb3774cece18a9d4f7d50f4f8f1417,EN10103,2026-04-18,02a0dccd-d217-45d2-8be5-22a07992ca7f.zip,ok,OK_REGISTRADA,7,,20.844,7,7,AIDX|SUBJECT,
20260425_210559_e7f2f245,2026-04-25T21:23:59,AAMkADkwZmQ0YTA5LWE0M2MtNDk3Ni1hMzUzLTE0OTQxZDcwZWExMgBGAAAAAADJoyAzIWZBQakanooks8Z-BwBz4_gG-XGLQKeK0wIDJ6A7AAV36zxOAABz4_gG-XGLQKeK0wIDJ6A7AAWvzEJ6AAA=,Aprobado- Factura  -  EN 10102 - Radicado 191806 - ENSAFE SAS - TM Av. 68 - NA,4cf9590a-3ac7-41e5-a43d-e25047b0bc08.pdf,cdbed57c12d8a24b3cfe2277321de4aa2c41919b671a1e308fb1b154b04840b1509a2b6c31aab4c989cc877bf03c3f6d,EN10102,2026-04-18,4cf9590a-3ac7-41e5-a43d-e25047b0bc08.zip,ok,OK_REGISTRADA,7,,20.233,7,7,AIDX|SUBJECT,
20260425_210559_e7f2f245,2026-04-25T21:24:19,AAMkADkwZmQ0YTA5LWE0M2MtNDk3Ni1hMzUzLTE0OTQxZDcwZWExMgBGAAAAAADJoyAzIWZBQakanooks8Z-BwBz4_gG-XGLQKeK0wIDJ6A7AAV36zxOAABz4_gG-XGLQKeK0wIDJ6A7AAWvzEJ5AAA=,Aprobado- Factura  -  IAS 574 - Radicado 191884 - INVERSIONES INMOBILIARIAS Y AGROPECUARIAS S.A.S - Red Férrea Atlántico - NA,fv09005544680082600000024.pdf,90c0c10881da8c7f90d528fa2d7b47c4564b1f14bea0725ef7fdfaffd9520cccf43813335d13002a9663f8b36dad943e,IAS574,2026-04-21,z09005544680082600000024.zip,ok,OK_REGISTRADA,7,,20.298,7,7,CUFE|SUBJECT,
20260425_210559_e7f2f245,2026-04-25T21:24:40,AAMkADkwZmQ0YTA5LWE0M2MtNDk3Ni1hMzUzLTE0OTQxZDcwZWExMgBGAAAAAADJoyAzIWZBQakanooks8Z-BwBz4_gG-XGLQKeK0wIDJ6A7AAV36zxOAABz4_gG-XGLQKeK0wIDJ6A7AAWvzEJ4AAA=,Aprobado- Factura  -  EN 10101 - Radicado 191805 - ENSAFE SAS - Pto. Gaitán – Pte. Arimena - NA,51db99ff-1e21-4d50-ac98-9eac3ba3110b.pdf,03d6e484a12bc906e953b648ddbc88bee825f90457c36e198ea72bdbaa1bb245f9ce1638b4d93e2d00b2bcb5f46b6e95,EN10101,2026-04-18,51db99ff-1e21-4d50-ac98-9eac3ba3110b.zip,ok,OK_REGISTRADA,7,,20.66,7,7,AIDX|SUBJECT,
20260425_210559_e7f2f245,2026-04-25T21:25:02,AAMkADkwZmQ0YTA5LWE0M2MtNDk3Ni1hMzUzLTE0OTQxZDcwZWExMgBGAAAAAADJoyAzIWZBQakanooks8Z-BwBz4_gG-XGLQKeK0wIDJ6A7AAV36zxOAABz4_gG-XGLQKeK0wIDJ6A7AAWvzEJ3AAA=,Aprobado- Factura  -  EN 10100 - Radicado 191804 - ENSAFE SAS - Cucutilla - Cornejo - NA,61f84307-abe2-4c66-a4c2-269c0cd8eabc.pdf,01765a8264969da9df56f468e0fab798c0b41e72be7644ad5ce0a53fc47aa2d3418d329e15dddbe9440d65c92cbcadc3,EN10100,2026-04-18,61f84307-abe2-4c66-a4c2-269c0cd8eabc.zip,ok,OK_REGISTRADA,7,,22.48,7,7,AIDX|SUBJECT,
20260425_210559_e7f2f245,2026-04-25T21:25:23,AAMkADkwZmQ0YTA5LWE0M2MtNDk3Ni1hMzUzLTE0OTQxZDcwZWExMgBGAAAAAADJoyAzIWZBQakanooks8Z-BwBz4_gG-XGLQKeK0wIDJ6A7AAV36zxOAABz4_gG-XGLQKeK0wIDJ6A7AAWvzEJ2AAA=,Aprobado- Factura  -  EN 10099 - Radicado 191803 - ENSAFE SAS - Cartago - Calarcá - NA,7439f703-56de-4346-9966-1e2b6cba5e94.pdf,ae16949950d80e3dc04473cc879249da9b17d75dc31b8a798b4eae3bbd648fb7a41121bef648b18b0780bc7f97bdb278,EN10099,2026-04-18,7439f703-56de-4346-9966-1e2b6cba5e94.zip,ok,OK_REGISTRADA,7,,20.619,7,7,AIDX|SUBJECT,
20260425_210559_e7f2f245,2026-04-25T21:25:44,AAMkADkwZmQ0YTA5LWE0M2MtNDk3Ni1hMzUzLTE0OTQxZDcwZWExMgBGAAAAAADJoyAzIWZBQakanooks8Z-BwBz4_gG-XGLQKeK0wIDJ6A7AAV36zxOAABz4_gG-XGLQKeK0wIDJ6A7AAWvzEJ1AAA=,Aprobado- Factura  -  EN 10098 - Radicado 191802 - ENSAFE SAS - Pto. Gaitán – Pte. Arimena - NA,e617c183-9c18-4c46-829b-37b46d5161e9.pdf,66713a426f3ce9c340fb4c62d58eb4a764a9f7d511f863cbd5fef2d64946a522836ab169c16da92b8f77549ee7682f16,EN10098,2026-04-18,e617c183-9c18-4c46-829b-37b46d5161e9.zip,ok,OK_REGISTRADA,7,,20.552,7,7,AIDX|SUBJECT,
20260425_210559_e7f2f245,2026-04-25T21:26:08,AAMkADkwZmQ0YTA5LWE0M2MtNDk3Ni1hMzUzLTE0OTQxZDcwZWExMgBGAAAAAADJoyAzIWZBQakanooks8Z-BwBz4_gG-XGLQKeK0wIDJ6A7AAV36zxOAABz4_gG-XGLQKeK0wIDJ6A7AAWvzEJ0AAA=,Aprobado- Factura  -  BOG41039 - Radicado 191891 - ALMACEN GENERAL DE DEPOSITO SA - Dirección administrativa y financiera -Compras - NA,BOG41039.pdf,018651cce01d8af229c87fb457ec6c1cc86e8116542a1067a2752ae2f9ddf4a5ace39329c7f055f01588ef6bb63e55ff,BOG41039,2026-01-30,860020382_BOG41039.zip,ok,OK_REGISTRADA,7,,24.215,7,7,CUFE|SUBJECT,
20260425_210559_e7f2f245,2026-04-25T21:26:28,AAMkADkwZmQ0YTA5LWE0M2MtNDk3Ni1hMzUzLTE0OTQxZDcwZWExMgBGAAAAAADJoyAzIWZBQakanooks8Z-BwBz4_gG-XGLQKeK0wIDJ6A7AAV36zxOAABz4_gG-XGLQKeK0wIDJ6A7AAWvzEJzAAA=,Aprobado- Factura  -  EN 10096 - Radicado 191799 - ENSAFE SAS - Red Férrea Atlántico - NA,b0661882-615f-4776-b3f2-717352254576.pdf,8e64b297a144b0c9be92ccebc30a47c485d79683a630c1c6f0b46893347a5eca116174af929718ee7b0e328e6dee525b,EN10096,2026-04-18,b0661882-615f-4776-b3f2-717352254576.zip,ok,OK_REGISTRADA,7,,20.547,7,7,AIDX|SUBJECT,
20260425_210559_e7f2f245,2026-04-25T21:26:49,AAMkADkwZmQ0YTA5LWE0M2MtNDk3Ni1hMzUzLTE0OTQxZDcwZWExMgBGAAAAAADJoyAzIWZBQakanooks8Z-BwBz4_gG-XGLQKeK0wIDJ6A7AAV36zxOAABz4_gG-XGLQKeK0wIDJ6A7AAWvzEJyAAA=,Aprobado- Factura  -  257-76858 - Radicado 191929 - AGENCIA DE VIAJES Y TURISMO AVIATUR S.A.S - Dirección administrativa y financiera -Compras - NA,ad08600000180442600304002.pdf,610d886dbcbda7d742a64557659c4d7d51365c3b20fd8a869de0c1281f8df8016335f9d2cb11ef9a08729782a077947b,25776858,2026-04-23,z08600000180442600304002.zip,ok,OK_REGISTRADA,7,,21.211,7,7,CUFE|SUBJECT,
20260425_210559_e7f2f245,2026-04-25T21:27:09,AAMkADkwZmQ0YTA5LWE0M2MtNDk3Ni1hMzUzLTE0OTQxZDcwZWExMgBGAAAAAADJoyAzIWZBQakanooks8Z-BwBz4_gG-XGLQKeK0wIDJ6A7AAV36zxOAABz4_gG-XGLQKeK0wIDJ6A7AAWvzEJxAAA=,Aprobado- Factura  -  257-76862 - Radicado 191906 - AGENCIA DE VIAJES Y TURISMO AVIATUR S.A.S - Dirección administrativa y financiera -Compras - NA,ad08600000180442600298773.pdf,12f0b226e016cdb34b177c48b138f9b8fe6ec93ddf83f680c6da2cd73193cf873ebd356862940ead50ef4dd96db9e603,25776862,2026-04-22,z08600000180442600298773.zip,ok,OK_REGISTRADA,7,,19.892,7,7,CUFE|SUBJECT,
20260425_210559_e7f2f245,2026-04-25T21:27:30,AAMkADkwZmQ0YTA5LWE0M2MtNDk3Ni1hMzUzLTE0OTQxZDcwZWExMgBGAAAAAADJoyAzIWZBQakanooks8Z-BwBz4_gG-XGLQKeK0wIDJ6A7AAV36zxOAABz4_gG-XGLQKeK0wIDJ6A7AAWvzEJwAAA=,Aprobado- Factura  -  257-76847 - Radicado 191879 - AGENCIA DE VIAJES Y TURISMO AVIATUR S.A.S - 01-2025-327 TOYO T2 S1 - NA,ad08600000180442600295310.pdf,26e05f6eaeb4193116c0b9677d97317325601563986524297f60536a6b6473c2abbafb6b184d81a7532708b1a226fb07,25776847,2026-04-21,z08600000180442600295310.zip,ok,OK_REGISTRADA,7,,20.389,7,7,CUFE|SUBJECT,
20260425_210559_e7f2f245,2026-04-25T21:27:50,AAMkADkwZmQ0YTA5LWE0M2MtNDk3Ni1hMzUzLTE0OTQxZDcwZWExMgBGAAAAAADJoyAzIWZBQakanooks8Z-BwBz4_gG-XGLQKeK0wIDJ6A7AAV36zxOAABz4_gG-XGLQKeK0wIDJ6A7AAWvzEJvAAA=,Aprobado- Factura  -  EN 10095 - Radicado 191797 - ENSAFE SAS - Dirección administrativa y financiera -Compras - NA,9e3684d5-4ad3-4cfb-b01d-9b3791232c99.pdf,91e5fd0db3320fa99307cba87b87f614c4c0f3c4d70f76fc556b12e29efee4a0899154be598006c155c3153386d584d1,EN10095,2026-04-18,9e3684d5-4ad3-4cfb-b01d-9b3791232c99.zip,ok,OK_REGISTRADA,7,,20.118,7,7,AIDX|SUBJECT,
20260425_210559_e7f2f245,2026-04-25T21:28:10,AAMkADkwZmQ0YTA5LWE0M2MtNDk3Ni1hMzUzLTE0OTQxZDcwZWExMgBGAAAAAADJoyAzIWZBQakanooks8Z-BwBz4_gG-XGLQKeK0wIDJ6A7AAV36zxOAABz4_gG-XGLQKeK0wIDJ6A7AAWvzEJuAAA=,Aprobado- Factura  -  M3376222 - Radicado 191718 - SERVIENTREGA SA - 03-2025-192 Mocoa K13.6-K23.0 - NA,Representacion grafica.pdf,cbb5e8aafaa9c8d70e7a159da99e39847e1b704773c40025579cf5f11ddc285abc7b261db5dd80a20fa48325f9fd3431,M3376222,2026-04-13,Factura-M3376222.zip,ok,OK_REGISTRADA,7,,20.39,7,7,AIDX|SUBJECT,
20260425_210559_e7f2f245,2026-04-25T21:28:34,AAMkADkwZmQ0YTA5LWE0M2MtNDk3Ni1hMzUzLTE0OTQxZDcwZWExMgBGAAAAAADJoyAzIWZBQakanooks8Z-BwBz4_gG-XGLQKeK0wIDJ6A7AAV36zxOAABz4_gG-XGLQKeK0wIDJ6A7AAWvzEJtAAA=,Aprobado- Factura  -  EIE - 20555 - Radicado 191832 - E I E ECHEVERRY INGENIERIA Y ENSAYO SAS - Dirección administrativa y financiera -Compras - NA,073-04 E.I.E Echeverry Ingenieria.pdf,efaac3656c2344d457a2adc29d2d45038aad54d829b936066de162a37c889995af434cd6e706e8f3a79d968898b3e482,EIE-20555,2022-04-11,62fbf1e2-eb0d-4728-b1b4-04fa72be678d.zip,ok,OK_REGISTRADA,7,,23.825,7,7,AIDX|SUBJECT,
20260425_210559_e7f2f245,2026-04-25T21:28:53,AAMkADkwZmQ0YTA5LWE0M2MtNDk3Ni1hMzUzLTE0OTQxZDcwZWExMgBGAAAAAADJoyAzIWZBQakanooks8Z-BwBz4_gG-XGLQKeK0wIDJ6A7AAV36zxOAABz4_gG-XGLQKeK0wIDJ6A7AAWvzEJsAAA=,Aprobado- Factura  -  A515150905 - Radicado 191897 - SERVIENTREGA SA - Dirección administrativa y financiera -Compras - NA,Representacion grafica.pdf,b3e2982dd01c69cebb4cf9cf37f4f1d818af019307fa03b054bf58a38608379302784fb06a2e047db669b79f850033dd,A515150905,2026-04-22,Factura-A515150905.zip,ok,OK_REGISTRADA,7,,19.382,7,7,CUFE|SUBJECT,
20260425_210559_e7f2f245,2026-04-25T21:29:13,AAMkADkwZmQ0YTA5LWE0M2MtNDk3Ni1hMzUzLTE0OTQxZDcwZWExMgBGAAAAAADJoyAzIWZBQakanooks8Z-BwBz4_gG-XGLQKeK0wIDJ6A7AAV36zxOAABz4_gG-XGLQKeK0wIDJ6A7AAWvzEJrAAA=,Aprobado- Factura  -  A515150906 - Radicado 191898 - SERVIENTREGA SA - Dirección administrativa y financiera -Compras - NA,Representacion grafica.pdf,7fde4b74a21891e88c077d425dd5f61890d4d730521f88e009643d66edb60217dd16802fdce6a0734627a0a8d0a9b05c,A515150906,2026-04-22,Factura-A515150906.zip,ok,OK_REGISTRADA,7,,19.755,7,7,CUFE|SUBJECT,
20260425_210559_e7f2f245,2026-04-25T21:29:33,AAMkADkwZmQ0YTA5LWE0M2MtNDk3Ni1hMzUzLTE0OTQxZDcwZWExMgBGAAAAAADJoyAzIWZBQakanooks8Z-BwBz4_gG-XGLQKeK0wIDJ6A7AAV36zxOAABz4_gG-XGLQKeK0wIDJ6A7AAWvzEJqAAA=,Aprobado- Factura  -  A515150907 - Radicado 191899 - SERVIENTREGA SA - Pto. Gaitán – Pte. Arimena - NA,Representacion grafica.pdf,f56070598979e41101d104c4deac1d7c23d06b454c78dbadb242249e0c2a91246b8d63828a3eda58f2e96b07ae08cf6a,A515150907,2026-04-22,Factura-A515150907.zip,ok,OK_REGISTRADA,7,,19.532,7,7,CUFE|SUBJECT,
20260425_210559_e7f2f245,2026-04-25T21:29:53,AAMkADkwZmQ0YTA5LWE0M2MtNDk3Ni1hMzUzLTE0OTQxZDcwZWExMgBGAAAAAADJoyAzIWZBQakanooks8Z-BwBz4_gG-XGLQKeK0wIDJ6A7AAV36zxOAABz4_gG-XGLQKeK0wIDJ6A7AAWvzEJpAAA=,Aprobado- Factura  -  A515150911 - Radicado 191903 - SERVIENTREGA SA - Transv. Libertador - NA,Representacion grafica.pdf,32cbe617f2c3f4fdf7e144625987cc4f1d729778809e2d2f977680678c8b8d5cc919a203d610f55fb71c646cf1b2ef58,A515150911,2026-04-22,Factura-A515150911.zip,ok,OK_REGISTRADA,7,,20.706,7,7,CUFE|SUBJECT,
20260425_210559_e7f2f245,2026-04-25T21:30:13,AAMkADkwZmQ0YTA5LWE0M2MtNDk3Ni1hMzUzLTE0OTQxZDcwZWExMgBGAAAAAADJoyAzIWZBQakanooks8Z-BwBz4_gG-XGLQKeK0wIDJ6A7AAV36zxOAABz4_gG-XGLQKeK0wIDJ6A7AAWvzEJoAAA=,Aprobado- Factura  -  A515150910 - Radicado 191901 - SERVIENTREGA SA - Cartago - Calarcá - NA,Representacion grafica.pdf,ef25b9b3a0a72cfd6f53c717b05f9179e7191b815b60c0f97ee722f30664eae980351f9406f994a9d38ea22e1a6fd886,A515150910,2026-04-22,Factura-A515150910.zip,ok,OK_REGISTRADA,7,,19.633,7,7,CUFE|SUBJECT,
20260425_210559_e7f2f245,2026-04-25T21:30:34,AAMkADkwZmQ0YTA5LWE0M2MtNDk3Ni1hMzUzLTE0OTQxZDcwZWExMgBGAAAAAADJoyAzIWZBQakanooks8Z-BwBz4_gG-XGLQKeK0wIDJ6A7AAV36zxOAABz4_gG-XGLQKeK0wIDJ6A7AAWvzEJnAAA=,Aprobado- Factura  -  A515150912 - Radicado 191905 - SERVIENTREGA SA - Cucutilla - Cornejo - NA,A515150912.pdf,77985797d6fa980189a513d511b4d2c005042fb122bdf6ca5ec65077641eb896ad856bc0cf795acc5ac6dbb9eb244335,A515150912,2026-04-22,Factura-A515150912.zip,ok,OK_REGISTRADA,7,,20.504,7,7,CUFE|SUBJECT,
20260425_210559_e7f2f245,2026-04-25T21:30:55,AAMkADkwZmQ0YTA5LWE0M2MtNDk3Ni1hMzUzLTE0OTQxZDcwZWExMgBGAAAAAADJoyAzIWZBQakanooks8Z-BwBz4_gG-XGLQKeK0wIDJ6A7AAV36zxOAABz4_gG-XGLQKeK0wIDJ6A7AAWvzEJmAAA=,Aprobado- Factura  -  IK17 26532 - Radicado 191915 - ESTIBOL SAS - Dirección administrativa y financiera -Compras - NA,ad08605083820072600026532.pdf,e0fba8c6d94dfa6a16faf6438fc5864c54f0cd0ffd34398b36e222a707df8e6d7562a02ebcab141348efa0b6519df978,IK1726532,2026-03-04,z08605083820072600026532.zip,ok,OK_REGISTRADA,7,,21.202,7,7,CUFE|SUBJECT,
20260425_210559_e7f2f245,2026-04-25T21:31:28,AAMkADkwZmQ0YTA5LWE0M2MtNDk3Ni1hMzUzLTE0OTQxZDcwZWExMgBGAAAAAADJoyAzIWZBQakanooks8Z-BwBz4_gG-XGLQKeK0wIDJ6A7AAV36zxOAABz4_gG-XGLQKeK0wIDJ6A7AAWvzEJlAAA=,Aprobado- Factura de servicio público  -   63551317 - Radicado 191921 - AIR-E S.A.S - Red Férrea Atlántico - ,AIR-E 63551317 ABRIL 2026 - RFA.pdf,,ABRIL2026,,Toyo 1a Abril 26.zip,ok,OK_REGISTRADA,7,,33.716,7,7,NUM_MATCH:ABRIL2026|SUBJECT,
20260425_210559_e7f2f245,2026-04-25T21:31:50,AAMkADkwZmQ0YTA5LWE0M2MtNDk3Ni1hMzUzLTE0OTQxZDcwZWExMgBGAAAAAADJoyAzIWZBQakanooks8Z-BwBz4_gG-XGLQKeK0wIDJ6A7AAV36zxOAABz4_gG-XGLQKeK0wIDJ6A7AAWvzEJkAAA=,Aprobado- Factura  -  AFSV 1232 - Radicado 191888 - CONTRERAS NUVAN WILSON - AMV Caquetá - NA,fv0017640770008260000060c.pdf,cf6ea9e0ac67b40da3e0efde82d0c13c974cb3c99de02955a093bdb848cbc201eca8c0814f78a9c97c612ceffe195db0,AFSV1232,2026-04-22,z0017640770008260000060c.zip,ok,OK_REGISTRADA,7,,21.045,7,7,CUFE|SUBJECT,
20260425_210559_e7f2f245,2026-04-25T21:32:02,AAMkADkwZmQ0YTA5LWE0M2MtNDk3Ni1hMzUzLTE0OTQxZDcwZWExMgBGAAAAAADJoyAzIWZBQakanooks8Z-BwBz4_gG-XGLQKeK0wIDJ6A7AAV36zxOAABz4_gG-XGLQKeK0wIDJ6A7AAWvzEJjAAA=,Aprobado- Factura  -  SIN - Radicado 191893 - COOPERATIVA DE AHORRO Y CREDITO UNIMOS - TM Av. 68 - NA,SIN_ADJUNTO_APROBADO,,SIN,,(REGISTRO_MINIMO:sin_pdf_o_imagen_aprobada),ok_registro_minimo,REGISTRADA,7,,12.507,7,7,REGISTRO_MINIMO,sin_pdf_o_imagen_aprobada
20260425_210559_e7f2f245,2026-04-25T21:32:15,AAMkADkwZmQ0YTA5LWE0M2MtNDk3Ni1hMzUzLTE0OTQxZDcwZWExMgBGAAAAAADJoyAzIWZBQakanooks8Z-BwBz4_gG-XGLQKeK0wIDJ6A7AAV36zxOAABz4_gG-XGLQKeK0wIDJ6A7AAWvzEJiAAA=,Aprobado- Factura  -  SIN - Radicado 191892 - COOPERATIVA DE AHORRO Y CREDITO UNIMOS - Cartago - Calarcá - NA,SIN_ADJUNTO_APROBADO,,SIN,,(REGISTRO_MINIMO:sin_pdf_o_imagen_aprobada),ok_registro_minimo,REGISTRADA,7,,13.204,7,7,REGISTRO_MINIMO,sin_pdf_o_imagen_aprobada
20260425_210559_e7f2f245,2026-04-25T21:32:36,AAMkADkwZmQ0YTA5LWE0M2MtNDk3Ni1hMzUzLTE0OTQxZDcwZWExMgBGAAAAAADJoyAzIWZBQakanooks8Z-BwBz4_gG-XGLQKeK0wIDJ6A7AAV36zxOAABz4_gG-XGLQKeK0wIDJ6A7AAWvzEJhAAA=,Aprobado- Factura  -  DISL 2839 - Radicado 191889 - JR PRODUCTOS Y SERVICIOS S.A.S - Red Férrea Atlántico - NA,24353e08-f143-411e-8e6b-13db9763c5dd.pdf,3be62bec84f8c82440d7424d3e847b039e4984551db11c461cfb1cdbc4ba6265fc905e41fb74fb8af0d37af06ff037cb,DISL2839,2026-04-22,24353e08-f143-411e-8e6b-13db9763c5dd.zip,ok,OK_REGISTRADA,7,,20.939,7,7,CUFE|SUBJECT,
20260425_210559_e7f2f245,2026-04-25T21:32:57,AAMkADkwZmQ0YTA5LWE0M2MtNDk3Ni1hMzUzLTE0OTQxZDcwZWExMgBGAAAAAADJoyAzIWZBQakanooks8Z-BwBz4_gG-XGLQKeK0wIDJ6A7AAV36zxOAABz4_gG-XGLQKeK0wIDJ6A7AAWvzEJgAAA=,Aprobado- Factura  -  EALT 19192 - Radicado 191887 - INVERSIONES BIENES Y SERVICIOS SAS - Red Férrea Atlántico - NA,fv09010093500082600000efa.pdf,582e5213e3eafa791fa277b5c6a11a4b47bfab65877f9384687c44a9168211721c4de0b801a9915ace4267b0250d5162,EALT19192,2026-04-22,z09010093500082600000efa.zip,ok,OK_REGISTRADA,7,,20.506,7,7,CUFE|SUBJECT,
20260425_210559_e7f2f245,2026-04-25T21:33:17,AAMkADkwZmQ0YTA5LWE0M2MtNDk3Ni1hMzUzLTE0OTQxZDcwZWExMgBGAAAAAADJoyAzIWZBQakanooks8Z-BwBz4_gG-XGLQKeK0wIDJ6A7AAV36zxOAABz4_gG-XGLQKeK0wIDJ6A7AAWvzEJfAAA=,Aprobado- Factura  -  DVE1640 - Radicado 191886 - A Y A RADIOCOMUNICACIONES SAS - Cartago - Calarcá - NA,ad08002221770162600000668.pdf,605958886b9830758f8fc1b619e8c13ad109c21af6854c21c35c554c26a8e43abd96ecdac540309eecfc46cd0edd2c9c,DVE1640,2026-04-21,z08002221770162600000668.zip,ok,OK_REGISTRADA,7,,20.396,7,7,NUM_MATCH:DVE1640|SUBJECT,
20260425_210559_e7f2f245,2026-04-25T21:33:38,AAMkADkwZmQ0YTA5LWE0M2MtNDk3Ni1hMzUzLTE0OTQxZDcwZWExMgBGAAAAAADJoyAzIWZBQakanooks8Z-BwBz4_gG-XGLQKeK0wIDJ6A7AAV36zxOAABz4_gG-XGLQKeK0wIDJ6A7AAWvzEJeAAA=,Aprobado- Factura  -  DVE1639 - Radicado 191885 - A Y A RADIOCOMUNICACIONES SAS - Cartago - Calarcá - NA,ad08002221770162600000667.pdf,f02e6869c5c56f7f4c2f6802b47ff72f225b75f83de56bc97c31907a407dce4d45ac584d25725a71c71e7c2eef5b2bf8,DVE1639,2026-04-21,z08002221770162600000667.zip,ok,OK_REGISTRADA,7,,20.691,7,7,NUM_MATCH:DVE1639|SUBJECT,
20260425_210559_e7f2f245,2026-04-25T21:33:59,AAMkADkwZmQ0YTA5LWE0M2MtNDk3Ni1hMzUzLTE0OTQxZDcwZWExMgBGAAAAAADJoyAzIWZBQakanooks8Z-BwBz4_gG-XGLQKeK0wIDJ6A7AAV36zxOAABz4_gG-XGLQKeK0wIDJ6A7AAWvzEJdAAA=,Aprobado- Factura  -  FE 2033 - Radicado 191877 - SERVICIOS LOGISTICOS DE INGENIERIA SAS - Tolima Red Terciaria - NA,fv0900723023008260000006d.pdf,d68c1edac9b7c543d2d0d1bb3990784c7de476cfcc2f60cca783fac2f2e5432b106f724ffe9afcf69f316a0bf13dd860,FE2033,2026-04-21,z0900723023008260000006d.zip,ok,OK_REGISTRADA,7,,21.606,7,7,CUFE|SUBJECT,
20260425_210559_e7f2f245,2026-04-25T21:34:18,AAMkADkwZmQ0YTA5LWE0M2MtNDk3Ni1hMzUzLTE0OTQxZDcwZWExMgBGAAAAAADJoyAzIWZBQakanooks8Z-BwBz4_gG-XGLQKeK0wIDJ6A7AAV36zxOAABz4_gG-XGLQKeK0wIDJ6A7AAWvzEJcAAA=,Aprobado- Factura  -  IN44835 - Radicado 191876 - ROCSCIENCE INC - Dirección administrativa y financiera -Tics - NA,IN44835-Pending_V2 (1).pdf,ccecec54aaca511caadabcabcaedad6976bacbacedeaeeaece23076ceeece448350204202602052026edcedaeeadaeae,IN44835,2026-04-02,(PDF_ORIGEN_UNICO),ok_pdf_origen_unico,REGISTRADA,7,,18.215,7,7,PDF_ORIGEN_UNICO,
20260425_210559_e7f2f245,2026-04-25T21:34:39,AAMkADkwZmQ0YTA5LWE0M2MtNDk3Ni1hMzUzLTE0OTQxZDcwZWExMgBGAAAAAADJoyAzIWZBQakanooks8Z-BwBz4_gG-XGLQKeK0wIDJ6A7AAV36zxOAABz4_gG-XGLQKeK0wIDJ6A7AAWvzEJbAAA=,Aprobado- Factura  -  CO0990000399 - Radicado 191878 - INSTITUTO COLOMBIANO DE NORMAS TECNICAS Y CERTIFICACION ICONTEC - Gestión Integrada - NA,ad08600123360102601674191.pdf,fe8d42e541d1b939966962723ea8e63d2324761c14663b74e3fe389fba636bf90dad1430d0f1cb1a3322a6d5f412dbb6,CO0990000399,2026-04-21,z08600123360102601674191.zip,ok,OK_REGISTRADA,7,,21.08,7,7,CUFE|SUBJECT,
20260425_210559_e7f2f245,2026-04-25T21:35:58,AAMkADkwZmQ0YTA5LWE0M2MtNDk3Ni1hMzUzLTE0OTQxZDcwZWExMgBGAAAAAADJoyAzIWZBQakanooks8Z-BwBz4_gG-XGLQKeK0wIDJ6A7AAV36zxOAABz4_gG-XGLQKeK0wIDJ6A7AAWvzEJaAAA=,Aprobado- Factura  -  LIT21236 - Radicado 191875 - LITIGAR PUNTO COM SAS - Dirección Jurídica - NA,CERTIFICACION BANCARIA (3).pdf,b26a7c6fad37134a43cb147dad31a32fabd9570727bab690c1654783882376e580de51f7a1ab7fc18dd8d9364d71fdff,LIT21236,2000-05-19,z0830070346004265cd721b9.zip,ok,OK_REGISTRADA,7,,79.789,7,7,NUM_MATCH:LIT21236|SUBJECT,
20260425_210559_e7f2f245,2026-04-25T21:36:20,AAMkADkwZmQ0YTA5LWE0M2MtNDk3Ni1hMzUzLTE0OTQxZDcwZWExMgBGAAAAAADJoyAzIWZBQakanooks8Z-BwBz4_gG-XGLQKeK0wIDJ6A7AAV36zxOAABz4_gG-XGLQKeK0wIDJ6A7AAWvzEJZAAA=,Aprobado- Factura  -  21359670 - Radicado 191871 - TIGO - 01-2025-327 TOYO T2 S1 - NA,900092385_18764098297031_BOPU133910077_01.pdf,7bd4345660d76a5b02df45a156700d476bc6637cd29620379830a199740bccf7d995190577fe3ab29200088d3c2ae7a8,21359670,2026-04-17,Attachment-BOPU133910077.zip,ok,OK_REGISTRADA,7,,21.369,7,7,PDF_TOKEN:BOPU133910077|SUBJECT,
20260425_210559_e7f2f245,2026-04-25T21:36:41,AAMkADkwZmQ0YTA5LWE0M2MtNDk3Ni1hMzUzLTE0OTQxZDcwZWExMgBGAAAAAADJoyAzIWZBQakanooks8Z-BwBz4_gG-XGLQKeK0wIDJ6A7AAV36zxOAABz4_gG-XGLQKeK0wIDJ6A7AAWvzEJYAAA=,Aprobado- Factura  -  257-76846 - Radicado 191874 - AGENCIA DE VIAJES Y TURISMO AVIATUR S.A.S - Transv. Libertador - NA,ad08600000180442600294754.pdf,17f621e0f5e5db8efe344a839844350ea3d04337021e3e953a1f3d6c32e34a519f056b807a649a41de820f96077849e9,25776846,2026-04-21,z08600000180442600294754.zip,ok,OK_REGISTRADA,7,,21.401,7,7,CUFE|SUBJECT,
20260425_210559_e7f2f245,2026-04-25T21:37:02,AAMkADkwZmQ0YTA5LWE0M2MtNDk3Ni1hMzUzLTE0OTQxZDcwZWExMgBGAAAAAADJoyAzIWZBQakanooks8Z-BwBz4_gG-XGLQKeK0wIDJ6A7AAV36zxOAABz4_gG-XGLQKeK0wIDJ6A7AAWvzEJXAAA=,Aprobado- Factura  -  DE - 29117 - Radicado 191860 - CUERPO DE BOMBEROS VOLUNTARIOS CÚCUTA - Cucutilla - Cornejo - NA,ad08905005800572600000abc.pdf,b6d90aae1c71137a265d5eaede231bbf056ec101151be608c89440f327504b138f2923293c3f7975bcda4b8fcc1f0846,DE-29117,2024-09-30,ad08905005800572600000abc.zip,ok,OK_REGISTRADA,7,,20.771,7,7,CUFE|SUBJECT,
20260425_210559_e7f2f245,2026-04-25T21:37:26,AAMkADkwZmQ0YTA5LWE0M2MtNDk3Ni1hMzUzLTE0OTQxZDcwZWExMgBGAAAAAADJoyAzIWZBQakanooks8Z-BwBz4_gG-XGLQKeK0wIDJ6A7AAV36zxOAABz4_gG-XGLQKeK0wIDJ6A7AAWvzEJWAAA=,Aprobado- Factura  -  ECO 35307 - Radicado 191851 - E-CONTAINERS SAS - FAC - Pto. Salgar - NA,050-03 Econtainers SAS.pdf,55d9128a2c257c536b6b325a7c3f61620990ee22f291eda290f956c927538919f13f6b21675bea15278d87b4b6310106,ECO35307,2022-04-11,z0900641692004266240f801.zip,ok,OK_REGISTRADA,7,,23.772,7,7,NUM_MATCH:ECO35307|SUBJECT,
20260425_210559_e7f2f245,2026-04-25T21:37:47,AAMkADkwZmQ0YTA5LWE0M2MtNDk3Ni1hMzUzLTE0OTQxZDcwZWExMgBGAAAAAADJoyAzIWZBQakanooks8Z-BwBz4_gG-XGLQKeK0wIDJ6A7AAV36zxOAABz4_gG-XGLQKeK0wIDJ6A7AAWvzEJVAAA=,Aprobado- Factura  -  257-76833 - Radicado 191857 - AGENCIA DE VIAJES Y TURISMO AVIATUR S.A.S - Dirección administrativa y financiera -Compras - NA,ad08600000180442600290390.pdf,70c691129a967d055e03748b121fa8d6481a3101a1124357c7494f9044d31479accef9297a740c98acd08f42be0d2aa3,25776833,2026-04-20,z08600000180442600290390.zip,ok,OK_REGISTRADA,7,,21.154,7,7,CUFE|SUBJECT,
20260425_210559_e7f2f245,2026-04-25T21:38:08,AAMkADkwZmQ0YTA5LWE0M2MtNDk3Ni1hMzUzLTE0OTQxZDcwZWExMgBGAAAAAADJoyAzIWZBQakanooks8Z-BwBz4_gG-XGLQKeK0wIDJ6A7AAV36zxOAABz4_gG-XGLQKeK0wIDJ6A7AAWvzEJUAAA=,Aprobado- Factura  -  FV 1838 - Radicado 191760 - LEON MOYANO CONSULTORES SAS - Nica Inmuebles S.A.S. - NA,d8fee775-901e-4daa-8f3e-7c07ee9e4356.pdf,c9960465da3dec43110c898d12cc8582cd66a128c1380b265466cd7cb87f0fbf777c2e62e8f4377298bba6b01371548f,FV1838,2024-12-05,d8fee775-901e-4daa-8f3e-7c07ee9e4356.zip,ok,OK_REGISTRADA,7,,21.515,7,7,AIDX|SUBJECT,
20260425_210559_e7f2f245,2026-04-25T21:38:29,AAMkADkwZmQ0YTA5LWE0M2MtNDk3Ni1hMzUzLTE0OTQxZDcwZWExMgBGAAAAAADJoyAzIWZBQakanooks8Z-BwBz4_gG-XGLQKeK0wIDJ6A7AAV36zxOAABz4_gG-XGLQKeK0wIDJ6A7AAWvzEJTAAA=,Aprobado- Factura  -  FV 1832 - Radicado 191759 - LEON MOYANO CONSULTORES SAS - Reserva Ventura S.A.S. - NA,63f4dacc-211b-4b56-b57b-a72aadf6ce8e.pdf,a0e856ba3af18811496b0a112ddbb4846934f7d7083ca50b1a24a8780c0d441565158a1111ef53adb0dcdcb1660965d0,FV1832,2024-12-05,63f4dacc-211b-4b56-b57b-a72aadf6ce8e.zip,ok,OK_REGISTRADA,7,,20.856,7,7,AIDX|SUBJECT,
20260425_210559_e7f2f245,2026-04-25T21:38:47,AAMkADkwZmQ0YTA5LWE0M2MtNDk3Ni1hMzUzLTE0OTQxZDcwZWExMgBGAAAAAADJoyAzIWZBQakanooks8Z-BwBz4_gG-XGLQKeK0wIDJ6A7AAV36zxOAABz4_gG-XGLQKeK0wIDJ6A7AAWvzEJSAAA=,Aprobado- Factura de servicio público  -  61865483 - Radicado 191755 - VANTI SA ESP - Nica Inmuebles S.A.S. - ,13. Factura Gas marzo Apto 601.pdf,,APTO601,,(REGISTRO_MINIMO:sin_cufe_o_pdf_no_legible),ok_registro_minimo,REGISTRADA,7,,17.291,7,7,REGISTRO_MINIMO,sin_cufe_o_pdf_no_legible
20260425_210559_e7f2f245,2026-04-25T21:39:06,AAMkADkwZmQ0YTA5LWE0M2MtNDk3Ni1hMzUzLTE0OTQxZDcwZWExMgBGAAAAAADJoyAzIWZBQakanooks8Z-BwBz4_gG-XGLQKeK0wIDJ6A7AAV36zxOAABz4_gG-XGLQKeK0wIDJ6A7AAWvzEJRAAA=,Aprobado- Factura  -  12372857 - Radicado 191754 - ACUEDUCTO AGUA Y ALCANTARILLADO DE BOGOTA - Nica Inmuebles S.A.S. - NA,11. Factura Agua ene-mar Apto 601.pdf,dceeaeeeecc1111550bea1237285719903297216cd128cd66cd94cd94cd94cd66cd128cd1cd106cd61cd36cd19cd86cd,12372857,,(PDF_APROBADAS_FALLBACK),ok_pdf_aprobadas_fallback,OK_REGISTRADA_FALLBACK_PDF,7,,19.657,7,7,PDF_APROBADAS|SUBJECT,
20260425_210559_e7f2f245,2026-04-25T21:39:29,AAMkADkwZmQ0YTA5LWE0M2MtNDk3Ni1hMzUzLTE0OTQxZDcwZWExMgBGAAAAAADJoyAzIWZBQakanooks8Z-BwBz4_gG-XGLQKeK0wIDJ6A7AAV36zxOAABz4_gG-XGLQKeK0wIDJ6A7AAWvzEJQAAA=,Aprobado- Factura  -  014F-18762979 - Radicado 191732 - COMPAÑIA MUNDIAL DE SEGUROS SA - Reserva Ventura S.A.S. - NA,db3b267772ed4174de467660eed123844ca89e2e7011fc0f0b9c9d43a90258ac562d80af920774f11d3ccc8ab4e16a32.pdf,db3b267772ed4174de467660eed123844ca89e2e7011fc0f0b9c9d43a90258ac562d80af920774f11d3ccc8ab4e16a32,014F18762979,2026-04-07,ad086003701302726829220260407134545525.zip,ok,OK_REGISTRADA,7,,23.213,7,7,CUFE|SUBJECT,
20260425_210559_e7f2f245,2026-04-25T21:39:52,AAMkADkwZmQ0YTA5LWE0M2MtNDk3Ni1hMzUzLTE0OTQxZDcwZWExMgBGAAAAAADJoyAzIWZBQakanooks8Z-BwBz4_gG-XGLQKeK0wIDJ6A7AAV36zxOAABz4_gG-XGLQKeK0wIDJ6A7AAWvzEJPAAA=,Aprobado- Factura  -  CASA-14794 - Radicado 191726 - DUCATTOS SAS - Icosaedro S.A.S. - NA,face_f090065257400000039CA.pdf,8bb95dcc0dcd57ac59bc90346dca219d73c0e199b3a4932f3fccd631063f208f5816838595642f621bd8ce695983b7e0,CASA-14794,2025-05-27,face_f090065257400000039CA.zip,ok,OK_REGISTRADA,7,,22.537,7,7,AIDX|SUBJECT,
20260425_210559_e7f2f245,2026-04-25T21:40:14,AAMkADkwZmQ0YTA5LWE0M2MtNDk3Ni1hMzUzLTE0OTQxZDcwZWExMgBGAAAAAADJoyAzIWZBQakanooks8Z-BwBz4_gG-XGLQKeK0wIDJ6A7AAV36zxOAABz4_gG-XGLQKeK0wIDJ6A7AAWvzEJOAAA=,Aprobado- Factura  -  FE258 - Radicado 191725 - SUNYAGRO SAS - Icosaedro S.A.S. - NA,FE258.pdf,395d5c533ad9d7c83cb12588ef1a113a1aa65defef43c5f096973c0f4d35c0bc88ea2fa3ed847b1da492e9fdbf694f66,FE258,2026-04-06,z09014104810852600000022.zip,ok,OK_REGISTRADA,7,,21.632,7,7,AIDX|SUBJECT,
20260425_210559_e7f2f245,2026-04-25T21:40:36,AAMkADkwZmQ0YTA5LWE0M2MtNDk3Ni1hMzUzLTE0OTQxZDcwZWExMgBGAAAAAADJoyAzIWZBQakanooks8Z-BwBz4_gG-XGLQKeK0wIDJ6A7AAV36zxOAABz4_gG-XGLQKeK0wIDJ6A7AAWvzEJNAAA=,Aprobado- Factura  -  AV148715 - Radicado 191724 - LAO KAO SA - Icosaedro S.A.S. - NA,ad083004753701626000244eb.pdf,8dda680960db089b1e6afb14f9bb17ca8733b533ac8481bcfccc440e04c188518bceb75cc14196eb14d93f6f765eebb5,AV148715,2025-03-15,z083004753701626000244eb.zip,ok,OK_REGISTRADA,7,,22.765,7,7,AIDX|SUBJECT,
20260425_210559_e7f2f245,2026-04-25T21:41:02,AAMkADkwZmQ0YTA5LWE0M2MtNDk3Ni1hMzUzLTE0OTQxZDcwZWExMgBGAAAAAADJoyAzIWZBQakanooks8Z-BwBz4_gG-XGLQKeK0wIDJ6A7AAV36zxOAABz4_gG-XGLQKeK0wIDJ6A7AAWvzEJMAAA=,Aprobado- Factura  -  TV43 - 10418009 - Radicado 191700 - CAMARA DE COMERCIO DE BOGOTA - Nica Inmuebles S.A.S. - NA,860007322_TV4310418009.pdf,62664c7a6a6c24b76789e1fab316aaf5833d5eb78c90b879c7195ec80d5ac6713b393c09e1613e72ac9fee216cd534a6,TV43-10418009,2025-01-27,860007322_TV4310418009.zip,ok,OK_REGISTRADA,7,,25.756,7,7,AIDX|SUBJECT,
20260425_210559_e7f2f245,2026-04-25T21:41:15,AAMkADkwZmQ0YTA5LWE0M2MtNDk3Ni1hMzUzLTE0OTQxZDcwZWExMgBGAAAAAADJoyAzIWZBQakanooks8Z-BwBz4_gG-XGLQKeK0wIDJ6A7AAV36zxOAABz4_gG-XGLQKeK0wIDJ6A7AAWvzEJLAAA=,Aprobado- Factura  -  SIN - Radicado 191698 - ORTIZ GARCIA JOSE JOAQUIN - Dirección administrativa y financiera - Contabilidad - NA,SIN_ADJUNTO_APROBADO,,SIN,,(REGISTRO_MINIMO:sin_pdf_o_imagen_aprobada),ok_registro_minimo,REGISTRADA,7,,13.054,7,7,REGISTRO_MINIMO,sin_pdf_o_imagen_aprobada
20260425_210559_e7f2f245,2026-04-25T21:41:30,AAMkADkwZmQ0YTA5LWE0M2MtNDk3Ni1hMzUzLTE0OTQxZDcwZWExMgBGAAAAAADJoyAzIWZBQakanooks8Z-BwBz4_gG-XGLQKeK0wIDJ6A7AAV36zxOAABz4_gG-XGLQKeK0wIDJ6A7AAWvzEJKAAA=,Aprobado- Factura  -  SIN - Radicado 191699 - ORTIZ GARCIA JOSE JOAQUIN - Reserva Ventura S.A.S. - NA,SIN_ADJUNTO_APROBADO,,SIN,,(REGISTRO_MINIMO:sin_pdf_o_imagen_aprobada),ok_registro_minimo,REGISTRADA,7,,14.387,7,7,REGISTRO_MINIMO,sin_pdf_o_imagen_aprobada
20260425_210559_e7f2f245,2026-04-25T21:41:48,AAMkADkwZmQ0YTA5LWE0M2MtNDk3Ni1hMzUzLTE0OTQxZDcwZWExMgBGAAAAAADJoyAzIWZBQakanooks8Z-BwBz4_gG-XGLQKeK0wIDJ6A7AAV36zxOAABz4_gG-XGLQKeK0wIDJ6A7AAWvzEJJAAA=,Aprobado- Factura  -  EB 000342690507 - Radicado 191697 - ETB E.S.P. EMPRESA DE TELECOMUNICACIONES DE BOGOTA SA ESP - Nica Inmuebles S.A.S. - NA,Tu Factura ETB Abril de 2026.pdf,12054335553cb47cb38ccaac1d058baa41eb9fdc3c3e3b93b9e88edaddacdcbfc1a9c84bcbd2669bccccbff7acc3d2ef,EB000342690507,2024-12-27,(PDF_APROBADAS_FALLBACK),ok_pdf_aprobadas_fallback,OK_REGISTRADA_FALLBACK_PDF,7,,18.772,7,7,PDF_APROBADAS|SUBJECT,
20260425_210559_e7f2f245,2026-04-25T21:42:47,AAMkADkwZmQ0YTA5LWE0M2MtNDk3Ni1hMzUzLTE0OTQxZDcwZWExMgBGAAAAAADJoyAzIWZBQakanooks8Z-BwBz4_gG-XGLQKeK0wIDJ6A7AAV36zxOAABz4_gG-XGLQKeK0wIDJ6A7AAWvzEJIAAA=,Aprobado- Factura  -  QASI-11236 - Radicado 191650 - QUALITY AGENCY SAS - Nica Inmuebles S.A.S. - DIAN,8f620ee19a0c38f8c9e0fd6f0235cf558601f96f266cad350578c9ed714960caac7805d51dad4c826f15afebfee3b028.pdf,8f620ee19a0c38f8c9e0fd6f0235cf558601f96f266cad350578c9ed714960caac7805d51dad4c826f15afebfee3b028,QASI-11236,2026-03-30,(PDF_APROBADAS_FALLBACK),ok_pdf_aprobadas_fallback,OK_REGISTRADA_FALLBACK_PDF,7,,58.69,7,7,PDF_APROBADAS|SUBJECT,
20260425_210559_e7f2f245,2026-04-25T21:43:05,AAMkADkwZmQ0YTA5LWE0M2MtNDk3Ni1hMzUzLTE0OTQxZDcwZWExMgBGAAAAAADJoyAzIWZBQakanooks8Z-BwBz4_gG-XGLQKeK0wIDJ6A7AAV36zxOAABz4_gG-XGLQKeK0wIDJ6A7AAWvzEJHAAA=,Aprobado- Factura  -  2026001041841935121 - Radicado 191639 - ALCALDIA MAYOR DE BOGOTA DC - Reserva Ventura S.A.S. - NA,Predial El Jardin GJ 207.pdf,aaabe2026adefcacdeed1caaa0224fcebdadecbeefacaeedafcadefeeca26011803201401facae202600104184193512,2026001041841935121,2026-04-17,(PDF_APROBADAS_FALLBACK),ok_pdf_aprobadas_fallback,OK_REGISTRADA_FALLBACK_PDF,7,,17.567,7,7,PDF_APROBADAS|SUBJECT,
20260425_210559_e7f2f245,2026-04-25T21:43:22,AAMkADkwZmQ0YTA5LWE0M2MtNDk3Ni1hMzUzLTE0OTQxZDcwZWExMgBGAAAAAADJoyAzIWZBQakanooks8Z-BwBz4_gG-XGLQKeK0wIDJ6A7AAV36zxOAABz4_gG-XGLQKeK0wIDJ6A7AAWvzEJGAAA=,Aprobado- Factura  -  2026001041847796608 - Radicado 191630 - ALCALDIA MAYOR DE BOGOTA DC - Reserva Ventura S.A.S. - NA,Predial Elemento GJ 21.pdf,aaabe2026adefcacdeed1caaa0259bcbdadecbeefacaeedafcadefeeca26012389351401facae2026001041847796608,2026001041847796608,2026-04-17,(PDF_APROBADAS_FALLBACK),ok_pdf_aprobadas_fallback,OK_REGISTRADA_FALLBACK_PDF,7,,17.08,7,7,PDF_APROBADAS|SUBJECT,
20260425_210559_e7f2f245,2026-04-25T21:44:01,AAMkADkwZmQ0YTA5LWE0M2MtNDk3Ni1hMzUzLTE0OTQxZDcwZWExMgBGAAAAAADJoyAzIWZBQakanooks8Z-BwBz4_gG-XGLQKeK0wIDJ6A7AAV36zxOAABz4_gG-XGLQKeK0wIDJ6A7AAWvzEJFAAA=,Aprobado- Factura  -  ECPH-1931 - Radicado 191605 - EDIFICIO CONEX PROPIEDAD HORIZONTAL - Reserva Ventura S.A.S. - DIAN,CONEX 309 RV MARZO 2026.pdf,ceadecb09ccceccc9018984391debeadaacaaaaeacc63481385aadeccedcecceaccece5255000ccedeaeadeecadeeacd,ECPH-1931,2026-04-01,(PDF-ONLY) VALIDACIONES DIAN,ok_dian_pdf_only,DIAN_PDF_ONLY_REGISTRADA,7,,39.092,7,7,DIAN_PDF|SUBJECT,
20260425_210559_e7f2f245,2026-04-25T21:44:58,AAMkADkwZmQ0YTA5LWE0M2MtNDk3Ni1hMzUzLTE0OTQxZDcwZWExMgBGAAAAAADJoyAzIWZBQakanooks8Z-BwBz4_gG-XGLQKeK0wIDJ6A7AAV36zxOAABz4_gG-XGLQKeK0wIDJ6A7AAWvzEJEAAA=,Aprobado- Factura  -  ECPH-1930 - Radicado 191604 - EDIFICIO CONEX PROPIEDAD HORIZONTAL - Icosaedro S.A.S. - DIAN,4c19969ddbb046d6a507b7cbdd1537aa5d76406fbe097e3d9c8119b603fdeb5f7d5e98ab238a7e6cfc88a0e340697215.pdf,4c19969ddbb046d6a507b7cbdd1537aa5d76406fbe097e3d9c8119b603fdeb5f7d5e98ab238a7e6cfc88a0e340697215,ECPH-1930,2026-04-01,(PDF_APROBADAS_FALLBACK),ok_pdf_aprobadas_fallback,OK_REGISTRADA_FALLBACK_PDF,7,,57.125,7,7,PDF_APROBADAS|SUBJECT,
20260425_210559_e7f2f245,2026-04-25T21:45:54,AAMkADkwZmQ0YTA5LWE0M2MtNDk3Ni1hMzUzLTE0OTQxZDcwZWExMgBGAAAAAADJoyAzIWZBQakanooks8Z-BwBz4_gG-XGLQKeK0wIDJ6A7AAV36zxOAABz4_gG-XGLQKeK0wIDJ6A7AAWvzEJDAAA=,Aprobado- Factura  -  06- 1321552 - Radicado 191603 - MERCADOPAGO COLOMBIA LTDA - Icosaedro S.A.S. - DIAN,ada0a618a38c9b8d2441b359478b9817dfaaea0b9f15453ea2be4f8717e82d9ac3155a41b5c14f5767aebe7917445fe4.pdf,ada0a618a38c9b8d2441b359478b9817dfaaea0b9f15453ea2be4f8717e82d9ac3155a41b5c14f5767aebe7917445fe4,X1000,2026-04-02,(PDF_APROBADAS_FALLBACK),ok_pdf_aprobadas_fallback,OK_REGISTRADA_FALLBACK_PDF,7,,56.676,7,7,PDF_APROBADAS|SUBJECT,
20260425_210559_e7f2f245,2026-04-25T21:46:50,AAMkADkwZmQ0YTA5LWE0M2MtNDk3Ni1hMzUzLTE0OTQxZDcwZWExMgBGAAAAAADJoyAzIWZBQakanooks8Z-BwBz4_gG-XGLQKeK0wIDJ6A7AAV36zxOAABz4_gG-XGLQKeK0wIDJ6A7AAWvzEJCAAA=,Aprobado- Factura  -  QASI-11224 - Radicado 191587 - QUALITY AGENCY SAS - Reserva Ventura S.A.S. - DIAN,509d040093c7eb1abbf48acafd6b36053dae72b0ffb84c0b608f316fbe2b6effa9e41921e720238a811885ab172896d3.pdf,509d040093c7eb1abbf48acafd6b36053dae72b0ffb84c0b608f316fbe2b6effa9e41921e720238a811885ab172896d3,QASI-11224,2026-03-02,(PDF_APROBADAS_FALLBACK),ok_pdf_aprobadas_fallback,OK_REGISTRADA_FALLBACK_PDF,7,,56.001,7,7,PDF_APROBADAS|SUBJECT,
20260425_210559_e7f2f245,2026-04-25T21:47:16,AAMkADkwZmQ0YTA5LWE0M2MtNDk3Ni1hMzUzLTE0OTQxZDcwZWExMgBGAAAAAADJoyAzIWZBQakanooks8Z-BwBz4_gG-XGLQKeK0wIDJ6A7AAV36zxOAABz4_gG-XGLQKeK0wIDJ6A7AAWvzEJBAAA=,Aprobado- Factura  -  ACEL-230 - Radicado 191585 - ACELEC INGENIERIA SAS - Reserva Ventura S.A.S. - NA,Acelec marzo 03 2026 RV.pdf,fdb818f67cf1395bea7895e78be47480b7b30aaaff14b4b3cb7284bd13cc66e0fad5d60376465deac1157db0a7a9a29d,ACEL-230,2026-03-06,(PDF_APROBADAS_FALLBACK),ok_pdf_aprobadas_fallback,OK_REGISTRADA_FALLBACK_PDF,7,,25.669,7,7,PDF_APROBADAS|SUBJECT,
20260425_210559_e7f2f245,2026-04-25T21:48:12,AAMkADkwZmQ0YTA5LWE0M2MtNDk3Ni1hMzUzLTE0OTQxZDcwZWExMgBGAAAAAADJoyAzIWZBQakanooks8Z-BwBz4_gG-XGLQKeK0wIDJ6A7AAV36zxOAABz4_gG-XGLQKeK0wIDJ6A7AAWvzEJAAAA=,Aprobado- Factura  -  ACEL-234 - Radicado 191584 - ACELEC INGENIERIA SAS - Reserva Ventura S.A.S. - DIAN,Acelec abril 04 2026.pdf,28c51eeee6120bbcd49d4f21d6177890837a34a3b88828ecc2cac739a82a12e140ad48ab1f74eb4c8efaf8b248955c74,ACEL-234,2026-04-01,(PDF_APROBADAS_FALLBACK),ok_pdf_aprobadas_fallback,OK_REGISTRADA_FALLBACK_PDF,7,,55.716,7,7,PDF_APROBADAS|SUBJECT,
20260425_210559_e7f2f245,2026-04-25T21:48:29,AAMkADkwZmQ0YTA5LWE0M2MtNDk3Ni1hMzUzLTE0OTQxZDcwZWExMgBGAAAAAADJoyAzIWZBQakanooks8Z-BwBz4_gG-XGLQKeK0wIDJ6A7AAV36zxOAABz4_gG-XGLQKeK0wIDJ6A7AAWvzEI-AAA=,Aprobado- Factura  -  2026001041844916008 - Radicado 191582 - ALCALDIA MAYOR DE BOGOTA DC - Nica Inmuebles S.A.S. - NA,16. Predial APTO 2202 Tamesis.pdf,aaabe2026adefcacdeed1caaa0255bdadecbeefacaeedafcadefeeca26012101290401facae2026001041844916008cd,2026001041844916008,2026-04-17,(PDF_APROBADAS_FALLBACK),ok_pdf_aprobadas_fallback,OK_REGISTRADA_FALLBACK_PDF,7,,17.226,7,7,PDF_APROBADAS|SUBJECT,
20260425_210559_e7f2f245,2026-04-25T21:48:47,AAMkADkwZmQ0YTA5LWE0M2MtNDk3Ni1hMzUzLTE0OTQxZDcwZWExMgBGAAAAAADJoyAzIWZBQakanooks8Z-BwBz4_gG-XGLQKeK0wIDJ6A7AAV36zxOAABz4_gG-XGLQKeK0wIDJ6A7AAWvzEI_AAA=,Aprobado- Factura  -  2026001041847849602 - Radicado 191578 - ALCALDIA MAYOR DE BOGOTA DC - Nica Inmuebles S.A.S. - NA,12. Predial Apto 2501 Oikos Infinitum.pdf,aaabe2026adefcacdeed1caaa0273afabdadecbeefacaeedafcadefeeca26012394651401facae202600104184784960,2026001041847849602,2026-04-17,(PDF_APROBADAS_FALLBACK),ok_pdf_aprobadas_fallback,OK_REGISTRADA_FALLBACK_PDF,7,,17.563,7,7,PDF_APROBADAS|SUBJECT,
20260425_210559_e7f2f245,2026-04-25T21:49:04,AAMkADkwZmQ0YTA5LWE0M2MtNDk3Ni1hMzUzLTE0OTQxZDcwZWExMgBGAAAAAADJoyAzIWZBQakanooks8Z-BwBz4_gG-XGLQKeK0wIDJ6A7AAV36zxOAABz4_gG-XGLQKeK0wIDJ6A7AAWvzEI9AAA=,Aprobado- Factura  -  2026001041843912251 - Radicado 191581 - ALCALDIA MAYOR DE BOGOTA DC - Nica Inmuebles S.A.S. - NA,15. Predial Gj 140 S1 Tamesis.pdf,aaabe2026adefcacdeed1caaa0255bbdadecbeefacaeedafcadefeeca26012000914401facae2026001041843912251c,2026001041843912251,2026-04-17,(PDF_APROBADAS_FALLBACK),ok_pdf_aprobadas_fallback,OK_REGISTRADA_FALLBACK_PDF,7,,17.058,7,7,PDF_APROBADAS|SUBJECT,
20260425_210559_e7f2f245,2026-04-25T21:49:21,AAMkADkwZmQ0YTA5LWE0M2MtNDk3Ni1hMzUzLTE0OTQxZDcwZWExMgBGAAAAAADJoyAzIWZBQakanooks8Z-BwBz4_gG-XGLQKeK0wIDJ6A7AAV36zxOAABz4_gG-XGLQKeK0wIDJ6A7AAWvzEI8AAA=,Aprobado- Factura  -  2026001041843914145 - Radicado 191580 - ALCALDIA MAYOR DE BOGOTA DC - Nica Inmuebles S.A.S. - NA,14. Predial Gj 142 S1 Tamesis.pdf,aaabe2026adefcacdeed1caaa0255bbdadecbeefacaeedafcadefeeca26012001103401facae2026001041843914145c,2026001041843914145,2026-04-17,(PDF_APROBADAS_FALLBACK),ok_pdf_aprobadas_fallback,OK_REGISTRADA_FALLBACK_PDF,7,,17.492,7,7,PDF_APROBADAS|SUBJECT,
20260425_210559_e7f2f245,2026-04-25T21:49:38,AAMkADkwZmQ0YTA5LWE0M2MtNDk3Ni1hMzUzLTE0OTQxZDcwZWExMgBGAAAAAADJoyAzIWZBQakanooks8Z-BwBz4_gG-XGLQKeK0wIDJ6A7AAV36zxOAABz4_gG-XGLQKeK0wIDJ6A7AAWvzEI7AAA=,Aprobado- Factura  -  2026001041852350909 - Radicado 191579 - ALCALDIA MAYOR DE BOGOTA DC - Nica Inmuebles S.A.S. - NA,13. Predial Gj99 S2 Oikos Infinitum.pdf,aaabe2026adefcacdeed1caaa0272bdadecbeefacaeedafcadefeeca26012844917401facae2026001041852350909cd,2026001041852350909,2026-04-17,(PDF_APROBADAS_FALLBACK),ok_pdf_aprobadas_fallback,OK_REGISTRADA_FALLBACK_PDF,7,,16.67,7,7,PDF_APROBADAS|SUBJECT,
20260425_210559_e7f2f245,2026-04-25T21:49:55,AAMkADkwZmQ0YTA5LWE0M2MtNDk3Ni1hMzUzLTE0OTQxZDcwZWExMgBGAAAAAADJoyAzIWZBQakanooks8Z-BwBz4_gG-XGLQKeK0wIDJ6A7AAV36zxOAABz4_gG-XGLQKeK0wIDJ6A7AAWvzEI6AAA=,Aprobado- Factura  -  2026001041844803679 - Radicado 191577 - ALCALDIA MAYOR DE BOGOTA DC - Nica Inmuebles S.A.S. - NA,11. Predial Apto 1006 Balcones del Carmel.pdf,aaabe2026adefcacdeed1caaa0232bdadecbeefacaeedafcadefeeca26012090057401facae2026001041844803679cd,2026001041844803679,2026-04-17,(PDF_APROBADAS_FALLBACK),ok_pdf_aprobadas_fallback,OK_REGISTRADA_FALLBACK_PDF,7,,17.209,7,7,PDF_APROBADAS|SUBJECT,
20260425_210559_e7f2f245,2026-04-25T21:50:12,AAMkADkwZmQ0YTA5LWE0M2MtNDk3Ni1hMzUzLTE0OTQxZDcwZWExMgBGAAAAAADJoyAzIWZBQakanooks8Z-BwBz4_gG-XGLQKeK0wIDJ6A7AAV36zxOAABz4_gG-XGLQKeK0wIDJ6A7AAWvzEI5AAA=,Aprobado- Factura  -  2026001041843976242 - Radicado 191576 - ALCALDIA MAYOR DE BOGOTA DC - Nica Inmuebles S.A.S. - NA,10. Predial Gj 107 S1 Tamesis.pdf,aaabe2026adefcacdeed1caaa0255abdadecbeefacaeedafcadefeeca26012007313401facae2026001041843976242c,2026001041843976242,2026-04-17,(PDF_APROBADAS_FALLBACK),ok_pdf_aprobadas_fallback,OK_REGISTRADA_FALLBACK_PDF,7,,17.257,7,7,PDF_APROBADAS|SUBJECT,
20260425_210559_e7f2f245,2026-04-25T21:50:30,AAMkADkwZmQ0YTA5LWE0M2MtNDk3Ni1hMzUzLTE0OTQxZDcwZWExMgBGAAAAAADJoyAzIWZBQakanooks8Z-BwBz4_gG-XGLQKeK0wIDJ6A7AAV36zxOAABz4_gG-XGLQKeK0wIDJ6A7AAWvzEI4AAA=,Aprobado- Factura  -  2026001041843966484 - Radicado 191575 - ALCALDIA MAYOR DE BOGOTA DC - Nica Inmuebles S.A.S. - NA,09. Predial Gj 106 S1 Tamesis.pdf,aaabe2026adefcacdeed1caaa0255aebdadecbeefacaeedafcadefeeca26012006337401facae2026001041843966484,2026001041843966484,2026-04-17,(PDF_APROBADAS_FALLBACK),ok_pdf_aprobadas_fallback,OK_REGISTRADA_FALLBACK_PDF,7,,17.968,7,7,PDF_APROBADAS|SUBJECT,
20260425_210559_e7f2f245,2026-04-25T21:50:48,AAMkADkwZmQ0YTA5LWE0M2MtNDk3Ni1hMzUzLTE0OTQxZDcwZWExMgBGAAAAAADJoyAzIWZBQakanooks8Z-BwBz4_gG-XGLQKeK0wIDJ6A7AAV36zxOAABz4_gG-XGLQKeK0wIDJ6A7AAWvzEI3AAA=,Aprobado- Factura  -  2026001041843658123 - Radicado 191574 - ALCALDIA MAYOR DE BOGOTA DC - Nica Inmuebles S.A.S. - NA,08. Predial Apto 2002 Tamesis.pdf,aaabe2026adefcacdeed1caaa0255bdadecbeefacaeedafcadefeeca26011975501401facae2026001041843658123cd,2026001041843658123,2026-04-17,(PDF_APROBADAS_FALLBACK),ok_pdf_aprobadas_fallback,OK_REGISTRADA_FALLBACK_PDF,7,,17.86,7,7,PDF_APROBADAS|SUBJECT,
20260425_210559_e7f2f245,2026-04-25T21:51:07,AAMkADkwZmQ0YTA5LWE0M2MtNDk3Ni1hMzUzLTE0OTQxZDcwZWExMgBGAAAAAADJoyAzIWZBQakanooks8Z-BwBz4_gG-XGLQKeK0wIDJ6A7AAV36zxOAABz4_gG-XGLQKeK0wIDJ6A7AAWvzEI2AAA=,Aprobado- Factura  -  2026001041841016869 - Radicado 191573 - ALCALDIA MAYOR DE BOGOTA DC - Nica Inmuebles S.A.S. - NA,07. Predial Gj 2 Muro de Piedra.pdf,aaabe2026adefcacdeed1caaa0184bdadecbeefacaeedafcadefeeca26011711375401facae2026001041841016869cd,2026001041841016869,2026-04-17,(PDF_APROBADAS_FALLBACK),ok_pdf_aprobadas_fallback,OK_REGISTRADA_FALLBACK_PDF,7,,18.815,7,7,PDF_APROBADAS|SUBJECT,
20260425_210559_e7f2f245,2026-04-25T21:51:24,AAMkADkwZmQ0YTA5LWE0M2MtNDk3Ni1hMzUzLTE0OTQxZDcwZWExMgBGAAAAAADJoyAzIWZBQakanooks8Z-BwBz4_gG-XGLQKeK0wIDJ6A7AAV36zxOAABz4_gG-XGLQKeK0wIDJ6A7AAWvzEI1AAA=,Aprobado- Factura  -  2026001041841037415 - Radicado 191572 - ALCALDIA MAYOR DE BOGOTA DC - Nica Inmuebles S.A.S. - NA,06. Predial Apto 601 Muro de Piedra.pdf,aaabe2026adefcacdeed1caaa0184eabdadecbeefacaeedafcadefeeca26011713430401facae2026001041841037415,2026001041841037415,2026-04-17,(PDF_APROBADAS_FALLBACK),ok_pdf_aprobadas_fallback,OK_REGISTRADA_FALLBACK_PDF,7,,17.491,7,7,PDF_APROBADAS|SUBJECT,
20260425_210559_e7f2f245,2026-04-25T21:51:42,AAMkADkwZmQ0YTA5LWE0M2MtNDk3Ni1hMzUzLTE0OTQxZDcwZWExMgBGAAAAAADJoyAzIWZBQakanooks8Z-BwBz4_gG-XGLQKeK0wIDJ6A7AAV36zxOAABz4_gG-XGLQKeK0wIDJ6A7AAWvzEI0AAA=,Aprobado- Factura  -  2026001041841131497 - Radicado 191571 - ALCALDIA MAYOR DE BOGOTA DC - Nica Inmuebles S.A.S. - NA,05. Predial Gj 108 Torre Alba.pdf,aaabe2026adefcacdeed1caaa0213bdadecbeefacaeedafcadefeeca26011722838401facae2026001041841131497cd,2026001041841131497,2026-04-17,(PDF_APROBADAS_FALLBACK),ok_pdf_aprobadas_fallback,OK_REGISTRADA_FALLBACK_PDF,7,,18.043,7,7,PDF_APROBADAS|SUBJECT,
20260425_210559_e7f2f245,2026-04-25T21:52:00,AAMkADkwZmQ0YTA5LWE0M2MtNDk3Ni1hMzUzLTE0OTQxZDcwZWExMgBGAAAAAADJoyAzIWZBQakanooks8Z-BwBz4_gG-XGLQKeK0wIDJ6A7AAV36zxOAABz4_gG-XGLQKeK0wIDJ6A7AAWvzEIzAAA=,Aprobado- Factura  -  2026001041841517821 - Radicado 191570 - ALCALDIA MAYOR DE BOGOTA DC - Nica Inmuebles S.A.S. - NA,04. Predial DP 115 Torre Alba.pdf,aaabe2026adefcacdeed1caaa0213bdadecbeefacaeedafcadefeeca26011761471401facae2026001041841517821cd,2026001041841517821,2026-04-17,(PDF_APROBADAS_FALLBACK),ok_pdf_aprobadas_fallback,OK_REGISTRADA_FALLBACK_PDF,7,,17.964,7,7,PDF_APROBADAS|SUBJECT,
20260425_210559_e7f2f245,2026-04-25T21:52:18,AAMkADkwZmQ0YTA5LWE0M2MtNDk3Ni1hMzUzLTE0OTQxZDcwZWExMgBGAAAAAADJoyAzIWZBQakanooks8Z-BwBz4_gG-XGLQKeK0wIDJ6A7AAV36zxOAABz4_gG-XGLQKeK0wIDJ6A7AAWvzEIyAAA=,Aprobado- Factura  -  2026001041843018967 - Radicado 191569 - ALCALDIA MAYOR DE BOGOTA DC - Nica Inmuebles S.A.S. - NA,03. Predial Apto 503 Torre Alba.pdf,aaabe2026adefcacdeed1caaa0213babdadecbeefacaeedafcadefeeca26011911585401facae2026001041843018967,2026001041843018967,2026-04-17,(PDF_APROBADAS_FALLBACK),ok_pdf_aprobadas_fallback,OK_REGISTRADA_FALLBACK_PDF,7,,17.887,7,7,PDF_APROBADAS|SUBJECT,
20260425_210559_e7f2f245,2026-04-25T21:52:37,AAMkADkwZmQ0YTA5LWE0M2MtNDk3Ni1hMzUzLTE0OTQxZDcwZWExMgBGAAAAAADJoyAzIWZBQakanooks8Z-BwBz4_gG-XGLQKeK0wIDJ6A7AAV36zxOAABz4_gG-XGLQKeK0wIDJ6A7AAWvzEIxAAA=,Aprobado- Factura  -  2026001041847597349 - Radicado 191568 - ALCALDIA MAYOR DE BOGOTA DC - Nica Inmuebles S.A.S. - NA,02. Predial Apto 602 Botanika Telus.pdf,aaabe2026adefcacdeed1caaa0262cabdadecbeefacaeedafcadefeeca26012369425401facae2026001041847597349,2026001041847597349,2026-04-17,(PDF_APROBADAS_FALLBACK),ok_pdf_aprobadas_fallback,OK_REGISTRADA_FALLBACK_PDF,7,,18.871,7,7,PDF_APROBADAS|SUBJECT,
20260425_210559_e7f2f245,2026-04-25T21:52:55,AAMkADkwZmQ0YTA5LWE0M2MtNDk3Ni1hMzUzLTE0OTQxZDcwZWExMgBGAAAAAADJoyAzIWZBQakanooks8Z-BwBz4_gG-XGLQKeK0wIDJ6A7AAV36zxOAABz4_gG-XGLQKeK0wIDJ6A7AAWvzEIwAAA=,Aprobado- Factura  -  2026001041843137835 - Radicado 191567 - ALCALDIA MAYOR DE BOGOTA DC - Nica Inmuebles S.A.S. - NA,01. Predial Apto 702 Altos de Ginebra.pdf,aaabe2026adefcacdeed1caaa0203ebdadecbeefacaeedafcadefeeca26011923472401facae2026001041843137835c,2026001041843137835,2026-04-17,(PDF_APROBADAS_FALLBACK),ok_pdf_aprobadas_fallback,OK_REGISTRADA_FALLBACK_PDF,7,,17.646,7,7,PDF_APROBADAS|SUBJECT,
20260425_210559_e7f2f245,2026-04-25T21:53:19,AAMkADkwZmQ0YTA5LWE0M2MtNDk3Ni1hMzUzLTE0OTQxZDcwZWExMgBGAAAAAADJoyAzIWZBQakanooks8Z-BwBz4_gG-XGLQKeK0wIDJ6A7AAV36zxOAABz4_gG-XGLQKeK0wIDJ6A7AAWvzEIvAAA=,Aprobado- Factura  -  TV43 - 10374234 - Radicado 191533 - CAMARA DE COMERCIO DE BOGOTA - Reserva Ventura S.A.S. - NA,860007322_TV4310374234.pdf,f35cf092e171f447b2bb63b73abcd9181a0af0611cccb0fadcacc81d683ebb6dd3ab0a517c0e5460b1ddd67ecf5456fa,TV43-10374234,2025-01-27,860007322_TV4310374234.zip,ok,OK_REGISTRADA,7,,24.605,7,7,AIDX|SUBJECT,
20260425_210559_e7f2f245,2026-04-25T21:53:37,AAMkADkwZmQ0YTA5LWE0M2MtNDk3Ni1hMzUzLTE0OTQxZDcwZWExMgBGAAAAAADJoyAzIWZBQakanooks8Z-BwBz4_gG-XGLQKeK0wIDJ6A7AAV36zxOAABz4_gG-XGLQKeK0wIDJ6A7AAWvzEIuAAA=,Aprobado- Factura  -  FE - 34681 - Radicado 191507 - EDIFICIO INFINITUM PROPIEDAD HORIZONTAL - Nica Inmuebles S.A.S. - NA,4111_factura_ph_LF1pSgWF8z.pdf,edfcfedada9012344321cae591355adfac3135761788eecccaebea9013467420beacefacadeeaeeccafe34681ec18764,FE-34681,2026-04-03,(PDF_APROBADAS_FALLBACK),ok_pdf_aprobadas_fallback,OK_REGISTRADA_FALLBACK_PDF,7,,17.308,7,7,PDF_APROBADAS|SUBJECT,
20260425_210559_e7f2f245,2026-04-25T21:54:02,AAMkADkwZmQ0YTA5LWE0M2MtNDk3Ni1hMzUzLTE0OTQxZDcwZWExMgBGAAAAAADJoyAzIWZBQakanooks8Z-BwBz4_gG-XGLQKeK0wIDJ6A7AAV36zxOAABz4_gG-XGLQKeK0wIDJ6A7AAWvzEItAAA=,Aprobado- Factura  -  TV43 - 10251552 - Radicado 191396 - CAMARA DE COMERCIO DE BOGOTA - Reserva Ventura S.A.S. - NA,860007322_TV4310251552.pdf,4804265b9618d75a8a3fed95dbbf54e5523365d14a5a347f3cb011392948a2967752d29ab7f31e9514d43c504b13593c,TV43-10251552,2025-01-27,860007322_TV4310251552.zip,ok,OK_REGISTRADA,7,,24.927,7,7,AIDX|SUBJECT,
20260425_210559_e7f2f245,2026-04-25T21:54:24,AAMkADkwZmQ0YTA5LWE0M2MtNDk3Ni1hMzUzLTE0OTQxZDcwZWExMgBGAAAAAADJoyAzIWZBQakanooks8Z-BwBz4_gG-XGLQKeK0wIDJ6A7AAV36zxOAABz4_gG-XGLQKeK0wIDJ6A7AAWvzEIsAAA=,Aprobado- Factura  -  FE10 - 60805 - Radicado 191310 - COMERCIAL PAPELERA SA - Icosaedro S.A.S. - NA,ad08605283960072600060805.pdf,b93727b9ead919c6fd69bf010faf940848ef09371ecf0cb5c18b129229dc2437633c8f11cdbdf3e8310010121e50de68,FE10-60805,2026-03-22,1B.zip,ok,OK_REGISTRADA,7,,22.247,7,7,AIDX|SUBJECT,
20260425_210559_e7f2f245,2026-04-25T21:54:43,AAMkADkwZmQ0YTA5LWE0M2MtNDk3Ni1hMzUzLTE0OTQxZDcwZWExMgBGAAAAAADJoyAzIWZBQakanooks8Z-BwBz4_gG-XGLQKeK0wIDJ6A7AAV36zxOAABz4_gG-XGLQKeK0wIDJ6A7AAWvzEIrAAA=,Aprobado- Factura de servicio público  -  12488743 - Radicado 191290 - ACUEDUCTO AGUA Y ALCANTARILLADO DE BOGOTA - Nica Inmuebles S.A.S. - ,5. Acueducto 4 ene-4 mar Apto 2501.pdf,dceeaeeeecc2222450bea1248874313873998119cd128cd66cd94cd94cd94cd66cd128cd1cd106cd9cd94cd13cd34cd1,AP2501,,(PDF_APROBADAS_FALLBACK),ok_pdf_aprobadas_fallback,OK_REGISTRADA_FALLBACK_PDF,7,,19.348,7,7,PDF_APROBADAS|SUBJECT,
20260425_210559_e7f2f245,2026-04-25T21:55:01,AAMkADkwZmQ0YTA5LWE0M2MtNDk3Ni1hMzUzLTE0OTQxZDcwZWExMgBGAAAAAADJoyAzIWZBQakanooks8Z-BwBz4_gG-XGLQKeK0wIDJ6A7AAV36zxOAABz4_gG-XGLQKeK0wIDJ6A7AAWvzEIqAAA=,Aprobado- Factura de servicio público  -  388116362-8 - Radicado 191289 - ENEL COLOMBIA SA ESP - Nica Inmuebles S.A.S. - NA,1. Enel 13 feb-13 mar Apto 2501.pdf,dceeaeeeecc3881163628aaacaedeceee73523461edd602265130a202601ab202613ab2026de13feb2026a13a202629d,AP2501,2026-03-18,(PDF_APROBADAS_FALLBACK),ok_pdf_aprobadas_fallback,OK_REGISTRADA_FALLBACK_PDF,7,,17.98,7,7,PDF_APROBADAS|SUBJECT,
20260425_210559_e7f2f245,2026-04-25T21:55:20,AAMkADkwZmQ0YTA5LWE0M2MtNDk3Ni1hMzUzLTE0OTQxZDcwZWExMgBGAAAAAADJoyAzIWZBQakanooks8Z-BwBz4_gG-XGLQKeK0wIDJ6A7AAV36zxOAABz4_gG-XGLQKeK0wIDJ6A7AAWvzEIpAAA=,Aprobado- Factura de servicio público  -  388169740-9 - Radicado 191288 - ENEL COLOMBIA SA ESP - Nica Inmuebles S.A.S. - ,10. Factura Enel feb-mar Apto 601.pdf,dceeaeeeecc3881697409aaacaedeceee25114929edd602631a202606ab202614ab2026de14feb2026a16a202631da36,ECONOMICA3514,2026-03-19,(PDF_APROBADAS_FALLBACK),ok_pdf_aprobadas_fallback,OK_REGISTRADA_FALLBACK_PDF,7,,18.307,7,7,PDF_APROBADAS|SUBJECT,
20260425_210559_e7f2f245,2026-04-25T21:55:37,AAMkADkwZmQ0YTA5LWE0M2MtNDk3Ni1hMzUzLTE0OTQxZDcwZWExMgBGAAAAAADJoyAzIWZBQakanooks8Z-BwBz4_gG-XGLQKeK0wIDJ6A7AAV36zxOAABz4_gG-XGLQKeK0wIDJ6A7AAWvzEIoAAA=,Aprobado- Factura  -  10202600936601 - Radicado 191287 - CENTRO ADMINISTRATIVO MUNICIPAL CHIA - Nica Inmuebles S.A.S. - NA,Recibo Predial Icosaedro 2026.pdf,ecbdeaeedafcad10202600936601ecaeeecdaaaaeeedaaca251750000000000040950900009059aeaeeacabaa5020808,10202600936601,2026-04-30,(PDF_APROBADAS_FALLBACK),ok_pdf_aprobadas_fallback,OK_REGISTRADA_FALLBACK_PDF,7,,17.767,7,7,PDF_APROBADAS|SUBJECT,
20260425_210559_e7f2f245,2026-04-25T21:56:33,AAMkADkwZmQ0YTA5LWE0M2MtNDk3Ni1hMzUzLTE0OTQxZDcwZWExMgBGAAAAAADJoyAzIWZBQakanooks8Z-BwBz4_gG-XGLQKeK0wIDJ6A7AAV36zxOAABz4_gG-XGLQKeK0wIDJ6A7AAWvzEInAAA=,Aprobado- Factura  -  FE10-60805 - Radicado 191280 - COMERCIAL PAPELERA SA - Icosaedro S.A.S. - DIAN,b93727b9ead919c6fd69bf010faf940848ef09371ecf0cb5c18b129229dc2437633c8f11cdbdf3e8310010121e50de68.pdf,b93727b9ead919c6fd69bf010faf940848ef09371ecf0cb5c18b129229dc2437633c8f11cdbdf3e8310010121e50de68,FE10-60805,2026-03-22,(PDF_APROBADAS_FALLBACK),ok_pdf_aprobadas_fallback,OK_REGISTRADA_FALLBACK_PDF,7,,55.601,7,7,PDF_APROBADAS|SUBJECT,
20260425_210559_e7f2f245,2026-04-25T21:56:55,AAMkADkwZmQ0YTA5LWE0M2MtNDk3Ni1hMzUzLTE0OTQxZDcwZWExMgBGAAAAAADJoyAzIWZBQakanooks8Z-BwBz4_gG-XGLQKeK0wIDJ6A7AAV36zxOAABz4_gG-XGLQKeK0wIDJ6A7AAWvzEImAAA=,Aprobado- Factura  -  1203- 100351169 - Radicado 191279 - SODIMAC COLOMBIA SA - Icosaedro S.A.S. - NA,e96d1d9629477a369c05ce06faa6d06a0e6511d19094fc9bfa0456cc8231f21f9e3134e3003ea72453ff6ba8b16063ea.pdf,e96d1d9629477a369c05ce06faa6d06a0e6511d19094fc9bfa0456cc8231f21f9e3134e3003ea72453ff6ba8b16063ea,1203100351169,2026-03-18,1A.zip,ok,OK_REGISTRADA,7,,22.497,7,7,AIDX|SUBJECT,
20260425_210559_e7f2f245,2026-04-25T21:57:17,AAMkADkwZmQ0YTA5LWE0M2MtNDk3Ni1hMzUzLTE0OTQxZDcwZWExMgBGAAAAAADJoyAzIWZBQakanooks8Z-BwBz4_gG-XGLQKeK0wIDJ6A7AAV36zxOAABz4_gG-XGLQKeK0wIDJ6A7AAWvzEIlAAA=,Aprobado- Factura  -  FV 1815 - Radicado 191267 - LEON MOYANO CONSULTORES SAS - Nica Inmuebles S.A.S. - NA,ca540eb9-8f07-4419-a8da-77723227d41c.pdf,b05bbf41cad62f609c913653b34883856a2ebb0377e23f8612fa3bd8bf2dd097562a813d83fed5698d30bb87220cc8f8,FV1815,2024-12-05,ca540eb9-8f07-4419-a8da-77723227d41c.zip,ok,OK_REGISTRADA,7,,21.669,7,7,AIDX|SUBJECT,
20260425_210559_e7f2f245,2026-04-25T21:57:39,AAMkADkwZmQ0YTA5LWE0M2MtNDk3Ni1hMzUzLTE0OTQxZDcwZWExMgBGAAAAAADJoyAzIWZBQakanooks8Z-BwBz4_gG-XGLQKeK0wIDJ6A7AAV36zxOAABz4_gG-XGLQKeK0wIDJ6A7AAWvzEIkAAA=,Aprobado- Factura  -  FVE 5534 - Radicado 191854 - VILORIA JIMENEZ DONALDO ENRIQUE - Red Férrea Atlántico - NA,8e3d597c-2662-4610-809e-798038113eed.pdf,39315882d5633af9e6355a6e9ce583d9ed65d8908a4d097683ba512bba672dfb4ab2fb587aed5247291f2c84d0ee1478,FVE5534,2026-09-11,8e3d597c-2662-4610-809e-798038113eed.zip,ok,OK_REGISTRADA,7,,21.922,7,7,CUFE|SUBJECT,
20260425_210559_e7f2f245,2026-04-25T21:58:01,AAMkADkwZmQ0YTA5LWE0M2MtNDk3Ni1hMzUzLTE0OTQxZDcwZWExMgBGAAAAAADJoyAzIWZBQakanooks8Z-BwBz4_gG-XGLQKeK0wIDJ6A7AAV36zxOAABz4_gG-XGLQKeK0wIDJ6A7AAWvzEIjAAA=,Aprobado- Factura  -  CL84698 - Radicado 191686 - SUMMAR PROCESOS S.A.S - Red Férrea Atlántico - NA,ad080012531302726105220260410154903361.pdf,6081bea8d87289ee61b22bdebef760393053ad7176adc36b5937c5ea9f19774a3c33a33ff96aef75fc6c6fcd1c6ee960,CL84698,2026-04-10,ad080012531302726105220260410154903361.zip,ok,OK_REGISTRADA,7,,21.793,7,7,AIDX|SUBJECT,
20260425_210559_e7f2f245,2026-04-25T21:58:24,AAMkADkwZmQ0YTA5LWE0M2MtNDk3Ni1hMzUzLTE0OTQxZDcwZWExMgBGAAAAAADJoyAzIWZBQakanooks8Z-BwBz4_gG-XGLQKeK0wIDJ6A7AAV36zxOAABz4_gG-XGLQKeK0wIDJ6A7AAWvzEIiAAA=,Aprobado- Factura  -  IN 446325 - Radicado 191859 - CABLE ÉXITO - Cucutilla - Cornejo - NA,FACTURA IN # 446325 DE CONSORCIO RQ - JOYCO.pdf,f2085078946e1e38db3099aeae7d86c7ddf900c7ba7f9972f51b9804e12184276f6f8ff4157dd550c0cc0ae846ec3a3c,IN446325,2025-02-24,(PDF_APROBADAS_FALLBACK),ok_pdf_aprobadas_fallback,OK_REGISTRADA_FALLBACK_PDF,7,,23.153,7,7,PDF_APROBADAS|SUBJECT,
20260425_210559_e7f2f245,2026-04-25T21:58:42,AAMkADkwZmQ0YTA5LWE0M2MtNDk3Ni1hMzUzLTE0OTQxZDcwZWExMgBGAAAAAADJoyAzIWZBQakanooks8Z-BwBz4_gG-XGLQKeK0wIDJ6A7AAV36zxOAABz4_gG-XGLQKeK0wIDJ6A7AAWvzEIhAAA=,Aprobado- Factura de servicio público  -  391369167-6 - Radicado 191833 - ENEL COLOMBIA SA ESP - Dirección administrativa y financiera -Infraestructura - ,Enel16 de Abril de 2026.pdf,dceeaeeeecc3913691676aaacaedeceee04846735edd472663628350027ab202629ab202612a2026de13a2026a14ab20,ESP10149596,2026-04-16,(PDF_APROBADAS_FALLBACK),ok_pdf_aprobadas_fallback,OK_REGISTRADA_FALLBACK_PDF,7,,18.417,7,7,PDF_APROBADAS|SUBJECT,
20260425_210559_e7f2f245,2026-04-25T21:59:02,AAMkADkwZmQ0YTA5LWE0M2MtNDk3Ni1hMzUzLTE0OTQxZDcwZWExMgBGAAAAAADJoyAzIWZBQakanooks8Z-BwBz4_gG-XGLQKeK0wIDJ6A7AAV36zxOAABz4_gG-XGLQKeK0wIDJ6A7AAWvzEIgAAA=,Aprobado- Factura de servicio público  -  12300070 - Radicado 191852 - ACUEDUCTO AGUA Y ALCANTARILLADO DE BOGOTA - Dirección administrativa y financiera -Infraestructura - ,DEP13210904812.pdf,dceeaeeeecc2222756bea1230007013210904812cd128cd66cd94cd94cd94cd66cd128cd1cd106cd113cd68cd1cd112c,ANTERIOR111,,(PDF_APROBADAS_FALLBACK),ok_pdf_aprobadas_fallback,OK_REGISTRADA_FALLBACK_PDF,7,,19.144,7,7,PDF_APROBADAS|SUBJECT,
20260425_210559_e7f2f245,2026-04-25T21:59:19,AAMkADkwZmQ0YTA5LWE0M2MtNDk3Ni1hMzUzLTE0OTQxZDcwZWExMgBGAAAAAADJoyAzIWZBQakanooks8Z-BwBz4_gG-XGLQKeK0wIDJ6A7AAV36zxOAABz4_gG-XGLQKeK0wIDJ6A7AAWvzEIfAAA=,Aprobado- Factura de servicio público  -  391551993-1 - Radicado 191853 - ENEL COLOMBIA SA ESP - Dirección administrativa y financiera -Infraestructura - NA,FEX_CODENSA.PDF,eecbaae8600638758cae9313451facaeedcaddefacaaaacaedeceee63332460facadeecbc3915519931ceecaececcded,CLIENTE6333246,,(PDF_APROBADAS_FALLBACK),ok_pdf_aprobadas_fallback,OK_REGISTRADA_FALLBACK_PDF,7,,17.026,7,7,PDF_APROBADAS|SUBJECT,
20260425_210559_e7f2f245,2026-04-25T21:59:36,AAMkADkwZmQ0YTA5LWE0M2MtNDk3Ni1hMzUzLTE0OTQxZDcwZWExMgBGAAAAAADJoyAzIWZBQakanooks8Z-BwBz4_gG-XGLQKeK0wIDJ6A7AAV36zxOAABz4_gG-XGLQKeK0wIDJ6A7AAWvzEIeAAA=,Aprobado- Factura  -  391411466-4 - Radicado 191855 - ENEL COLOMBIA SA ESP - Dirección administrativa y financiera -Infraestructura - NA,Enel16 de Abril de 2026.pdf,dceeaeeeecc3914114664aaacaedeceee09715408edd4151842cac44b57a4911badcaeeadadeecaeaaea35115085247c,ESP70500968,2026-04-16,(PDF_APROBADAS_FALLBACK),ok_pdf_aprobadas_fallback,OK_REGISTRADA_FALLBACK_PDF,7,,17.571,7,7,PDF_APROBADAS|SUBJECT,
20260425_210559_e7f2f245,2026-04-25T21:59:59,AAMkADkwZmQ0YTA5LWE0M2MtNDk3Ni1hMzUzLTE0OTQxZDcwZWExMgBGAAAAAADJoyAzIWZBQakanooks8Z-BwBz4_gG-XGLQKeK0wIDJ6A7AAV36zxOAABz4_gG-XGLQKeK0wIDJ6A7AAWvzEIdAAA=,Aprobado- Factura  -  EALT 19130 - Radicado 191849 - INVERSIONES BIENES Y SERVICIOS SAS - Red Férrea Atlántico - NA,fv09010093500082600000eba.pdf,4c2ad6ff91d5281e9140b9f8e3d9f72d628cd54250ccc2ba2e9d91b61de74dd323f49edf84c08fffed4ca7c5a06c1bb4,EALT19130,2026-04-20,z09010093500082600000eba.zip,ok,OK_REGISTRADA,7,,22.855,7,7,CUFE|SUBJECT,
20260425_210559_e7f2f245,2026-04-25T22:00:22,AAMkADkwZmQ0YTA5LWE0M2MtNDk3Ni1hMzUzLTE0OTQxZDcwZWExMgBGAAAAAADJoyAzIWZBQakanooks8Z-BwBz4_gG-XGLQKeK0wIDJ6A7AAV36zxOAABz4_gG-XGLQKeK0wIDJ6A7AAWuroo6AAA=,Aprobado- Factura  -  FE21802 - Radicado 191615 - NIMBUTECH SAS - TM Av. 68 - NA,fv09006729530002600007492.pdf,3733fbc232f42ebe14634861ed6770ddec0fd8dd55ba1ba473776d4c04a03ef0e1dea417724263cefeca905d7057c7fc,FE21802,2025-05-02,fv09006729530002600007492.zip,ok,OK_REGISTRADA,7,,23.242,7,7,AIDX|SUBJECT,
20260425_210559_e7f2f245,2026-04-25T22:00:40,AAMkADkwZmQ0YTA5LWE0M2MtNDk3Ni1hMzUzLTE0OTQxZDcwZWExMgBGAAAAAADJoyAzIWZBQakanooks8Z-BwBz4_gG-XGLQKeK0wIDJ6A7AAV36zxOAABz4_gG-XGLQKeK0wIDJ6A7AAWuroo5AAA=,Aprobado- Factura  -  0041 - Radicado 191830 - CASTELLANOS HERRERA PEDRO SAMUEL - Dirección administrativa y financiera -Compras - NA,SIN_ADJUNTO_APROBADO,,0041,,(REGISTRO_MINIMO:sin_pdf_o_imagen_aprobada),ok_registro_minimo,REGISTRADA,7,,17.644,7,7,REGISTRO_MINIMO,sin_pdf_o_imagen_aprobada
20260425_210559_e7f2f245,2026-04-25T22:00:58,AAMkADkwZmQ0YTA5LWE0M2MtNDk3Ni1hMzUzLTE0OTQxZDcwZWExMgBGAAAAAADJoyAzIWZBQakanooks8Z-BwBz4_gG-XGLQKeK0wIDJ6A7AAV36zxOAABz4_gG-XGLQKeK0wIDJ6A7AAWuroo4AAA=,Aprobado- Factura  -  257-76693 - Radicado 191829 - AGENCIA DE VIAJES Y TURISMO AVIATUR S.A.S - 328 SC_FDT_DAMASO - NA,Factura 257-76693.pdf,a54b83e513000a2d690323fdaf70375756b3ea6fee02fd385d34017b019f2a3d05c2f4ff2d4c087ffd9f93552b5b2efc,ELEMENTO3124477972,2025-09-19,(PDF_APROBADAS_FALLBACK),ok_pdf_aprobadas_fallback,OK_REGISTRADA_FALLBACK_PDF,7,,17.925,7,7,PDF_APROBADAS|SUBJECT,
20260425_210559_e7f2f245,2026-04-25T22:01:21,AAMkADkwZmQ0YTA5LWE0M2MtNDk3Ni1hMzUzLTE0OTQxZDcwZWExMgBGAAAAAADJoyAzIWZBQakanooks8Z-BwBz4_gG-XGLQKeK0wIDJ6A7AAV36zxOAABz4_gG-XGLQKeK0wIDJ6A7AAWuroo3AAA=,Aprobado- Factura  -  FE21842 - Radicado 191680 - NIMBUTECH SAS - Red Férrea Atlántico - NA,fv09006729530002600007532.pdf,b574ef43e0224cc0e1a5a84d9d6f08485efd86de0d2ff1982ef0ad9817ca23f56e6541727416eb950bbe38859bc94c38,FE21842,2025-05-02,fv09006729530002600007532.zip,ok,OK_REGISTRADA,7,,23.269,7,7,AIDX|SUBJECT,
20260425_210559_e7f2f245,2026-04-25T22:01:45,AAMkADkwZmQ0YTA5LWE0M2MtNDk3Ni1hMzUzLTE0OTQxZDcwZWExMgBGAAAAAADJoyAzIWZBQakanooks8Z-BwBz4_gG-XGLQKeK0wIDJ6A7AAV36zxOAABz4_gG-XGLQKeK0wIDJ6A7AAWuroo2AAA=,Aprobado- Factura  -  FE21845 - Radicado 191693 - NIMBUTECH SAS - Dirección administrativa y financiera -Tics - NA,fv09006729530002600007535.pdf,7b213f18fc66e4032d030acf01936f5545f3750d2d1c1ea9ba9c020763fa0fa135a751e6f11f472d949bd3b3e8ae5e27,FE21845,2025-05-02,fv09006729530002600007535.zip,ok,OK_REGISTRADA,7,,24.134,7,7,AIDX|SUBJECT,
20260425_210559_e7f2f245,2026-04-25T22:02:02,AAMkADkwZmQ0YTA5LWE0M2MtNDk3Ni1hMzUzLTE0OTQxZDcwZWExMgBGAAAAAADJoyAzIWZBQakanooks8Z-BwBz4_gG-XGLQKeK0wIDJ6A7AAV36zxOAABz4_gG-XGLQKeK0wIDJ6A7AAWuroo1AAA=,Aprobado- Factura  -  5528489784 - Radicado 191771 - GOOGLE LLC - Dirección administrativa y financiera -Tics - NA,joyco.com.co_fac.pdf,ec1600aeaeaeca94043edaeefedeadedefcacfca770493581facaedefaca5528489784facaacadcabcaedacae266976e,5528489784,,(PDF_APROBADAS_FALLBACK),ok_pdf_aprobadas_fallback,OK_REGISTRADA_FALLBACK_PDF,7,,16.962,7,7,PDF_APROBADAS|SUBJECT,
20260425_210559_e7f2f245,2026-04-25T22:02:20,AAMkADkwZmQ0YTA5LWE0M2MtNDk3Ni1hMzUzLTE0OTQxZDcwZWExMgBGAAAAAADJoyAzIWZBQakanooks8Z-BwBz4_gG-XGLQKeK0wIDJ6A7AAV36zxOAABz4_gG-XGLQKeK0wIDJ6A7AAWuroo0AAA=,Aprobado- Factura  -  5528644259 - Radicado 191772 - GOOGLE LLC - Dirección administrativa y financiera -Tics - NA,joyco.co_Fac.pdf,ec1600aeaeaeca94043edaeefedeadedefcacfca770493581facaedefaca5528644259facaacabcadacae266976eafca,5528644259,,(PDF_APROBADAS_FALLBACK),ok_pdf_aprobadas_fallback,OK_REGISTRADA_FALLBACK_PDF,7,,17.675,7,7,PDF_APROBADAS|SUBJECT,
20260425_210559_e7f2f245,2026-04-25T22:02:37,AAMkADkwZmQ0YTA5LWE0M2MtNDk3Ni1hMzUzLTE0OTQxZDcwZWExMgBGAAAAAADJoyAzIWZBQakanooks8Z-BwBz4_gG-XGLQKeK0wIDJ6A7AAV36zxOAABz4_gG-XGLQKeK0wIDJ6A7AAWuroozAAA=,Aprobado- Factura  -  OSSQQ1B6-0010 - Radicado 191773 - CHATGPT - Dirección administrativa y financiera -Tics - NA,Invoice-OSSQQ1B6-0010.pdf,cecebe1b60010daefedaedeac252026ac252026eacc14553deeafacccafa94158edaeaeac2000ddeac252026aedeccab,OSSQQ1,,(PDF_APROBADAS_FALLBACK),ok_pdf_aprobadas_fallback,OK_REGISTRADA_FALLBACK_PDF,7,,17.215,7,7,PDF_APROBADAS|SUBJECT,
20260425_210559_e7f2f245,2026-04-25T22:03:01,AAMkADkwZmQ0YTA5LWE0M2MtNDk3Ni1hMzUzLTE0OTQxZDcwZWExMgBGAAAAAADJoyAzIWZBQakanooks8Z-BwBz4_gG-XGLQKeK0wIDJ6A7AAV36zxOAABz4_gG-XGLQKeK0wIDJ6A7AAWurooyAAA=,Aprobado- Factura  -  FE22002 - Radicado 191789 - NIMBUTECH SAS - Dirección administrativa y financiera -Tics - NA,fv09006729530002600007692.pdf,dc814447afd4109e7a69dd2503cc191109bccf1892dc55aa36c5ca4359aca82d69b52d6fac38cd52bb79e9a7dc59280c,FE22002,2025-05-02,fv09006729530002600007692.zip,ok,OK_REGISTRADA,7,,24.226,7,7,AIDX|SUBJECT,
20260425_210559_e7f2f245,2026-04-25T22:03:24,AAMkADkwZmQ0YTA5LWE0M2MtNDk3Ni1hMzUzLTE0OTQxZDcwZWExMgBGAAAAAADJoyAzIWZBQakanooks8Z-BwBz4_gG-XGLQKeK0wIDJ6A7AAV36zxOAABz4_gG-XGLQKeK0wIDJ6A7AAWurooxAAA=,Aprobado- Factura  -  257-76741 - Radicado 191695 - AGENCIA DE VIAJES Y TURISMO AVIATUR S.A.S - Transv. Libertador - NA,ad08600000180442600264842.pdf,4898a9c4478ce2605634ddf689a2b38eb76cbc957fa2e34553e5629f0416a4fd7942bd4f769c62c4e5db3ce3d83885fe,25776741,2026-04-11,z08600000180442600264842.zip,ok,OK_REGISTRADA,7,,23.016,7,7,AIDX|SUBJECT,
20260425_210559_e7f2f245,2026-04-25T22:03:47,AAMkADkwZmQ0YTA5LWE0M2MtNDk3Ni1hMzUzLTE0OTQxZDcwZWExMgBGAAAAAADJoyAzIWZBQakanooks8Z-BwBz4_gG-XGLQKeK0wIDJ6A7AAV36zxOAABz4_gG-XGLQKeK0wIDJ6A7AAWuroowAAA=,Aprobado- Factura  -  257-76806 - Radicado 191783 - AGENCIA DE VIAJES Y TURISMO AVIATUR S.A.S - 01-2025-327 TOYO T2 S1 - NA,ad08600000180442600280955.pdf,055df3a1f790cf26f2d3a934bf68d87e27de26f1209bed712fe6071eb23608dff7ef66594252782fbf1d047ffb1aab4e,25776806,2026-04-16,z08600000180442600280955.zip,ok,OK_REGISTRADA,7,,22.879,7,7,AIDX|SUBJECT,
20260425_210559_e7f2f245,2026-04-25T22:04:10,AAMkADkwZmQ0YTA5LWE0M2MtNDk3Ni1hMzUzLTE0OTQxZDcwZWExMgBGAAAAAADJoyAzIWZBQakanooks8Z-BwBz4_gG-XGLQKeK0wIDJ6A7AAV36zxOAABz4_gG-XGLQKeK0wIDJ6A7AAWuroovAAA=,Aprobado- Factura  -  257-76762 - Radicado 191748 - AGENCIA DE VIAJES Y TURISMO AVIATUR S.A.S - Cartago - Calarcá - NA,ad08600000180442600274698.pdf,60b34afb898b5c84039db62b9af615c2e9b197935eeb234ff05b0c1680a8e96ba78e031c123c049dfd5ab9ff4d9fc50d,25776762,2026-04-15,z08600000180442600274698.zip,ok,OK_REGISTRADA,7,,22.644,7,7,AIDX|SUBJECT,
20260425_210559_e7f2f245,2026-04-25T22:04:33,AAMkADkwZmQ0YTA5LWE0M2MtNDk3Ni1hMzUzLTE0OTQxZDcwZWExMgBGAAAAAADJoyAzIWZBQakanooks8Z-BwBz4_gG-XGLQKeK0wIDJ6A7AAV36zxOAABz4_gG-XGLQKeK0wIDJ6A7AAWuroouAAA=,Aprobado- Factura  -  257-76777 - Radicado 191757 - AGENCIA DE VIAJES Y TURISMO AVIATUR S.A.S - 01-2025-327 TOYO T2 S1 - NA,ad08600000180442600276940.pdf,a2801e056fc58ef77b1f7dd7e3df65c78c2bb11803f60d1dda7b2d52c3ae96dc55210a5cbef0ae95aa711f7b3abfcd0d,25776777,2026-04-15,z08600000180442600276940.zip,ok,OK_REGISTRADA,7,,23.355,7,7,AIDX|SUBJECT,
20260425_210559_e7f2f245,2026-04-25T22:04:56,AAMkADkwZmQ0YTA5LWE0M2MtNDk3Ni1hMzUzLTE0OTQxZDcwZWExMgBGAAAAAADJoyAzIWZBQakanooks8Z-BwBz4_gG-XGLQKeK0wIDJ6A7AAV36zxOAABz4_gG-XGLQKeK0wIDJ6A7AAWurootAAA=,Aprobado- Factura  -  257-76742 - Radicado 191706 - AGENCIA DE VIAJES Y TURISMO AVIATUR S.A.S - 01-2025-327 TOYO T2 S1 - NA,ad08600000180442600266776.pdf,aa83862b40e2391e27cb47f974ffca1fb3f3baee42e3a4925f003c1a87fda13da2efc7c113fefaee4fbce80d627e9e35,25776742,2026-04-13,z08600000180442600266776.zip,ok,OK_REGISTRADA,7,,22.55,7,7,AIDX|SUBJECT,
20260425_210559_e7f2f245,2026-04-25T22:05:20,AAMkADkwZmQ0YTA5LWE0M2MtNDk3Ni1hMzUzLTE0OTQxZDcwZWExMgBGAAAAAADJoyAzIWZBQakanooks8Z-BwBz4_gG-XGLQKeK0wIDJ6A7AAV36zxOAABz4_gG-XGLQKeK0wIDJ6A7AAWuroosAAA=,Aprobado- Factura  -  257-76750 - Radicado 191719 - AGENCIA DE VIAJES Y TURISMO AVIATUR S.A.S - Dirección administrativa y financiera -Compras - NA,ad08600000180442600268940.pdf,06c6d9033114346f0eb39102d6d7dd39322b60531920f59a6a5f1efb316c93b2f659993c5fb00384606406e1e45848de,25776750,2026-04-13,z08600000180442600268940.zip,ok,OK_REGISTRADA,7,,24.771,7,7,AIDX|SUBJECT,
20260425_210559_e7f2f245,2026-04-25T22:05:43,AAMkADkwZmQ0YTA5LWE0M2MtNDk3Ni1hMzUzLTE0OTQxZDcwZWExMgBGAAAAAADJoyAzIWZBQakanooks8Z-BwBz4_gG-XGLQKeK0wIDJ6A7AAV36zxOAABz4_gG-XGLQKeK0wIDJ6A7AAWuroorAAA=,Aprobado- Factura  -  FE 2544 - Radicado 191818 - INTI SOLUCION INMOBILIARIA - 01-2025-327 TOYO T2 S1 - NA,fv102209748900826000009f0.pdf,4d3ef4a23b974a77962984be73460715d4ae344c3d41a708302828acd03f6d6f55aa01bcefc5c5de2af3b223aafbac09,FE2544,2026-04-17,z102209748900826000009f0.zip,ok,OK_REGISTRADA,7,,22.765,7,7,AIDX|SUBJECT,
20260425_210559_e7f2f245,2026-04-25T22:06:06,AAMkADkwZmQ0YTA5LWE0M2MtNDk3Ni1hMzUzLTE0OTQxZDcwZWExMgBGAAAAAADJoyAzIWZBQakanooks8Z-BwBz4_gG-XGLQKeK0wIDJ6A7AAV36zxOAABz4_gG-XGLQKeK0wIDJ6A7AAWurooqAAA=,Aprobado- Factura  -  71 - Radicado 191816 - BLANCA JANETH FUENTES BORJA - Cartago - Calarcá - NA,CC # 71 BLANCA MES MAYO  (1).pdf,caacd01deade2026ceadecb71cceaad9014424221debeabacaaefeebacc24582855decaacaade1236188dceeaececeac,DE2026,,(PDF_APROBADAS_FALLBACK),ok_pdf_aprobadas_fallback,OK_REGISTRADA_FALLBACK_PDF,7,,23.087,7,7,PDF_APROBADAS|SUBJECT,
20260425_210559_e7f2f245,2026-04-25T22:06:32,AAMkADkwZmQ0YTA5LWE0M2MtNDk3Ni1hMzUzLTE0OTQxZDcwZWExMgBGAAAAAADJoyAzIWZBQakanooks8Z-BwBz4_gG-XGLQKeK0wIDJ6A7AAV36zxOAABz4_gG-XGLQKeK0wIDJ6A7AAWuroopAAA=,Aprobado- Factura  -  BOG40772 - Radicado 191729 - ALMACEN GENERAL DE DEPOSITO SA - Dirección administrativa y financiera -Compras - NA,BOG40772.pdf,aeae9d74460f83d702d5c80c24c0fd6750c4ad161ca196c50528b234cd893e80506bc30c4e694a21f678d0a761cc4f1d,BOG40772,2026-01-30,860020382_BOG40772.zip,ok,OK_REGISTRADA,7,,25.698,7,7,AIDX|SUBJECT,
20260425_210559_e7f2f245,2026-04-25T22:06:56,AAMkADkwZmQ0YTA5LWE0M2MtNDk3Ni1hMzUzLTE0OTQxZDcwZWExMgBGAAAAAADJoyAzIWZBQakanooks8Z-BwBz4_gG-XGLQKeK0wIDJ6A7AAV36zxOAABz4_gG-XGLQKeK0wIDJ6A7AAWuroooAAA=,Aprobado- Factura  -  A 266 - Radicado 191793 - GUERRA GARCIA MAYERLIS - L.T. Guaymaral - NA,fv10493250770082600000011.pdf,b69b7508664f4c99f9d731e15ffecde4b0857f1b923d13c6e2177eaa2a85a5fe43f0b66b742528722939f20990a6ca5b,A266,2026-04-17,z10493250770082600000011.zip,ok,OK_REGISTRADA,7,,23.954,7,7,AIDX|SUBJECT,
20260425_210559_e7f2f245,2026-04-25T22:07:29,AAMkADkwZmQ0YTA5LWE0M2MtNDk3Ni1hMzUzLTE0OTQxZDcwZWExMgBGAAAAAADJoyAzIWZBQakanooks8Z-BwBz4_gG-XGLQKeK0wIDJ6A7AAV36zxOAABz4_gG-XGLQKeK0wIDJ6A7AAWuroonAAA=,Aprobado- Factura  -  FE379 - Radicado 191723 - RESERVA VENTURA SAS - Dirección administrativa y financiera -Compras - NA,dian_FE379.pdf,b61d61aa860349983f678fea3f0ec582c7a59ce929a80859648c0551b0226ec2c0502680b7517f0dff20ae9e929c040f,FE379,2025-02-10,Toyo 1a Abril 26.zip,ok,OK_REGISTRADA,7,,32.65,7,7,NUM_MATCH:ABRIL2026|SUBJECT,
20260425_210559_e7f2f245,2026-04-25T22:08:00,AAMkADkwZmQ0YTA5LWE0M2MtNDk3Ni1hMzUzLTE0OTQxZDcwZWExMgBGAAAAAADJoyAzIWZBQakanooks8Z-BwBz4_gG-XGLQKeK0wIDJ6A7AAV36zxOAABz4_gG-XGLQKeK0wIDJ6A7AAWuroomAAA=,Aprobado- Factura  -  FE377 - Radicado 191722 - RESERVA VENTURA SAS - Dirección administrativa y financiera -Compras - NA,FE377.pdf,8b2879cfc1ebae46c01a16ae70a393fce5a8709996ff655cb676d2fad6eb618cea6614773a572c6c5cf5f577ee9da708,FE377,2025-02-10,Toyo 1a Abril 26.zip,ok,OK_REGISTRADA,7,,31.227,7,7,NUM_MATCH:ABRIL2026|SUBJECT,
20260425_210559_e7f2f245,2026-04-25T22:08:30,AAMkADkwZmQ0YTA5LWE0M2MtNDk3Ni1hMzUzLTE0OTQxZDcwZWExMgBGAAAAAADJoyAzIWZBQakanooks8Z-BwBz4_gG-XGLQKeK0wIDJ6A7AAV36zxOAABz4_gG-XGLQKeK0wIDJ6A7AAWuroolAAA=,Aprobado- Factura  -  FE378 - Radicado 191721 - RESERVA VENTURA SAS - Dirección administrativa y financiera -Compras - NA,dian_FE378.pdf,fb1c49321e3b79947b1d69549f6e8405e4247469f255782a8a0d00d1034371025e760243bb77cf8acd8c7497a0ccd04b,FE378,2025-02-10,Toyo 1a Abril 26.zip,ok,OK_REGISTRADA,7,,30.364,7,7,NUM_MATCH:ABRIL2026|SUBJECT,
20260425_210559_e7f2f245,2026-04-25T22:08:53,AAMkADkwZmQ0YTA5LWE0M2MtNDk3Ni1hMzUzLTE0OTQxZDcwZWExMgBGAAAAAADJoyAzIWZBQakanooks8Z-BwBz4_gG-XGLQKeK0wIDJ6A7AAV36zxOAABz4_gG-XGLQKeK0wIDJ6A7AAWurookAAA=,Aprobado- Factura  -  A515150670 - Radicado 191738 - SERVIENTREGA SA - 01-2025-327 TOYO T2 S1 - NA,Representacion grafica.pdf,619400387e82fa1d202d527249f12e64f1cbd5851218738f4ab2dee4e06d32b2e358dbbc677a9462866fc1f64bb59f51,A515150670,2026-04-14,Factura-A515150670.zip,ok,OK_REGISTRADA,7,,22.462,7,7,AIDX|SUBJECT,
20260425_210559_e7f2f245,2026-04-25T22:09:16,AAMkADkwZmQ0YTA5LWE0M2MtNDk3Ni1hMzUzLTE0OTQxZDcwZWExMgBGAAAAAADJoyAzIWZBQakanooks8Z-BwBz4_gG-XGLQKeK0wIDJ6A7AAV36zxOAABz4_gG-XGLQKeK0wIDJ6A7AAWuroojAAA=,Aprobado- Factura  -  SETG-980000013 - Radicado 191708 - GONZALEZ TILANO ANDREA - Dirección administrativa y financiera -Compras - NA,5a3672835e92c529db978877e5018a0700c685d67311429e07c719b7946414587fe75c169f33f09ab3e377eb707cd89a.pdf,5a3672835e92c529db978877e5018a0700c685d67311429e07c719b7946414587fe75c169f33f09ab3e377eb707cd89a,SETG-980000013,2026-04-01,Attachment-SETG980000013.zip,ok,OK_REGISTRADA,7,,22.971,7,7,AIDX|SUBJECT,
20260425_210559_e7f2f245,2026-04-25T22:09:38,AAMkADkwZmQ0YTA5LWE0M2MtNDk3Ni1hMzUzLTE0OTQxZDcwZWExMgBGAAAAAADJoyAzIWZBQakanooks8Z-BwBz4_gG-XGLQKeK0wIDJ6A7AAV36zxOAABz4_gG-XGLQKeK0wIDJ6A7AAWurooiAAA=,Aprobado- Factura  -  FPD6733 - Radicado 191815 - PAPELERIA DASHIKA - Cucutilla - Cornejo - NA,ad000553518905726000011f0.pdf,2cd5e56196862fe323f3ad477f5f0489fd3d0d58aa25227064035ee330a5ddf1fab1a0f1cb256f625278f752376858d7,FPD6733,2026-04-18,ad000553518905726000011f0.zip,ok,OK_REGISTRADA,7,,22.511,7,7,AIDX|SUBJECT,
20260425_210559_e7f2f245,2026-04-25T22:10:03,AAMkADkwZmQ0YTA5LWE0M2MtNDk3Ni1hMzUzLTE0OTQxZDcwZWExMgBGAAAAAADJoyAzIWZBQakanooks8Z-BwBz4_gG-XGLQKeK0wIDJ6A7AAV36zxOAABz4_gG-XGLQKeK0wIDJ6A7AAWuroohAAA=,Aprobado- Factura  -  FE22033 - Radicado 191796 - NIMBUTECH SAS - Dirección administrativa y financiera -Tics - NA,fv09006729530002600007723.pdf,51ae062aade60468ee0a5373bca3fbe05702da6003a3fb025dcf430f942711160e3c9aa8261af414fbc66398139be7e2,FE22033,2025-05-02,fv09006729530002600007723.zip,ok,OK_REGISTRADA,7,,24.765,7,7,AIDX|SUBJECT,
20260425_210559_e7f2f245,2026-04-25T22:10:25,AAMkADkwZmQ0YTA5LWE0M2MtNDk3Ni1hMzUzLTE0OTQxZDcwZWExMgBGAAAAAADJoyAzIWZBQakanooks8Z-BwBz4_gG-XGLQKeK0wIDJ6A7AAV36zxOAABz4_gG-XGLQKeK0wIDJ6A7AAWuroogAAA=,Aprobado- Factura  -  FE-63962 - Radicado 191480 - BUK COL S.A.S - Dirección administrativa y financiera -Talento Humano - NA,FA FE-63962 - PDF-4850976.pdf,568b28779a099f3004bd621b35d7ba0afbb720d10c33d1882cbf6a7e74943a158fc58d8c20ad06e14efd2e9306953e3b,FE-63962,2026-04-01,Document_4850976.zip,ok,OK_REGISTRADA,7,,22.555,7,7,AIDX|SUBJECT,
20260425_210559_e7f2f245,2026-04-25T22:10:49,AAMkADkwZmQ0YTA5LWE0M2MtNDk3Ni1hMzUzLTE0OTQxZDcwZWExMgBGAAAAAADJoyAzIWZBQakanooks8Z-BwBz4_gG-XGLQKeK0wIDJ6A7AAV36zxOAABz4_gG-XGLQKeK0wIDJ6A7AAWuroofAAA=,Aprobado- Factura  -  AEMP16556 - Radicado 191427 - CABIFY EMPRESARIAL SAS - Dirección administrativa y financiera -Compras - NA,ad09016124380512600016556.pdf,434542eeae85d5bdf858ca8decf04a3bf3822b82a73aec045d855bac700fa3e4d777879a3db9cb63613ce743456bb088,AEMP16556,2026-04-01,ad09016124380512600016556.zip,ok,OK_REGISTRADA,7,,23.099,7,7,AIDX|SUBJECT,
20260425_210559_e7f2f245,2026-04-25T22:11:10,AAMkADkwZmQ0YTA5LWE0M2MtNDk3Ni1hMzUzLTE0OTQxZDcwZWExMgBGAAAAAADJoyAzIWZBQakanooks8Z-BwBz4_gG-XGLQKeK0wIDJ6A7AAV36zxOAABz4_gG-XGLQKeK0wIDJ6A7AAWurooeAAA=,Aprobado- Factura  -  FE-63963 - Radicado 191481 - BUK COL S.A.S - Red Férrea Atlántico - NA,FA FE-63963 - PDF-4850978.pdf,45b45095aaeb761a77a046e02a068d1bee7caaefeb13f2f65d1f2c16279fd00acabe65c8df97beb303ffa8c9f7d4ad2e,FE-63963,2026-04-01,Document_4850978.zip,ok,OK_REGISTRADA,7,,21.923,7,7,AIDX|SUBJECT,
20260425_210559_e7f2f245,2026-04-25T22:11:34,AAMkADkwZmQ0YTA5LWE0M2MtNDk3Ni1hMzUzLTE0OTQxZDcwZWExMgBGAAAAAADJoyAzIWZBQakanooks8Z-BwBz4_gG-XGLQKeK0wIDJ6A7AAV36zxOAABz4_gG-XGLQKeK0wIDJ6A7AAWuroodAAA=,Aprobado- Factura  -  AEZY43579 - Radicado 191428 - CABIFY EMPRESARIAL SAS - Dirección administrativa y financiera -Compras - NA,ad09006105850512600043579.pdf,29919788a381795c66bf5fd8c7c792342e014150251710d273133717fc05d78bd443ddfde5b8aca17155dd251f5e877e,AEZY43579,2026-04-01,ad09006105850512600043579.zip,ok,OK_REGISTRADA,7,,23.476,7,7,AIDX|SUBJECT,
20260425_210559_e7f2f245,2026-04-25T22:11:57,AAMkADkwZmQ0YTA5LWE0M2MtNDk3Ni1hMzUzLTE0OTQxZDcwZWExMgBGAAAAAADJoyAzIWZBQakanooks8Z-BwBz4_gG-XGLQKeK0wIDJ6A7AAV36zxOAABz4_gG-XGLQKeK0wIDJ6A7AAWuroocAAA=,Aprobado- Factura  -  FE-63964 - Radicado 191482 - BUK COL S.A.S - Pto. Gaitán – Pte. Arimena - NA,FA FE-63964 - PDF-4850980.pdf,63fe2bc39d18508e72d8a0503d2a38cc658247d84328b957fc31ddba91fe95e7b6be57b132ed0ed950fade0d6711f071,FE-63964,2026-04-01,Document_4850980.zip,ok,OK_REGISTRADA,7,,22.836,7,7,AIDX|SUBJECT,
20260425_210559_e7f2f245,2026-04-25T22:12:20,AAMkADkwZmQ0YTA5LWE0M2MtNDk3Ni1hMzUzLTE0OTQxZDcwZWExMgBGAAAAAADJoyAzIWZBQakanooks8Z-BwBz4_gG-XGLQKeK0wIDJ6A7AAV36zxOAABz4_gG-XGLQKeK0wIDJ6A7AAWuroobAAA=,Aprobado- Factura  -  FE-63965 - Radicado 191483 - BUK COL S.A.S - Transv. Libertador - NA,FA FE-63965 - PDF-4850982.pdf,6e3bc613d60e7dc938104bbd2ac230fdc5f216b004a94e6f8aa02767b013eff7304cfdb87be521d4c7d1da4529f21cc5,FE-63965,2026-04-01,Document_4850982.zip,ok,OK_REGISTRADA,7,,22.815,7,7,AIDX|SUBJECT,
20260425_210559_e7f2f245,2026-04-25T22:12:43,AAMkADkwZmQ0YTA5LWE0M2MtNDk3Ni1hMzUzLTE0OTQxZDcwZWExMgBGAAAAAADJoyAzIWZBQakanooks8Z-BwBz4_gG-XGLQKeK0wIDJ6A7AAV36zxOAABz4_gG-XGLQKeK0wIDJ6A7AAWurooaAAA=,Aprobado- Factura  -  FE-63966 - Radicado 191484 - BUK COL S.A.S - TM Av. 68 - NA,FA FE-63966 - PDF-4850984.pdf,bbd989aefa8b6dc033393f257f507564e094855d419731b360d038b493820420bbfffc04bdca516540e51d84675e4b33,FE-63966,2026-04-01,Document_4850984.zip,ok,OK_REGISTRADA,7,,23.316,7,7,AIDX|SUBJECT,
20260425_210559_e7f2f245,2026-04-25T22:13:06,AAMkADkwZmQ0YTA5LWE0M2MtNDk3Ni1hMzUzLTE0OTQxZDcwZWExMgBGAAAAAADJoyAzIWZBQakanooks8Z-BwBz4_gG-XGLQKeK0wIDJ6A7AAV36zxOAABz4_gG-XGLQKeK0wIDJ6A7AAWurooZAAA=,Aprobado- Factura  -  FE-63967 - Radicado 191485 - BUK COL S.A.S - Transv. Libertador - NA,FA FE-63967 - PDF-4850986.pdf,4ae2fe424a8cb60fc9c96d4995609fceccd875ab25a5f42a175e1827831c686a08cbac58676e96328a791a2f08ce0272,FE-63967,2026-04-01,Document_4850986.zip,ok,OK_REGISTRADA,7,,23.25,7,7,AIDX|SUBJECT,
20260425_210559_e7f2f245,2026-04-25T22:13:30,AAMkADkwZmQ0YTA5LWE0M2MtNDk3Ni1hMzUzLTE0OTQxZDcwZWExMgBGAAAAAADJoyAzIWZBQakanooks8Z-BwBz4_gG-XGLQKeK0wIDJ6A7AAV36zxOAABz4_gG-XGLQKeK0wIDJ6A7AAWurooYAAA=,Aprobado- Factura  -  FE-63968 - Radicado 191486 - BUK COL S.A.S - Cucutilla - Cornejo - NA,FA FE-63968 - PDF-4850988.pdf,425e2fdddbec7a80a886c2b95205482a9cfdc064e805f850eea1f7aaa8a5f09d53170dd1d33a69706c26617a622dddba,FE-63968,2026-04-01,Document_4850988.zip,ok,OK_REGISTRADA,7,,23.453,7,7,AIDX|SUBJECT,
20260425_210559_e7f2f245,2026-04-25T22:13:53,AAMkADkwZmQ0YTA5LWE0M2MtNDk3Ni1hMzUzLTE0OTQxZDcwZWExMgBGAAAAAADJoyAzIWZBQakanooks8Z-BwBz4_gG-XGLQKeK0wIDJ6A7AAV36zxOAABz4_gG-XGLQKeK0wIDJ6A7AAWurooXAAA=,Aprobado- Factura  -  FE-64212 - Radicado 191489 - BUK COL S.A.S - 01-2025-327 TOYO T2 S1 - NA,FA FE-64212 - PDF-4851548.pdf,6fea793859bb5c5b1c0270d1e617d0af43b8b5cf847889bda621f28fd2f2cb14b51e368162250f1bf793f72ec1deb8da,FE-64212,2026-04-01,Document_4851548.zip,ok,OK_REGISTRADA,7,,23.604,7,7,AIDX|SUBJECT,
20260425_210559_e7f2f245,2026-04-25T22:14:23,AAMkADkwZmQ0YTA5LWE0M2MtNDk3Ni1hMzUzLTE0OTQxZDcwZWExMgBGAAAAAADJoyAzIWZBQakanooks8Z-BwBz4_gG-XGLQKeK0wIDJ6A7AAV36zxOAABz4_gG-XGLQKeK0wIDJ6A7AAWurooWAAA=,Aprobado- Factura  -  M7098498 - Radicado 191492 - COLMEDICA MEDICINA PREPAGADA - Dirección administrativa y financiera -Talento Humano - NA,M7098498.pdf,7ab29ad0f91055a625c58cf06c594b652ade435b6dfd93a762dfb53eba78fd64740e523ba9e524005448f5e32dd63e0e,M7098498,2025-08-25,Factura Colmedica 03 de Abril de 2026.zip,ok,OK_REGISTRADA,7,,29.558,7,7,AIDX|SUBJECT,
20260425_210559_e7f2f245,2026-04-25T22:14:47,AAMkADkwZmQ0YTA5LWE0M2MtNDk3Ni1hMzUzLTE0OTQxZDcwZWExMgBGAAAAAADJoyAzIWZBQakanooks8Z-BwBz4_gG-XGLQKeK0wIDJ6A7AAV36zxOAABz4_gG-XGLQKeK0wIDJ6A7AAWurooVAAA=,Aprobado- Factura  -  FE 65514 - Radicado 191586 - BUK COL S.A.S - 01-2025-327 TOYO T2 S1 - NA,FA FE-65514 - PDF-4874319.pdf,2536e153f21562a787d4a551b1d7057b706359b45a948915ef922a2c1529a9d43a91aa4fb6ad9e003ef81d008be63348,FE65514,2026-04-08,Document_4874319.zip,ok,OK_REGISTRADA,7,,24.251,7,7,AIDX|SUBJECT,
20260425_210559_e7f2f245,2026-04-25T22:15:12,AAMkADkwZmQ0YTA5LWE0M2MtNDk3Ni1hMzUzLTE0OTQxZDcwZWExMgBGAAAAAADJoyAzIWZBQakanooks8Z-BwBz4_gG-XGLQKeK0wIDJ6A7AAV36zxOAABz4_gG-XGLQKeK0wIDJ6A7AAWurooUAAA=,Aprobado- Factura  -  FE-65074 - Radicado 191616 - BUK COL S.A.S - Red Férrea Atlántico - NA,FA FE-65074 - PDF-4873301.pdf,4c9c2e22393f88fbb0d8b1f8204b2fbc592b649d7774a5a2e787f55ea8bbfb51dd4a23e4ff9fefc9e8e77e6c5ec12e82,FE-65074,2026-04-08,Document_4873301.zip,ok,OK_REGISTRADA,7,,25.308,7,7,AIDX|SUBJECT,
20260425_210559_e7f2f245,2026-04-25T22:15:35,AAMkADkwZmQ0YTA5LWE0M2MtNDk3Ni1hMzUzLTE0OTQxZDcwZWExMgBGAAAAAADJoyAzIWZBQakanooks8Z-BwBz4_gG-XGLQKeK0wIDJ6A7AAV36zxOAABz4_gG-XGLQKeK0wIDJ6A7AAWurooTAAA=,Aprobado- Factura  -  FE-65073 - Radicado 191617 - BUK COL S.A.S - Dirección administrativa y financiera -Talento Humano - NA,FA FE-65073 - PDF-4873299.pdf,f2f3e5b715bd0924f8e1843244e3f7577e8aaabdf5bde839a80059ea2be79eda632fbfe9fc58fd9ff2ad857d69624786,FE-65073,2026-04-08,Document_4873299.zip,ok,OK_REGISTRADA,7,,22.362,7,7,AIDX|SUBJECT,
20260425_210559_e7f2f245,2026-04-25T22:15:58,AAMkADkwZmQ0YTA5LWE0M2MtNDk3Ni1hMzUzLTE0OTQxZDcwZWExMgBGAAAAAADJoyAzIWZBQakanooks8Z-BwBz4_gG-XGLQKeK0wIDJ6A7AAV36zxOAABz4_gG-XGLQKeK0wIDJ6A7AAWurooSAAA=,Aprobado- Factura  -  FE-65075 - Radicado 191618 - BUK COL S.A.S - Pto. Gaitán – Pte. Arimena - NA,FA FE-65075 - PDF-4873303.pdf,33db3ba61652d160397bdb6eef0e6e98ffd273d90de21fe960d14de8028fb0900d886c15320d05fcf4e94b7a5ba69e5d,FE-65075,2026-04-08,Document_4873303.zip,ok,OK_REGISTRADA,7,,23.036,7,7,AIDX|SUBJECT,
20260425_210559_e7f2f245,2026-04-25T22:16:21,AAMkADkwZmQ0YTA5LWE0M2MtNDk3Ni1hMzUzLTE0OTQxZDcwZWExMgBGAAAAAADJoyAzIWZBQakanooks8Z-BwBz4_gG-XGLQKeK0wIDJ6A7AAV36zxOAABz4_gG-XGLQKeK0wIDJ6A7AAWurooRAAA=,Aprobado- Factura  -  FE-65076 - Radicado 191619 - BUK COL S.A.S - Cartago - Calarcá - NA,FA FE-65076 - PDF-4873305.pdf,75a18655994aac5ed494fca1905c16eb42c4bf0b40c37ddbfcdf9005c5cfae4020d8bb3286c7f4a2b2adba1a86505d94,FE-65076,2026-04-08,Document_4873305.zip,ok,OK_REGISTRADA,7,,23.121,7,7,AIDX|SUBJECT,
20260425_210559_e7f2f245,2026-04-25T22:16:44,AAMkADkwZmQ0YTA5LWE0M2MtNDk3Ni1hMzUzLTE0OTQxZDcwZWExMgBGAAAAAADJoyAzIWZBQakanooks8Z-BwBz4_gG-XGLQKeK0wIDJ6A7AAV36zxOAABz4_gG-XGLQKeK0wIDJ6A7AAWurooQAAA=,Aprobado- Factura  -  FE-65077 - Radicado 191620 - BUK COL S.A.S - TM Av. 68 - NA,FA FE-65077 - PDF-4873307.pdf,42971e9cadfac3e063fcd95eeba22ff7fa1d50478c307deee4c5382f785b5178d9da94b8527f7cba4ef9b77e9410cffb,FE-65077,2026-04-08,Document_4873307.zip,ok,OK_REGISTRADA,7,,23.094,7,7,AIDX|SUBJECT,
20260425_210559_e7f2f245,2026-04-25T22:17:06,AAMkADkwZmQ0YTA5LWE0M2MtNDk3Ni1hMzUzLTE0OTQxZDcwZWExMgBGAAAAAADJoyAzIWZBQakanooks8Z-BwBz4_gG-XGLQKeK0wIDJ6A7AAV36zxOAABz4_gG-XGLQKeK0wIDJ6A7AAWurooPAAA=,Aprobado- Factura  -  FE-65078 - Radicado 191621 - BUK COL S.A.S - Transv. Libertador - NA,FA FE-65078 - PDF-4873309.pdf,9a5aa0830789adfdead0e874c1ca254aa24bd54057a0c019f639bed114586bfed483ae3c42d69a37732087e29e406ba5,FE-65078,2026-04-08,Document_4873309.zip,ok,OK_REGISTRADA,7,,22.464,7,7,AIDX|SUBJECT,
20260425_210559_e7f2f245,2026-04-25T22:17:41,AAMkADkwZmQ0YTA5LWE0M2MtNDk3Ni1hMzUzLTE0OTQxZDcwZWExMgBGAAAAAADJoyAzIWZBQakanooks8Z-BwBz4_gG-XGLQKeK0wIDJ6A7AAV36zxOAABz4_gG-XGLQKeK0wIDJ6A7AAWurooOAAA=,Aprobado- Factura  -  FE-65079 - Radicado 191622 - BUK COL S.A.S - Cucutilla - Cornejo - NA,FA FE-65079 - PDF-4873311.pdf,16d6258cdc25f7c295fbadc829f6f632a293bcf6917435e0b14ee171699475e81f654c95087d1dda417f2e3baec10b2d,FE-65079,2026-04-08,Document_4873311.zip,ok,OK_REGISTRADA,7,,34.417,7,7,AIDX|SUBJECT,
20260425_210559_e7f2f245,2026-04-25T22:18:07,AAMkADkwZmQ0YTA5LWE0M2MtNDk3Ni1hMzUzLTE0OTQxZDcwZWExMgBGAAAAAADJoyAzIWZBQakanooks8Z-BwBz4_gG-XGLQKeK0wIDJ6A7AAV36zxOAABz4_gG-XGLQKeK0wIDJ6A7AAWurooNAAA=,Aprobado- Factura  -  BG 683224 - Radicado 191819 - RECORDAR PREVISION EXEQUIAL TOTAL SAS - Joyco Consultores S.A.S. - NA,BG 683224.pdf,5d5eb540dc5736eadd0bba9b9508cb9c4c309c7141eb84d9ce03808a61d0382e52afc6e0c39a0935cdc1e986614fc477,BG683224,2026-04-09,z08001921050072600683224.zip,ok,OK_REGISTRADA,7,,26.029,7,7,AIDX|SUBJECT,
20260425_210559_e7f2f245,2026-04-25T22:18:30,AAMkADkwZmQ0YTA5LWE0M2MtNDk3Ni1hMzUzLTE0OTQxZDcwZWExMgBGAAAAAADJoyAzIWZBQakanooks8Z-BwBz4_gG-XGLQKeK0wIDJ6A7AAV36zxOAABz4_gG-XGLQKeK0wIDJ6A7AAWurooMAAA=,Aprobado- Factura  -  FE-64118 - Radicado 191626 - BUK COL S.A.S - Cesar Red Terciaria - NA,FA FE-64118 - PDF-4851336.pdf,5f9628e2a7a20abc4ffd835beab2b8728e6c975ec2bea1de34e576a37796f1b2123b2b1d454c4ee48416f94372b35ae1,FE-64118,2026-04-01,Document_4851336.zip,ok,OK_REGISTRADA,7,,23.178,7,7,AIDX|SUBJECT,
20260425_210559_e7f2f245,2026-04-25T22:18:53,AAMkADkwZmQ0YTA5LWE0M2MtNDk3Ni1hMzUzLTE0OTQxZDcwZWExMgBGAAAAAADJoyAzIWZBQakanooks8Z-BwBz4_gG-XGLQKeK0wIDJ6A7AAV36zxOAABz4_gG-XGLQKeK0wIDJ6A7AAWurooLAAA=,Aprobado- Factura  -  FE-65333 - Radicado 191627 - BUK COL S.A.S - Cesar Red Terciaria - NA,FA FE-65333 - PDF-4873903.pdf,877d27c776ed42d1c8fc28dfb98703a10bc3759b280f230a4f5878ec510a24fbcdbde1515eeab5aafd13012217267af6,FE-65333,2026-04-08,Document_4873903.zip,ok,OK_REGISTRADA,7,,22.894,7,7,AIDX|SUBJECT,
20260425_210559_e7f2f245,2026-04-25T22:19:18,AAMkADkwZmQ0YTA5LWE0M2MtNDk3Ni1hMzUzLTE0OTQxZDcwZWExMgBGAAAAAADJoyAzIWZBQakanooks8Z-BwBz4_gG-XGLQKeK0wIDJ6A7AAV36zxOAABz4_gG-XGLQKeK0wIDJ6A7AAWurooKAAA=,Aprobado- Factura  -  BG 683221 - Radicado 191653 - RECORDAR PREVISION EXEQUIAL TOTAL SAS - Dirección administrativa y financiera -Talento Humano - NA,191652.pdf,96ac4397d2237c80a6ae089224f561bf19843ed14d24f003343659b967e256d7dcf40c76c63205d4c3afbe39442caf7e,BG683221,2026-04-09,z08001921050072600683220.zip,ok,OK_REGISTRADA,7,,25.492,7,7,AIDX|SUBJECT,
20260425_210559_e7f2f245,2026-04-25T22:19:44,AAMkADkwZmQ0YTA5LWE0M2MtNDk3Ni1hMzUzLTE0OTQxZDcwZWExMgBGAAAAAADJoyAzIWZBQakanooks8Z-BwBz4_gG-XGLQKeK0wIDJ6A7AAV36zxOAABz4_gG-XGLQKeK0wIDJ6A7AAWurooJAAA=,Aprobado- Factura  -  BG 683222 - Radicado 191654 - RECORDAR PREVISION EXEQUIAL TOTAL SAS - Cucutilla - Cornejo - NA,191653.pdf,9e3cf7588cc0f382b21ee37de12230f2169b9fdecb80ee81140ceef9518865a4df196c0b94a2e42e4b261c41e5e1503f,BG683222,2026-04-09,z08001921050072600683221.zip,ok,OK_REGISTRADA,7,,25.374,7,7,AIDX|SUBJECT,
20260425_210559_e7f2f245,2026-04-25T22:20:15,AAMkADkwZmQ0YTA5LWE0M2MtNDk3Ni1hMzUzLTE0OTQxZDcwZWExMgBGAAAAAADJoyAzIWZBQakanooks8Z-BwBz4_gG-XGLQKeK0wIDJ6A7AAV36zxOAABz4_gG-XGLQKeK0wIDJ6A7AAWurooIAAA=,Aprobado- Factura  -  BG 683223 - Radicado 191655 - RECORDAR PREVISION EXEQUIAL TOTAL SAS - Red Férrea Atlántico - NA,191654.pdf,cde795ae81267ecfe665890bf0fcd9e24668fbc022c8726a61c8f0b9551e945b49c0297ebe515800912adc82aa20ee57,BG683223,2026-04-09,z08001921050072600683222.zip,ok,OK_REGISTRADA,7,,31.176,7,7,AIDX|SUBJECT,
20260425_210559_e7f2f245,2026-04-25T22:20:44,AAMkADkwZmQ0YTA5LWE0M2MtNDk3Ni1hMzUzLTE0OTQxZDcwZWExMgBGAAAAAADJoyAzIWZBQakanooks8Z-BwBz4_gG-XGLQKeK0wIDJ6A7AAV36zxOAABz4_gG-XGLQKeK0wIDJ6A7AAWurooHAAA=,Aprobado- Factura  -  BG 683224 - Radicado 191656 - RECORDAR PREVISION EXEQUIAL TOTAL SAS - Joyco Consultores S.A.S. - NA,191655.pdf,cbee38491dec5ce963de65a89a46ac8ec0fbe4f260b652d709ae7a0458d286b72a537c3bf0c27af0e6005c3900da7846,BG683224,2026-04-09,z08001921050072600683223.zip,ok,OK_REGISTRADA,7,,29.234,7,7,AIDX|SUBJECT,
20260425_210559_e7f2f245,2026-04-25T22:21:10,AAMkADkwZmQ0YTA5LWE0M2MtNDk3Ni1hMzUzLTE0OTQxZDcwZWExMgBGAAAAAADJoyAzIWZBQakanooks8Z-BwBz4_gG-XGLQKeK0wIDJ6A7AAV36zxOAABz4_gG-XGLQKeK0wIDJ6A7AAWurooGAAA=,Aprobado- Factura  -  FEAC 25932 - Radicado 191712 - ALQUILER DE COMPUTADORES SAS - Tolima Red Terciaria - NA,ad09001901350352600000580.pdf,835998271db130e28fa363e0158c43bfcc4c9675e97d958890a2a77b32e346de0cc8fbeda9c7add53c3e7a09605e5b37,FEAC25932,2026-05-14,ad09001901350352600000580.zip,ok,OK_REGISTRADA,7,,26.245,7,7,AIDX|SUBJECT,
20260425_210559_e7f2f245,2026-04-25T22:21:38,AAMkADkwZmQ0YTA5LWE0M2MtNDk3Ni1hMzUzLTE0OTQxZDcwZWExMgBGAAAAAADJoyAzIWZBQakanooks8Z-BwBz4_gG-XGLQKeK0wIDJ6A7AAV36zxOAABz4_gG-XGLQKeK0wIDJ6A7AAWurooFAAA=,Aprobado- Factura  -  FEAC 25931 - Radicado 191710 - ALQUILER DE COMPUTADORES SAS - Cucutilla - Cornejo - NA,3f10cc53-54f2-447e-8ae9-673cd492b049.pdf,1d250abd86915eba7992bb9a205a97decb611ef5cf2dde72fde04586ecafe00fa9655c597e54d0386af2888962000146,FEAC25931,2026-05-14,3f10cc53-54f2-447e-8ae9-673cd492b049.zip,ok,OK_REGISTRADA,7,,27.848,7,7,AIDX|SUBJECT,
20260425_210559_e7f2f245,2026-04-25T22:21:57,AAMkADkwZmQ0YTA5LWE0M2MtNDk3Ni1hMzUzLTE0OTQxZDcwZWExMgBGAAAAAADJoyAzIWZBQakanooks8Z-BwBz4_gG-XGLQKeK0wIDJ6A7AAV36zxOAABz4_gG-XGLQKeK0wIDJ6A7AAWtJs40AAA=,Aprobado- Factura  -  3 - 292553661 - Radicado 191774 - COMCEL SA - Dirección administrativa y financiera -Infraestructura - NA,Factura_13255_003 - 292553661.PDF,ccea8001539937cacdadcdadbacdadcdad8600675619deccc44b57a49deccdeccdeccfacaeeccadeea3292553661faca,553661300000013255,2026-04-06,(PDF_APROBADAS_FALLBACK),ok_pdf_aprobadas_fallback,OK_REGISTRADA_FALLBACK_PDF,7,,19.021,7,7,PDF_APROBADAS|SUBJECT,
20260425_210559_e7f2f245,2026-04-25T22:22:22,AAMkADkwZmQ0YTA5LWE0M2MtNDk3Ni1hMzUzLTE0OTQxZDcwZWExMgBGAAAAAADJoyAzIWZBQakanooks8Z-BwBz4_gG-XGLQKeK0wIDJ6A7AAV36zxOAABz4_gG-XGLQKeK0wIDJ6A7AAWtJs4zAAA=,Aprobado- Factura  -  C 7943291 - Radicado 191756 - COOPERATIVA SANTANDEREANA DE TRANSPORTADORES LIMITADA - Cucutilla - Cornejo - NA,ad08902009280072607943291.pdf,53c4436fb8902d6562bba5af521157fb9f9e399c6effe6c2f842c3c2068822299ac1af5393de350d43b96ec750ff40aa,C7943291,2026-04-15,z08902009280072607943291.zip,ok,OK_REGISTRADA,7,,24.716,7,7,AIDX|SUBJECT,
20260425_210559_e7f2f245,2026-04-25T22:22:46,AAMkADkwZmQ0YTA5LWE0M2MtNDk3Ni1hMzUzLTE0OTQxZDcwZWExMgBGAAAAAADJoyAzIWZBQakanooks8Z-BwBz4_gG-XGLQKeK0wIDJ6A7AAV36zxOAABz4_gG-XGLQKeK0wIDJ6A7AAWtJs4yAAA=,Aprobado- Factura  -  FE 1034 - Radicado 191649 - JULIANA ANDREA VILLA MACIAS - 01-2025-327 TOYO T2 S1 - NA,fv1022097649008260000006a.pdf,9c4c02f08dc8fd24d2fb19d1c018c9e5b25ad138c6ae5cd8c5cbf955bddaf34ae9b750e14827ebba44d5dfd6593a9cde,FE1034,2026-04-09,z1022097649008260000006a.zip,ok,OK_REGISTRADA,7,,24.248,7,7,AIDX|SUBJECT,
20260425_210559_e7f2f245,2026-04-25T22:23:11,AAMkADkwZmQ0YTA5LWE0M2MtNDk3Ni1hMzUzLTE0OTQxZDcwZWExMgBGAAAAAADJoyAzIWZBQakanooks8Z-BwBz4_gG-XGLQKeK0wIDJ6A7AAV36zxOAABz4_gG-XGLQKeK0wIDJ6A7AAWtJs4xAAA=,Aprobado- Factura  -  JL60 2216 - Radicado 191647 - JARDINEROS SAS - Dirección administrativa y financiera -Compras - NA,ad86050766900319JL602216.pdf,647b087b99b9dab8245c4c8a1a3f29aabfded9c3e6d2965258a1810d6895d4a1f74137ea761218d2808fe0633cd8d310,JL602216,2026-04-09,ad86050766900319JL602216.zip,ok,OK_REGISTRADA,7,,25.125,7,7,AIDX|SUBJECT,
20260425_210559_e7f2f245,2026-04-25T22:23:35,AAMkADkwZmQ0YTA5LWE0M2MtNDk3Ni1hMzUzLTE0OTQxZDcwZWExMgBGAAAAAADJoyAzIWZBQakanooks8Z-BwBz4_gG-XGLQKeK0wIDJ6A7AAV36zxOAABz4_gG-XGLQKeK0wIDJ6A7AAWtJs4wAAA=,Aprobado- Factura  -  FE1-4747 - Radicado 191787 - PAPELERIA DASHIKA - Cucutilla - Cornejo - NA,ad000553518905726000011c5.pdf,a24edc0ef47b54296a8042260d24e0d3e4eb06f6233c3cd4b51d45fc7ec8617fb8b853e75860ad0883fc54f704752261,FE1-4747,2026-04-16,ad000553518905726000011c5.zip,ok,OK_REGISTRADA,7,,23.786,7,7,AIDX|SUBJECT,
20260425_210559_e7f2f245,2026-04-25T22:24:00,AAMkADkwZmQ0YTA5LWE0M2MtNDk3Ni1hMzUzLTE0OTQxZDcwZWExMgBGAAAAAADJoyAzIWZBQakanooks8Z-BwBz4_gG-XGLQKeK0wIDJ6A7AAV36zxOAABz4_gG-XGLQKeK0wIDJ6A7AAWr4J4BAAA=,Aprobado- Factura  -  I6C7313702 - Radicado 191780 - D1 SAS - Cucutilla - Cornejo - NA,fv090027696202126I6C7313702.pdf,d3b8fcec8c4a5207e7cf94d9bd297c2e59f9dc67a6c7f2dfb139c3abf62bfb8198d159345a2ecee0cbcadeb2c766db24,I6C6134911,2026-04-16,090027696202126I6C6134911.zip,ok,OK_REGISTRADA,7,,24.624,7,7,PDF_TOKEN:090027696202126I|SUBJECT,
20260425_210559_e7f2f245,2026-04-25T22:24:19,AAMkADkwZmQ0YTA5LWE0M2MtNDk3Ni1hMzUzLTE0OTQxZDcwZWExMgBGAAAAAADJoyAzIWZBQakanooks8Z-BwBz4_gG-XGLQKeK0wIDJ6A7AAV36zxOAABz4_gG-XGLQKeK0wIDJ6A7AAWr4J4AAAA=,Aprobado- Factura  -  6310007658 - Radicado 191767 - CAJA DE COMPENSACION FAMILIAR COMPENSAR - Joyco Consultores S.A.S. - NA,6310007658.pdf,,6310007658,,(REGISTRO_MINIMO:sin_cufe_o_pdf_no_legible),ok_registro_minimo,REGISTRADA,7,,18.915,7,7,REGISTRO_MINIMO,sin_cufe_o_pdf_no_legible
20260425_210559_e7f2f245,2026-04-25T22:24:43,AAMkADkwZmQ0YTA5LWE0M2MtNDk3Ni1hMzUzLTE0OTQxZDcwZWExMgBGAAAAAADJoyAzIWZBQakanooks8Z-BwBz4_gG-XGLQKeK0wIDJ6A7AAV36zxOAABz4_gG-XGLQKeK0wIDJ6A7AAWr4J3-AAA=,Aprobado- Factura  -  R39E1485052 - Radicado 191713 - CREPES Y WAFFLES SA - Transv. Libertador - NA,ad8600769190000R39E1485052.pdf,3342eb356b1dee7ae2dc048d2f9056e5b72b5613f4f75b1f9d2853eed8448f02cece4b125c6f7bdc48045230b7b44d13,R39,2025-05-13,ad8600769190000R39E1485052.zip,ok,OK_REGISTRADA,7,,24.079,7,7,AIDX|SUBJECT,
20260425_210559_e7f2f245,2026-04-25T22:25:12,AAMkADkwZmQ0YTA5LWE0M2MtNDk3Ni1hMzUzLTE0OTQxZDcwZWExMgBGAAAAAADJoyAzIWZBQakanooks8Z-BwBz4_gG-XGLQKeK0wIDJ6A7AAV36zxOAABz4_gG-XGLQKeK0wIDJ6A7AAWr4J3_AAA=,Aprobado- Factura  -  FCII 1206821 - Radicado 191426 - TELESENTINEL LTDA - Reserva Ventura S.A.S. - NA,Pagos.pdf,1feed18902addb6c981130eb7280e5ede7506d2f9c9ded910846d9114cbbaa5002ea3f73c8cba1406d899c8bf76e9fa6,FCII1206821,,z08000148750072601206821.zip,ok,OK_REGISTRADA,7,,29.002,7,7,AIDX|SUBJECT,
20260425_210559_e7f2f245,2026-04-25T22:25:36,AAMkADkwZmQ0YTA5LWE0M2MtNDk3Ni1hMzUzLTE0OTQxZDcwZWExMgBGAAAAAADJoyAzIWZBQakanooks8Z-BwBz4_gG-XGLQKeK0wIDJ6A7AAV36zxOAABz4_gG-XGLQKeK0wIDJ6A7AAWr4J39AAA=,Aprobado- Factura  -  FE347918 - Radicado 191747 - LABORATORIO CLINICO COLMEDICOS IPS SAS - Pto. Gaitán – Pte. Arimena - NA,ad08000491040712653406315.pdf,839bc9038fd03dafeb988d97891c8687ea0814383ae2664d0c45e95e6c679dfabeb83b637b5383036ddcb6b28e35a195,FE347918,2026-03-01,ad08000491040712653406315.zip,ok,OK_REGISTRADA,7,,23.862,7,7,AIDX|SUBJECT,
20260425_210559_e7f2f245,2026-04-25T22:26:02,AAMkADkwZmQ0YTA5LWE0M2MtNDk3Ni1hMzUzLTE0OTQxZDcwZWExMgBGAAAAAADJoyAzIWZBQakanooks8Z-BwBz4_gG-XGLQKeK0wIDJ6A7AAV36zxOAABz4_gG-XGLQKeK0wIDJ6A7AAWr4J38AAA=,Aprobado- Factura  -  FBE168823 - Radicado 191745 - LABORATORIO CLINICO COLMEDICOS IPS SAS - TM Av. 68 - NA,FBE168823.pdf,620429b5470ddc4cd3e8da7afe5e8d2a0495088e80024e1a526fb7b2cab16103bde8872d2037acf62dd2aeb75fc744b6,FBE168823,2026-03-28,ad08000491040712667651175.zip,ok,OK_REGISTRADA,7,,26.553,7,7,AIDX|SUBJECT,
20260425_210559_e7f2f245,2026-04-25T22:26:28,AAMkADkwZmQ0YTA5LWE0M2MtNDk3Ni1hMzUzLTE0OTQxZDcwZWExMgBGAAAAAADJoyAzIWZBQakanooks8Z-BwBz4_gG-XGLQKeK0wIDJ6A7AAV36zxOAABz4_gG-XGLQKeK0wIDJ6A7AAWr4J37AAA=,Aprobado- Factura  -  FE347807 - Radicado 191743 - LABORATORIO CLINICO COLMEDICOS IPS SAS - Tolima Red Terciaria - NA,FE347807.pdf,80766b23af41783d30403e5d227791c2f0a492dc05a0919a0368f382b1f5760a205d88ad6eae3ab29ac7d06b8c29e58a,FE347807,2026-03-10,ad08000491040712688938962.zip,ok,OK_REGISTRADA,7,,25.699,7,7,AIDX|SUBJECT,
20260425_210559_e7f2f245,2026-04-25T22:26:53,AAMkADkwZmQ0YTA5LWE0M2MtNDk3Ni1hMzUzLTE0OTQxZDcwZWExMgBGAAAAAADJoyAzIWZBQakanooks8Z-BwBz4_gG-XGLQKeK0wIDJ6A7AAV36zxOAABz4_gG-XGLQKeK0wIDJ6A7AAWr4J36AAA=,Aprobado- Factura  -  FE346310 - Radicado 191667 - LABORATORIO CLINICO COLMEDICOS IPS SAS - 01-2025-327 TOYO T2 S1 - NA,ad08000491040712618717488.pdf,38f200684e1db94917d4903d011c45b762a93e4d7cb5ad726b72b1bfa03f0ea50c559f8b7646848aef16d53825e9bad9,FE346310,2026-03-01,ad08000491040712618717488.zip,ok,OK_REGISTRADA,7,,25.245,7,7,AIDX|SUBJECT,
20260425_210559_e7f2f245,2026-04-25T22:27:18,AAMkADkwZmQ0YTA5LWE0M2MtNDk3Ni1hMzUzLTE0OTQxZDcwZWExMgBGAAAAAADJoyAzIWZBQakanooks8Z-BwBz4_gG-XGLQKeK0wIDJ6A7AAV36zxOAABz4_gG-XGLQKeK0wIDJ6A7AAWr4J35AAA=,Aprobado- Factura  -  FE32 - Radicado 191728 - MARIA PAULINA CARDONA BERMEO - 01-2025-327 TOYO T2 S1 - NA,dian_FE32.pdf,014d23180888b8fdd7e609d5e71c3fa8ffdba3b9c91c16842f9c2ab40914bca1453dc6938703c2ef1abace86710dcfd9,FE32,2025-02-21,FE32.zip,ok,OK_REGISTRADA,7,,25.303,7,7,AIDX|SUBJECT,
20260425_210559_e7f2f245,2026-04-25T22:27:44,AAMkADkwZmQ0YTA5LWE0M2MtNDk3Ni1hMzUzLTE0OTQxZDcwZWExMgBGAAAAAADJoyAzIWZBQakanooks8Z-BwBz4_gG-XGLQKeK0wIDJ6A7AAV36zxOAABz4_gG-XGLQKeK0wIDJ6A7AAWr4J34AAA=,Aprobado- Factura  -  FE346307 - Radicado 191666 - LABORATORIO CLINICO COLMEDICOS IPS SAS - 01-2025-327 TOYO T2 S1 - NA,ad08000491040712627094102.pdf,b296cd143f46ed4405027f09732371218a3fe102e6b1c7f45f39b0fa261acdbfa449390d13999577dc9851393079e116,FE346307,2026-03-01,ad08000491040712627094102.zip,ok,OK_REGISTRADA,7,,25.592,7,7,AIDX|SUBJECT,
20260425_210559_e7f2f245,2026-04-25T22:28:11,AAMkADkwZmQ0YTA5LWE0M2MtNDk3Ni1hMzUzLTE0OTQxZDcwZWExMgBGAAAAAADJoyAzIWZBQakanooks8Z-BwBz4_gG-XGLQKeK0wIDJ6A7AAV36zxOAABz4_gG-XGLQKeK0wIDJ6A7AAWr4J33AAA=,Aprobado- Factura  -  FE461 - Radicado 191731 - CONSULTORES E INTERVENTORES TECNICOS SAS - TM Av. 68 - NA,dian_FE461.pdf,1f93366552db06527cf7dac8246975e21851516ed0ebd311cad0960fb90a7507cf649754fdb80c05648c0ef8eec847b1,FE461,2025-10-01,FE461.zip,ok,OK_REGISTRADA,7,,26.677,7,7,AIDX|SUBJECT,
20260425_210559_e7f2f245,2026-04-25T22:28:35,AAMkADkwZmQ0YTA5LWE0M2MtNDk3Ni1hMzUzLTE0OTQxZDcwZWExMgBGAAAAAADJoyAzIWZBQakanooks8Z-BwBz4_gG-XGLQKeK0wIDJ6A7AAV36zxOAABz4_gG-XGLQKeK0wIDJ6A7AAWr4J32AAA=,Aprobado- Factura  -  FBE168742 - Radicado 191736 - LABORATORIO CLINICO COLMEDICOS IPS SAS - Joyco Consultores S.A.S. - NA,ad08000491040712644642976.pdf,05ae291bf367924e0c86f15ef25fe678ee68571040880fa36fd5eb8ab11fe393185974fc902b6aacba7eccb0ad9e062e,FBE168742,2026-03-01,ad08000491040712644642976.zip,ok,OK_REGISTRADA,7,,23.916,7,7,AIDX|SUBJECT,
20260425_210559_e7f2f245,2026-04-25T22:28:58,AAMkADkwZmQ0YTA5LWE0M2MtNDk3Ni1hMzUzLTE0OTQxZDcwZWExMgBGAAAAAADJoyAzIWZBQakanooks8Z-BwBz4_gG-XGLQKeK0wIDJ6A7AAV36zxOAABz4_gG-XGLQKeK0wIDJ6A7AAWr4J31AAA=,Aprobado- Factura  -  FE347664 - Radicado 191735 - LABORATORIO CLINICO COLMEDICOS IPS SAS - Joyco Consultores S.A.S. - NA,ad08000491040712692689712.pdf,9f6b1ba10a51aa90d35593ff45aa7b6ac0972cef76d7170b6bc53829402fa4325e8c2cfffb36197aed7998b14c0cb8c5,FE347664,2026-03-01,ad08000491040712692689712.zip,ok,OK_REGISTRADA,7,,23.564,7,7,AIDX|SUBJECT,
20260425_210559_e7f2f245,2026-04-25T22:29:24,AAMkADkwZmQ0YTA5LWE0M2MtNDk3Ni1hMzUzLTE0OTQxZDcwZWExMgBGAAAAAADJoyAzIWZBQakanooks8Z-BwBz4_gG-XGLQKeK0wIDJ6A7AAV36zxOAABz4_gG-XGLQKeK0wIDJ6A7AAWr4J30AAA=,Aprobado- Factura  -  FVEC 1299 - Radicado 191703 - SISTEMAS INTEGRALES EN SALUD OCUPACIONAL LTDA - Joyco Consultores S.A.S. - NA,fv083007220800826000000e0.pdf,6b1e1a427fe0b6bd20a6517abd77c26064f1cf469c131b08d02b131a6da94cfab4ecee80427bb38e0fcaa942bfb2ddbb,FVEC1299,2026-04-13,z083007220800826000000e0.zip,ok,OK_REGISTRADA,7,,25.734,7,7,AIDX|SUBJECT,
20260425_210559_e7f2f245,2026-04-25T22:29:44,AAMkADkwZmQ0YTA5LWE0M2MtNDk3Ni1hMzUzLTE0OTQxZDcwZWExMgBGAAAAAADJoyAzIWZBQakanooks8Z-BwBz4_gG-XGLQKeK0wIDJ6A7AAV36zxOAABz4_gG-XGLQKeK0wIDJ6A7AAWr4J3zAAA=,Aprobado- Factura  -  FE6125777 - Radicado 191528 - EMERMEDICA S.A - Joyco Consultores S.A.S. - NA,fv08001267850182602374193.pdf,7f399b22785e7e9c3be67f22a76ea492e81e587f66ba0d41e12cbf746635ab9c5ea9d932ba235520c0b13151170c187c,09-15681,2024-11-27,(PDF_APROBADAS_FALLBACK),ok_pdf_aprobadas_fallback,OK_REGISTRADA_FALLBACK_PDF,7,,20.538,7,7,PDF_APROBADAS|SUBJECT,
20260425_210559_e7f2f245,2026-04-25T22:30:08,AAMkADkwZmQ0YTA5LWE0M2MtNDk3Ni1hMzUzLTE0OTQxZDcwZWExMgBGAAAAAADJoyAzIWZBQakanooks8Z-BwBz4_gG-XGLQKeK0wIDJ6A7AAV36zxOAABz4_gG-XGLQKeK0wIDJ6A7AAWr4J3yAAA=,Aprobado- Factura  -  AFSV 1120 - Radicado 191734 - CONTRERAS NUVAN WILSON - AMV Caquetá - NA,fv00176407700082600000583.pdf,16e506e59043e6aa2b4f55c54fce7065eb2cf1f852fb6d0dd762d234d83ae9ee4c29036e0d4f6b55dcc9445422a3383c,AFSV1120,2026-04-14,z00176407700082600000583.zip,ok,OK_REGISTRADA,7,,24.068,7,7,AIDX|SUBJECT,
20260425_210559_e7f2f245,2026-04-25T22:30:33,AAMkADkwZmQ0YTA5LWE0M2MtNDk3Ni1hMzUzLTE0OTQxZDcwZWExMgBGAAAAAADJoyAzIWZBQakanooks8Z-BwBz4_gG-XGLQKeK0wIDJ6A7AAV36zxOAABz4_gG-XGLQKeK0wIDJ6A7AAWqlhL0AAA=,Aprobado- Factura  -  PR 2525 - Radicado 191717 - PRODUCTIVIDAPP SAS - Dirección administrativa y financiera -Tics - NA,fv09009658830082600000063.pdf,2b7746ad6396d5f7bcfdbe17da189b8bedbde3b4520262b273fb1516064805c1244a0840943c38255ce5782916749f98,PR2525,2026-05-13,z09009658830082600000063.zip,ok,OK_REGISTRADA,7,,24.094,7,7,AIDX|SUBJECT,
20260425_210559_e7f2f245,2026-04-25T22:30:53,AAMkADkwZmQ0YTA5LWE0M2MtNDk3Ni1hMzUzLTE0OTQxZDcwZWExMgBGAAAAAADJoyAzIWZBQakanooks8Z-BwBz4_gG-XGLQKeK0wIDJ6A7AAV36zxOAABz4_gG-XGLQKeK0wIDJ6A7AAWqlhLzAAA=,Aprobado- Factura  -  4049919824 - Radicado 191565 - GODADDY.COM LLC - Dirección administrativa y financiera -Tics - NA,Goodady.pdf,,4049919824,,(REGISTRO_MINIMO:sin_cufe_o_pdf_no_legible),ok_registro_minimo,REGISTRADA,7,,20.377,7,7,REGISTRO_MINIMO,sin_cufe_o_pdf_no_legible
20260425_210559_e7f2f245,2026-04-25T22:31:20,AAMkADkwZmQ0YTA5LWE0M2MtNDk3Ni1hMzUzLTE0OTQxZDcwZWExMgBGAAAAAADJoyAzIWZBQakanooks8Z-BwBz4_gG-XGLQKeK0wIDJ6A7AAV36zxOAABz4_gG-XGLQKeK0wIDJ6A7AAWqlhLyAAA=,Aprobado- Factura  -  ML11826 - Radicado 191628 - MCAD TRAINING & CONSULTING SAS - Red Férrea Atlántico - NA,ad09015102630442600000987.pdf,2034bd0701b7bb8fefb932a7da6d274b6ea44a7d637547fb608e3a556c727ce4b0e4af8d5a5c9f21601678795b92070b,ML11826,2023-12-14,z09015102630442600000987.zip,ok,OK_REGISTRADA,7,,26.626,7,7,AIDX|SUBJECT,
20260425_210559_e7f2f245,2026-04-25T22:31:39,AAMkADkwZmQ0YTA5LWE0M2MtNDk3Ni1hMzUzLTE0OTQxZDcwZWExMgBGAAAAAADJoyAzIWZBQakanooks8Z-BwBz4_gG-XGLQKeK0wIDJ6A7AAV36zxOAABz4_gG-XGLQKeK0wIDJ6A7AAWqlhLxAAA=,Aprobado- Factura  -  10149596 - Radicado 191727 - ACUEDUCTO AGUA Y ALCANTARILLADO DE BOGOTA - Dirección administrativa y financiera -Infraestructura - NA,RECIBO ACUEDOCTO.pdf,,10149596,,(REGISTRO_MINIMO:sin_cufe_o_pdf_no_legible),ok_registro_minimo,REGISTRADA,7,,19.813,7,7,REGISTRO_MINIMO,sin_cufe_o_pdf_no_legible
20260425_210559_e7f2f245,2026-04-25T22:32:07,AAMkADkwZmQ0YTA5LWE0M2MtNDk3Ni1hMzUzLTE0OTQxZDcwZWExMgBGAAAAAADJoyAzIWZBQakanooks8Z-BwBz4_gG-XGLQKeK0wIDJ6A7AAV36zxOAABz4_gG-XGLQKeK0wIDJ6A7AAWqlhLwAAA=,Aprobado- Factura  -  FEAC 25930 - Radicado 191709 - ALQUILER DE COMPUTADORES SAS - Dirección administrativa y financiera -Tics - NA,eadcade3-20fb-42dd-8733-79e883e1387b.pdf,42809e867134aedcb5e8d8b98cf7dae18d2423019306a4970e8c624dc86b3be816a2dae21aee34764801107fbced7487,FEAC25930,2026-05-14,ad09001901350352600000578.zip,ok,OK_REGISTRADA,7,,27.982,7,7,AIDX|SUBJECT,
20260425_210559_e7f2f245,2026-04-25T22:32:32,AAMkADkwZmQ0YTA5LWE0M2MtNDk3Ni1hMzUzLTE0OTQxZDcwZWExMgBGAAAAAADJoyAzIWZBQakanooks8Z-BwBz4_gG-XGLQKeK0wIDJ6A7AAV36zxOAABz4_gG-XGLQKeK0wIDJ6A7AAWqlhLvAAA=,Aprobado- Factura  -  FEGL2082 - Radicado 191659 - JOHANNA ANGEE RIAÑO - Transv. Libertador - NA,fv00668821300922600001347.pdf,7ae436da0976e2d5ed2aa6fde1a520868bc74d4005e2f0e04b59f2d84b46d9888a48777d7691c285140c1ef4929c92c2,FEGL2082,2026-03-03,z00668821300922600001347.zip,ok,OK_REGISTRADA,7,,24.334,7,7,AIDX|SUBJECT,
20260425_210559_e7f2f245,2026-04-25T22:32:57,AAMkADkwZmQ0YTA5LWE0M2MtNDk3Ni1hMzUzLTE0OTQxZDcwZWExMgBGAAAAAADJoyAzIWZBQakanooks8Z-BwBz4_gG-XGLQKeK0wIDJ6A7AAV36zxOAABz4_gG-XGLQKeK0wIDJ6A7AAWqlhLuAAA=,Aprobado- Factura  -  INT 189 - Radicado 191645 - INTECSA COLOMBIA INTERNACIONAL SAS - Red Férrea Atlántico - NA,fv09011151740082600000012.pdf,b682117202dd51487dac7f3bf9ce71372ff18cf8570016b9be6b5eb7344672c49a507848ed18bbc20366f91452817198,INT189,2026-05-09,z09011151740082600000012.zip,ok,OK_REGISTRADA,7,,25.302,7,7,AIDX|SUBJECT,
20260425_210559_e7f2f245,2026-04-25T22:33:34,AAMkADkwZmQ0YTA5LWE0M2MtNDk3Ni1hMzUzLTE0OTQxZDcwZWExMgBGAAAAAADJoyAzIWZBQakanooks8Z-BwBz4_gG-XGLQKeK0wIDJ6A7AAV36zxOAABz4_gG-XGLQKeK0wIDJ6A7AAWqlhLtAAA=,Aprobado- Factura  -  BEC518546240 - Radicado 191696 - COLOMBIA TELECOMUNICACIONES SA ESP - Red Férrea Atlántico - NA,RepGrafica_BEC518546240.pdf,e849d7c8cfd985466b2018bcb1c6010a2b637da8ce2b2c69bc8c006678af1f041c0afded6a342b78c38b76fc41b08998,BEC518546240,2025-10-21,6074328013.zip,ok,OK_REGISTRADA,7,,36.788,7,7,AIDX|SUBJECT,
20260425_210559_e7f2f245,2026-04-25T22:34:01,AAMkADkwZmQ0YTA5LWE0M2MtNDk3Ni1hMzUzLTE0OTQxZDcwZWExMgBGAAAAAADJoyAzIWZBQakanooks8Z-BwBz4_gG-XGLQKeK0wIDJ6A7AAV36zxOAABz4_gG-XGLQKeK0wIDJ6A7AAWjRsMXAAA=,Aprobado- Factura  -  257-76687 - Radicado 191554 - AGENCIA DE VIAJES Y TURISMO AVIATUR S.A.S - 01-2025-327 TOYO T2 S1 - NA,ad08600000180442600251187.pdf,b80aef82006b95a9ba6cfc994c09c26db4247cd7d21d2611432cf9408b1d91731cd995687534c90b2ecac596f2dca8e3,25776687,2025-09-19,z08600000180442600251187.zip,ok,OK_REGISTRADA,7,,27.434,7,7,AIDX|SUBJECT,
20260425_210559_e7f2f245,2026-04-25T22:34:27,AAMkADkwZmQ0YTA5LWE0M2MtNDk3Ni1hMzUzLTE0OTQxZDcwZWExMgBGAAAAAADJoyAzIWZBQakanooks8Z-BwBz4_gG-XGLQKeK0wIDJ6A7AAV36zxOAABz4_gG-XGLQKeK0wIDJ6A7AAWjRsMWAAA=,Aprobado- Factura  -  106-319295 - Radicado 191488 - AGENCIA DE VIAJES Y TURISMO AVIATUR S.A.S - Cartago - Calarcá - NA,ad08600000180442600242017.pdf,19fc790c994fb93b0c66ad6e70d7cf2fdd74684844ea9b6a4bf8c356d879aa72197efed0e2bfb99c49cf264998e54798,106319295,2025-06-16,z08600000180442600242017.zip,ok,OK_REGISTRADA,7,,25.377,7,7,AIDX|SUBJECT,
20260425_210559_e7f2f245,2026-04-25T22:34:51,AAMkADkwZmQ0YTA5LWE0M2MtNDk3Ni1hMzUzLTE0OTQxZDcwZWExMgBGAAAAAADJoyAzIWZBQakanooks8Z-BwBz4_gG-XGLQKeK0wIDJ6A7AAV36zxOAABz4_gG-XGLQKeK0wIDJ6A7AAWjRsMVAAA=,Aprobado- Factura  -  FE99 - Radicado 191670 - BOCANEGRA TALENT MANAGEMENT - Dirección administrativa y financiera -Compras - NA,Factura electronica de venta FE99.pdf,b3d9d02d98de006b8ea21ed725a8e6b3cf9e61c87327f618f691fcce57968f55b5fde6f69859475c50ba9f1ba29a6ef1,FE99,2026-04-10,z09013077570212600000099.zip,ok,OK_REGISTRADA,7,,24.459,7,7,AIDX|SUBJECT,
20260425_210559_e7f2f245,2026-04-25T22:35:16,AAMkADkwZmQ0YTA5LWE0M2MtNDk3Ni1hMzUzLTE0OTQxZDcwZWExMgBGAAAAAADJoyAzIWZBQakanooks8Z-BwBz4_gG-XGLQKeK0wIDJ6A7AAV36zxOAABz4_gG-XGLQKeK0wIDJ6A7AAWjRsMUAAA=,Aprobado- Factura  -  FE20692 - Radicado 191526 - EDIFICIO ELEMENTO PROPIEDAD HORIZONTAL - Dirección administrativa y financiera -Compras - NA,ad090103186301626000050d4.pdf,208d15cd40d09f9c8364d0fd68c721fa81dffb78c2209368688e1258f407350e9a6aa3c67dbe7dbcc8ab3046d42cafc4,FE20692,2026-02-03,z090103186301626000050d4.zip,ok,OK_REGISTRADA,7,,25.381,7,7,AIDX|SUBJECT,
20260425_210559_e7f2f245,2026-04-25T22:35:41,AAMkADkwZmQ0YTA5LWE0M2MtNDk3Ni1hMzUzLTE0OTQxZDcwZWExMgBGAAAAAADJoyAzIWZBQakanooks8Z-BwBz4_gG-XGLQKeK0wIDJ6A7AAV36zxOAABz4_gG-XGLQKeK0wIDJ6A7AAWjRsMTAAA=,Aprobado- Factura  -  FEA14 - Radicado 191493 - ALIS CRISTINA DIAZ BARRIOS - Pto. Gaitán – Pte. Arimena - NA,dian_FEA14.pdf,acc2d5d652884a76797551398a6a0943f4e139f01938d82caca547824c5435b9f805e16f0a93f5716080bd6bedb6b15d,FEA14,2025-11-04,FEA14.zip,ok,OK_REGISTRADA,7,,24.72,7,7,AIDX|SUBJECT,
20260425_210559_e7f2f245,2026-04-25T22:36:06,AAMkADkwZmQ0YTA5LWE0M2MtNDk3Ni1hMzUzLTE0OTQxZDcwZWExMgBGAAAAAADJoyAzIWZBQakanooks8Z-BwBz4_gG-XGLQKeK0wIDJ6A7AAV36zxOAABz4_gG-XGLQKeK0wIDJ6A7AAWjRsMSAAA=,Aprobado- Factura  -  ARR111912 - Radicado 191446 - VIVIENDAS Y VALORES SA - Cucutilla - Cornejo - NA,ad08905013570002600009557.pdf,912d31512fcda4482c8a94489f7fa04e6c737b44c301be774a62ab74fd694cd0101d1b6fd5553bc5eb5c7a978346038a,ARR111912,2025-11-28,z08905013570002600009557.zip,ok,OK_REGISTRADA,7,,24.342,7,7,AIDX|SUBJECT,
20260425_210559_e7f2f245,2026-04-25T22:36:31,AAMkADkwZmQ0YTA5LWE0M2MtNDk3Ni1hMzUzLTE0OTQxZDcwZWExMgBGAAAAAADJoyAzIWZBQakanooks8Z-BwBz4_gG-XGLQKeK0wIDJ6A7AAV36zxOAABz4_gG-XGLQKeK0wIDJ6A7AAWjRsMRAAA=,Aprobado- Factura  -  FEMA10210 - Radicado 191444 - DELGADO ECHEVERRI JUAN DAVID - Transv. Libertador - NA,191444.pdf,d2b9481147b25f48de7ffa4464d11404552a4e5b6f26ccd6775a43fdc38b87ce26e8c1f5f2d6b97e8bcbc11f62a56148,FEMA10210,2026-03-02,FEMA10210.zip,ok,OK_REGISTRADA,7,,25.949,7,7,AIDX|SUBJECT,
20260425_210559_e7f2f245,2026-04-25T22:37:06,AAMkADkwZmQ0YTA5LWE0M2MtNDk3Ni1hMzUzLTE0OTQxZDcwZWExMgBGAAAAAADJoyAzIWZBQakanooks8Z-BwBz4_gG-XGLQKeK0wIDJ6A7AAV36zxOAABz4_gG-XGLQKeK0wIDJ6A7AAWjRsMQAAA=,Aprobado- Factura  -  FEED-6231 - Radicado 191646 - EXTRA DOTACIONES SAS - 01-2025-327 TOYO T2 S1 - DIAN,FEED6231.pdf,1a2c64c91ff83b806db601586d19ad80fa3b139141a0d7c5d29845b97c59b664c9ff687bd4b34dee20773c93cc0d0d57,FEED-6231,2026-03-11,(PDF-ONLY) VALIDACIONES DIAN,ok_dian_pdf_only,DIAN_PDF_ONLY_REGISTRADA,7,,34.135,7,7,DIAN_PDF|SUBJECT,
20260425_210559_e7f2f245,2026-04-25T22:37:30,AAMkADkwZmQ0YTA5LWE0M2MtNDk3Ni1hMzUzLTE0OTQxZDcwZWExMgBGAAAAAADJoyAzIWZBQakanooks8Z-BwBz4_gG-XGLQKeK0wIDJ6A7AAV36zxOAABz4_gG-XGLQKeK0wIDJ6A7AAWjRsMPAAA=,Aprobado- Factura  -  FE 526 - Radicado 191625 - GONZALO ECHAVARRIA DIAZ - AMV Caquetá - NA,fv0079256717008260000001e.pdf,9db9d64a8df514a391201087473505c7b267100ff25fa94fad00e4de646eda8d5ece53826932c2ed5799bdd0902acf6e,FE526,2026-04-08,z0079256717008260000001e.zip,ok,OK_REGISTRADA,7,,24.294,7,7,AIDX|SUBJECT,
20260425_210559_e7f2f245,2026-04-25T22:37:54,AAMkADkwZmQ0YTA5LWE0M2MtNDk3Ni1hMzUzLTE0OTQxZDcwZWExMgBGAAAAAADJoyAzIWZBQakanooks8Z-BwBz4_gG-XGLQKeK0wIDJ6A7AAV36zxOAABz4_gG-XGLQKeK0wIDJ6A7AAWjRsMOAAA=,Aprobado- Factura  -  FE 525 - Radicado 191623 - GONZALO ECHAVARRIA DIAZ - AMV Caquetá - NA,fv0079256717008260000001d.pdf,510aa47fe1a3e9871ff47b52027dee9e1362e52e06c021687b87eda65168955625f5680f2d6a2efa409a4237218204eb,FE525,2026-04-08,z0079256717008260000001d.zip,ok,OK_REGISTRADA,7,,23.847,7,7,AIDX|SUBJECT,
20260425_210559_e7f2f245,2026-04-25T22:38:24,AAMkADkwZmQ0YTA5LWE0M2MtNDk3Ni1hMzUzLTE0OTQxZDcwZWExMgBGAAAAAADJoyAzIWZBQakanooks8Z-BwBz4_gG-XGLQKeK0wIDJ6A7AAV36zxOAABz4_gG-XGLQKeK0wIDJ6A7AAWjRsMNAAA=,Aprobado- Factura  -  CO745 - Radicado 191538 - CONSULOBRAS SAS - 01-2025-327 TOYO T2 S1 - NA,800060834_CO745.pdf,969cc964f330e691087df19d1c6638ad0d21d58f747f38d92333be84adfc0a24e99a6a6c5a1f002153f78742052872f8,24SS111B2009,2024-07-19,800060834_CO745.zip,ok,OK_REGISTRADA,7,,30.665,7,7,AIDX|SUBJECT,
20260425_210559_e7f2f245,2026-04-25T22:38:50,AAMkADkwZmQ0YTA5LWE0M2MtNDk3Ni1hMzUzLTE0OTQxZDcwZWExMgBGAAAAAADJoyAzIWZBQakanooks8Z-BwBz4_gG-XGLQKeK0wIDJ6A7AAV36zxOAABz4_gG-XGLQKeK0wIDJ6A7AAWjRsMMAAA=,Aprobado- Factura  -  FE18 - Radicado 191657 - GOMEZ ZAPATA RICARDO - Cartago - Calarcá - NA,ad00100010580002600000001.pdf,380e82fe71182bc392ac7ea28d03691778329bfee924e613d325bec9b3f063515ae54455e6f0f63d2cba04252c039cbd,FE18,2026-04-09,ad00100010580002600000001.zip,ok,OK_REGISTRADA,7,,25.551,7,7,AIDX|SUBJECT,
20260425_210559_e7f2f245,2026-04-25T22:39:16,AAMkADkwZmQ0YTA5LWE0M2MtNDk3Ni1hMzUzLTE0OTQxZDcwZWExMgBGAAAAAADJoyAzIWZBQakanooks8Z-BwBz4_gG-XGLQKeK0wIDJ6A7AAV36zxOAABz4_gG-XGLQKeK0wIDJ6A7AAWjRsMLAAA=,Aprobado- Factura  -  FV 14079 - Radicado 191599 - SOLUCIONES EN INGENIERIA AMBIENTAL Y SEGURIDAD EN EL TRABAJO SAS - 01-2025-327 TOYO T2 S1 - NA,fv090059698700826000002bb.pdf,c937089cd67e24962e7b5314356d038f458533ebd1174fc85cbe76e4d67e4580314ff021742ee626cb8095c3e2c30158,FV14079,2026-04-08,z090059698700826000002bb.zip,ok,OK_REGISTRADA,7,,26.021,7,7,AIDX|SUBJECT,
20260425_210559_e7f2f245,2026-04-25T22:39:40,AAMkADkwZmQ0YTA5LWE0M2MtNDk3Ni1hMzUzLTE0OTQxZDcwZWExMgBGAAAAAADJoyAzIWZBQakanooks8Z-BwBz4_gG-XGLQKeK0wIDJ6A7AAV36zxOAABz4_gG-XGLQKeK0wIDJ6A7AAWjRsMKAAA=,Aprobado- Factura  -  FE9141 - Radicado 191542 - ARREDONDO MADRID INGENIEROS CIVILES AIM S.A.S - 01-2025-327 TOYO T2 S1 - NA,fv089092912200826000000d5.pdf,719f53ac789a8957edf180141e89e5685c6c79e93c51f4d0d1549c4aa9cacd434624d619d63885f75e331e28eb1f51d0,FE9141,2024-07-03,z089092912200826000000d5.zip,ok,OK_REGISTRADA,7,,24.488,7,7,AIDX|SUBJECT,
20260425_210559_e7f2f245,2026-04-25T22:40:00,AAMkADkwZmQ0YTA5LWE0M2MtNDk3Ni1hMzUzLTE0OTQxZDcwZWExMgBGAAAAAADJoyAzIWZBQakanooks8Z-BwBz4_gG-XGLQKeK0wIDJ6A7AAV36zxOAABz4_gG-XGLQKeK0wIDJ6A7AAWjRsMJAAA=,Aprobado- Factura  -  2026001041840365318 - Radicado 191641 - ALCALDIA MAYOR DE BOGOTA DC - Reserva Ventura S.A.S. - NA,Predial Genova apto 501.pdf,aaabe2026adefcacdeed1caaa0175febdadecbeefacaeedafcadefeeca26011646220401facae2026001041840365318,2026001041840365318,2026-04-17,(PDF_APROBADAS_FALLBACK),ok_pdf_aprobadas_fallback,OK_REGISTRADA_FALLBACK_PDF,7,,19.815,7,7,PDF_APROBADAS|SUBJECT,
20260425_210559_e7f2f245,2026-04-25T22:40:22,AAMkADkwZmQ0YTA5LWE0M2MtNDk3Ni1hMzUzLTE0OTQxZDcwZWExMgBGAAAAAADJoyAzIWZBQakanooks8Z-BwBz4_gG-XGLQKeK0wIDJ6A7AAV36zxOAABz4_gG-XGLQKeK0wIDJ6A7AAWjRsMIAAA=,Aprobado- Factura  -  2026001041848188784 - Radicado 191640 - ALCALDIA MAYOR DE BOGOTA DC - Reserva Ventura S.A.S. - NA,Predial Elemento GJ 20.pdf,aaabe2026adefcacdeed1caaa0259bbdadecbeefacaeedafcadefeeca26012428569401facae2026001041848188784c,2026001041848188784,2026-04-17,(PDF_APROBADAS_FALLBACK),ok_pdf_aprobadas_fallback,OK_REGISTRADA_FALLBACK_PDF,7,,21.61,7,7,PDF_APROBADAS|SUBJECT,
20260425_210559_e7f2f245,2026-04-25T22:40:42,AAMkADkwZmQ0YTA5LWE0M2MtNDk3Ni1hMzUzLTE0OTQxZDcwZWExMgBGAAAAAADJoyAzIWZBQakanooks8Z-BwBz4_gG-XGLQKeK0wIDJ6A7AAV36zxOAABz4_gG-XGLQKeK0wIDJ6A7AAWjRsMHAAA=,Aprobado- Factura  -  2026001041843164984 - Radicado 191638 - ALCALDIA MAYOR DE BOGOTA DC - Reserva Ventura S.A.S. - NA,Predial El Jardin DP 123.pdf,aaabe2026adefcacdeed1caaa0224fbdadecbeefacaeedafcadefeeca26011926187401facae2026001041843164984c,2026001041843164984,2026-04-17,(PDF_APROBADAS_FALLBACK),ok_pdf_aprobadas_fallback,OK_REGISTRADA_FALLBACK_PDF,7,,19.786,7,7,PDF_APROBADAS|SUBJECT,
20260425_210559_e7f2f245,2026-04-25T22:41:02,AAMkADkwZmQ0YTA5LWE0M2MtNDk3Ni1hMzUzLTE0OTQxZDcwZWExMgBGAAAAAADJoyAzIWZBQakanooks8Z-BwBz4_gG-XGLQKeK0wIDJ6A7AAV36zxOAABz4_gG-XGLQKeK0wIDJ6A7AAWjRsMGAAA=,Aprobado- Factura  -  2026001041848183823 - Radicado 191637 - ALCALDIA MAYOR DE BOGOTA DC - Reserva Ventura S.A.S. - NA,Predial Elemento GJ 19.pdf,aaabe2026adefcacdeed1caaa0259bbdadecbeefacaeedafcadefeeca26012428073401facae2026001041848183823c,2026001041848183823,2026-04-17,(PDF_APROBADAS_FALLBACK),ok_pdf_aprobadas_fallback,OK_REGISTRADA_FALLBACK_PDF,7,,19.869,7,7,PDF_APROBADAS|SUBJECT,
20260425_210559_e7f2f245,2026-04-25T22:41:22,AAMkADkwZmQ0YTA5LWE0M2MtNDk3Ni1hMzUzLTE0OTQxZDcwZWExMgBGAAAAAADJoyAzIWZBQakanooks8Z-BwBz4_gG-XGLQKeK0wIDJ6A7AAV36zxOAABz4_gG-XGLQKeK0wIDJ6A7AAWjRsMFAAA=,Aprobado- Factura  -  10202600936701 - Radicado 191636 - SECRETARIA DE HACIENDA - Reserva Ventura S.A.S. - NA,Predial Chia oficina 309.pdf,ecbdeaeedafcad10202600936701ecaeeecdaaaaeeedaaca251750000000000040950900009060aeaeeacabaa5020808,10202600936701,2026-04-30,(PDF_APROBADAS_FALLBACK),ok_pdf_aprobadas_fallback,OK_REGISTRADA_FALLBACK_PDF,7,,20.748,7,7,PDF_APROBADAS|SUBJECT,
20260425_210559_e7f2f245,2026-04-25T22:41:42,AAMkADkwZmQ0YTA5LWE0M2MtNDk3Ni1hMzUzLTE0OTQxZDcwZWExMgBGAAAAAADJoyAzIWZBQakanooks8Z-BwBz4_gG-XGLQKeK0wIDJ6A7AAV36zxOAABz4_gG-XGLQKeK0wIDJ6A7AAWjRsMEAAA=,Aprobado- Factura  -  2026001041852680957 - Radicado 191635 - ALCALDIA MAYOR DE BOGOTA DC - Reserva Ventura S.A.S. - NA,Predial Elemento T3 OF 1503.pdf,aaabe2026adefcacdeed1caaa0259dbdadecbeefacaeedafcadefeeca26012877922401facae2026001041852680957c,2026001041852680957,2026-04-17,(PDF_APROBADAS_FALLBACK),ok_pdf_aprobadas_fallback,OK_REGISTRADA_FALLBACK_PDF,7,,19.565,7,7,PDF_APROBADAS|SUBJECT,
20260425_210559_e7f2f245,2026-04-25T22:42:15,AAMkADkwZmQ0YTA5LWE0M2MtNDk3Ni1hMzUzLTE0OTQxZDcwZWExMgBGAAAAAADJoyAzIWZBQakanooks8Z-BwBz4_gG-XGLQKeK0wIDJ6A7AAV36zxOAABz4_gG-XGLQKeK0wIDJ6A7AAWjRsMDAAA=,Aprobado- Factura  -  CO746 - Radicado 191540 - CONSULOBRAS SAS - Cartago - Calarcá - NA,800060834_CO746.pdf,2a60eb7d9aa532b3bf0a9aa7e52583ac4e48371ec89a4d1417ae845a1a3d4a20b3f9dc7f0f5f1cd8d5a0d1fa5c266d20,CO746,2024-07-19,800060834_CO746.zip,ok,OK_REGISTRADA,7,,32.666,7,7,AIDX|SUBJECT,
20260425_210559_e7f2f245,2026-04-25T22:43:30,AAMkADkwZmQ0YTA5LWE0M2MtNDk3Ni1hMzUzLTE0OTQxZDcwZWExMgBGAAAAAADJoyAzIWZBQakanooks8Z-BwBz4_gG-XGLQKeK0wIDJ6A7AAV36zxOAABz4_gG-XGLQKeK0wIDJ6A7AAWjRsMCAAA=,Aprobado- Factura  -  2026001041848191971 - Radicado 191634 - ALCALDIA MAYOR DE BOGOTA DC - Reserva Ventura S.A.S. - NA,Predial Elemento GJ 22.pdf,aaabe2026adefcacdeed1caaa0259bfbdadecbeefacaeedafcadefeeca26012428888401facae2026001041848191971,2026001041848191971,2026-04-17,(PDF_APROBADAS_FALLBACK),ok_pdf_aprobadas_fallback,OK_REGISTRADA_FALLBACK_PDF,7,,75.657,7,7,PDF_APROBADAS|SUBJECT,
20260425_210559_e7f2f245,2026-04-25T22:43:54,AAMkADkwZmQ0YTA5LWE0M2MtNDk3Ni1hMzUzLTE0OTQxZDcwZWExMgBGAAAAAADJoyAzIWZBQakanooks8Z-BwBz4_gG-XGLQKeK0wIDJ6A7AAV36zxOAABz4_gG-XGLQKeK0wIDJ6A7AAWjRsMBAAA=,Aprobado- Factura  -  2026001041848176579 - Radicado 191633 - ALCALDIA MAYOR DE BOGOTA DC - Reserva Ventura S.A.S. - NA,Predial Elemento GJ 18.pdf,aaabe2026adefcacdeed1caaa0259bfbdadecbeefacaeedafcadefeeca26012427348401facae2026001041848176579,2026001041848176579,2026-04-17,(PDF_APROBADAS_FALLBACK),ok_pdf_aprobadas_fallback,OK_REGISTRADA_FALLBACK_PDF,7,,24.333,7,7,PDF_APROBADAS|SUBJECT,
20260425_210559_e7f2f245,2026-04-25T22:44:14,AAMkADkwZmQ0YTA5LWE0M2MtNDk3Ni1hMzUzLTE0OTQxZDcwZWExMgBGAAAAAADJoyAzIWZBQakanooks8Z-BwBz4_gG-XGLQKeK0wIDJ6A7AAV36zxOAABz4_gG-XGLQKeK0wIDJ6A7AAWjRsMAAAA=,Aprobado- Factura  -  2026001041842973682 - Radicado 191632 - ALCALDIA MAYOR DE BOGOTA DC - Reserva Ventura S.A.S. - NA,Predial El Jardin apto 903.pdf,aaabe2026adefcacdeed1caaa0224febdadecbeefacaeedafcadefeeca26011907057401facae2026001041842973682,2026001041842973682,2026-04-17,(PDF_APROBADAS_FALLBACK),ok_pdf_aprobadas_fallback,OK_REGISTRADA_FALLBACK_PDF,7,,19.886,7,7,PDF_APROBADAS|SUBJECT,
20260425_210559_e7f2f245,2026-04-25T22:44:34,AAMkADkwZmQ0YTA5LWE0M2MtNDk3Ni1hMzUzLTE0OTQxZDcwZWExMgBGAAAAAADJoyAzIWZBQakanooks8Z-BwBz4_gG-XGLQKeK0wIDJ6A7AAV36zxOAABz4_gG-XGLQKeK0wIDJ6A7AAWjRsL-AAA=,Aprobado- Factura  -  2026001041848175398 - Radicado 191631 - ALCALDIA MAYOR DE BOGOTA DC - Reserva Ventura S.A.S. - NA,Predial Elemento GJ 17.pdf,aaabe2026adefcacdeed1caaa0259bebdadecbeefacaeedafcadefeeca26012427230401facae2026001041848175398,2026001041848175398,2026-04-17,(PDF_APROBADAS_FALLBACK),ok_pdf_aprobadas_fallback,OK_REGISTRADA_FALLBACK_PDF,7,,19.914,7,7,PDF_APROBADAS|SUBJECT,
20260425_210559_e7f2f245,2026-04-25T22:44:55,AAMkADkwZmQ0YTA5LWE0M2MtNDk3Ni1hMzUzLTE0OTQxZDcwZWExMgBGAAAAAADJoyAzIWZBQakanooks8Z-BwBz4_gG-XGLQKeK0wIDJ6A7AAV36zxOAABz4_gG-XGLQKeK0wIDJ6A7AAWjRsL_AAA=,Aprobado- Factura  -  2026001041828374857 - Radicado 191629 - ALCALDIA MAYOR DE BOGOTA DC - Reserva Ventura S.A.S. - NA,Predial la Esmeralda.pdf,aaabe2026adefcacdeed1caaa0055bbdadecbeefacaeedafcadefeeca26010447174401facae2026001041828374857c,2026001041828374857,2026-04-17,(PDF_APROBADAS_FALLBACK),ok_pdf_aprobadas_fallback,OK_REGISTRADA_FALLBACK_PDF,7,,20.345,7,7,PDF_APROBADAS|SUBJECT,
20260425_210559_e7f2f245,2026-04-25T22:45:54,AAMkADkwZmQ0YTA5LWE0M2MtNDk3Ni1hMzUzLTE0OTQxZDcwZWExMgBGAAAAAADJoyAzIWZBQakanooks8Z-BwBz4_gG-XGLQKeK0wIDJ6A7AAV36zxOAABz4_gG-XGLQKeK0wIDJ6A7AAWjRsL9AAA=,Aprobado- Factura  -  FEN-1174 - Radicado 191614 - BBHH ESTRUCTURACION Y ADMINISTRACION DE NEGOCIOS SAS - TM Av. 68 - DIAN,04da42dc5d7750f9fe26af5da3993e3a22c2e84778ed447be9f67573004f3ab38ddb2ff473fcb6872fc335a544c2cf59.pdf,04da42dc5d7750f9fe26af5da3993e3a22c2e84778ed447be9f67573004f3ab38ddb2ff473fcb6872fc335a544c2cf59,FEN-1174,2026-04-08,(PDF_APROBADAS_FALLBACK),ok_pdf_aprobadas_fallback,OK_REGISTRADA_FALLBACK_PDF,7,,59.399,7,7,PDF_APROBADAS|SUBJECT,
20260425_210559_e7f2f245,2026-04-25T22:46:21,AAMkADkwZmQ0YTA5LWE0M2MtNDk3Ni1hMzUzLTE0OTQxZDcwZWExMgBGAAAAAADJoyAzIWZBQakanooks8Z-BwBz4_gG-XGLQKeK0wIDJ6A7AAV36zxOAABz4_gG-XGLQKeK0wIDJ6A7AAWjRsL8AAA=,Aprobado- Factura  -  FE 2018 - Radicado 191374 - SERVICIOS LOGISTICOS DE INGENIERIA SAS - FAC - Pto. Salgar - NA,fv0900723023008260000005e.pdf,ee9c941bae508a1262c8e649ced3f54aa79e14c79b411f5686929bfeccc59756d3826f67905d0e8bc8b51cea062aa3ef,FE2018,2026-03-27,z0900723023008260000005e.zip,ok,OK_REGISTRADA,7,,27.319,7,7,AIDX|SUBJECT,
20260425_210559_e7f2f245,2026-04-25T22:46:46,AAMkADkwZmQ0YTA5LWE0M2MtNDk3Ni1hMzUzLTE0OTQxZDcwZWExMgBGAAAAAADJoyAzIWZBQakanooks8Z-BwBz4_gG-XGLQKeK0wIDJ6A7AAV36zxOAABz4_gG-XGLQKeK0wIDJ6A7AAWjRsL7AAA=,Aprobado- Factura  -  POL16170723 - Radicado 191522 - COMPANIA DE SEGUROS BOLIVAR S.A - Joyco Consultores S.A.S. - NA,ad086000250302726539820260406170623171.pdf,c1ec1471457267de5f2a6880f48083d0553f837abc275cda15c5e580514fa6e7577cbbceffda0c7f0b8f06ff97573f2e,POL16170723,2025-08-21,ad086000250302726539820260406170623171.zip,ok,OK_REGISTRADA,7,,24.843,7,7,AIDX|SUBJECT,
20260425_210559_e7f2f245,2026-04-25T22:47:12,AAMkADkwZmQ0YTA5LWE0M2MtNDk3Ni1hMzUzLTE0OTQxZDcwZWExMgBGAAAAAADJoyAzIWZBQakanooks8Z-BwBz4_gG-XGLQKeK0wIDJ6A7AAV36zxOAABz4_gG-XGLQKeK0wIDJ6A7AAWjRsL6AAA=,Aprobado- Factura  -  FE341861 - Radicado 191151 - LABORATORIO CLINICO COLMEDICOS IPS SAS - Cesar Red Terciaria - NA,FE341861.pdf,e1bfd59293633ad7a742964813abde000d11c11c9e09a3abc72bf417f87ec2dea3f6f10eafd3a6a9d3b672a1caecc914,FE341861,2026-02-09,ad08000491040712627088975.zip,ok,OK_REGISTRADA,7,,25.584,7,7,AIDX|SUBJECT,
20260425_210559_e7f2f245,2026-04-25T22:47:37,AAMkADkwZmQ0YTA5LWE0M2MtNDk3Ni1hMzUzLTE0OTQxZDcwZWExMgBGAAAAAADJoyAzIWZBQakanooks8Z-BwBz4_gG-XGLQKeK0wIDJ6A7AAV36zxOAABz4_gG-XGLQKeK0wIDJ6A7AAWjRsL5AAA=,Aprobado- Factura  -  FBE165263 - Radicado 191149 - LABORATORIO CLINICO COLMEDICOS IPS SAS - Joyco Consultores S.A.S. - NA,ad08000491040712632008336.pdf,7b8cfe75951ad52954bcaeeb82dcfd2e3e6776544d37d222e16b5987431a62224dcc54e3aced254c971ab570330b4960,FBE165263,2026-02-01,ad08000491040712632008336.zip,ok,OK_REGISTRADA,7,,25.198,7,7,AIDX|SUBJECT,
20260425_210559_e7f2f245,2026-04-25T22:47:59,AAMkADkwZmQ0YTA5LWE0M2MtNDk3Ni1hMzUzLTE0OTQxZDcwZWExMgBGAAAAAADJoyAzIWZBQakanooks8Z-BwBz4_gG-XGLQKeK0wIDJ6A7AAV36zxOAABz4_gG-XGLQKeK0wIDJ6A7AAWjRsL4AAA=,Aprobado- Factura  -  I6C6131515 - Radicado 191592 - D1 SAS - Cucutilla - Cornejo - NA,fv090027696202126I6C6131515.pdf,d3b8fcec8c4a5207e7cf94d9bd297c2e59f9dc67a6c7f2dfb139c3abf62bfb8198d159345a2ecee0cbcadeb2c766db24,I6C6134911,2026-04-08,090027696202126I6C6134911.zip,ok,OK_REGISTRADA,7,,22.336,7,7,PDF_TOKEN:090027696202126I|SUBJECT,
20260425_210559_e7f2f245,2026-04-25T22:48:25,AAMkADkwZmQ0YTA5LWE0M2MtNDk3Ni1hMzUzLTE0OTQxZDcwZWExMgBGAAAAAADJoyAzIWZBQakanooks8Z-BwBz4_gG-XGLQKeK0wIDJ6A7AAV36zxOAABz4_gG-XGLQKeK0wIDJ6A7AAWjRsL3AAA=,Aprobado- Factura  -  CO0990000298 - Radicado 191601 - INSTITUTO COLOMBIANO DE NORMAS TECNICAS Y CERTIFICACION ICONTEC - Gestión Integrada - NA,ad08600123360102601666981.pdf,ab6d572ac85c1ed3c22ecbb6a835dacdfb704f52ffd0ed5b9a4af648a04cbcc6e4aadd56125216815a0594dd27683b07,CO0990000298,2025-02-18,z08600123360102601666981.zip,ok,OK_REGISTRADA,7,,25.782,7,7,AIDX|SUBJECT,
20260425_210559_e7f2f245,2026-04-25T22:48:49,AAMkADkwZmQ0YTA5LWE0M2MtNDk3Ni1hMzUzLTE0OTQxZDcwZWExMgBGAAAAAADJoyAzIWZBQakanooks8Z-BwBz4_gG-XGLQKeK0wIDJ6A7AAV36zxOAABz4_gG-XGLQKeK0wIDJ6A7AAWjRsL2AAA=,Aprobado- Factura  -  F19955 - Radicado 191590 - FERREVARIEDADES EL DESVARE - Dirección administrativa y financiera -Compras - NA,Representación Gráfica Factura Electrónica de venta #F19955.pdf,c2bd79a164959664c13cd05a66791e228200e8ccaf3ef546865da279a83a00097591b3550b906a9f6fdfe362f8974c70,F19955,2025-12-11,z0522429490002600007692.zip,ok,OK_REGISTRADA,7,,24.371,7,7,AIDX|SUBJECT,
20260425_210559_e7f2f245,2026-04-25T22:49:15,AAMkADkwZmQ0YTA5LWE0M2MtNDk3Ni1hMzUzLTE0OTQxZDcwZWExMgBGAAAAAADJoyAzIWZBQakanooks8Z-BwBz4_gG-XGLQKeK0wIDJ6A7AAV36zxOAABz4_gG-XGLQKeK0wIDJ6A7AAWjRsL1AAA=,Aprobado- Factura  -  SVIT 33377 - Radicado 191425 - SURFLINK SAS - AMV Caquetá - NA,fv09017980420082600003983.pdf,8dd414eab4ffa9afcc4b87ffd5d99f38aad172ae9af1dc07e2d32cc5c9494664ab4fe357a1a409ea4092f809a7fafa7d,SVIT33377,2026-04-01,z09017980420082600003983.zip,ok,OK_REGISTRADA,7,,25.531,7,7,AIDX|SUBJECT,
20260425_210559_e7f2f245,2026-04-25T22:49:41,AAMkADkwZmQ0YTA5LWE0M2MtNDk3Ni1hMzUzLTE0OTQxZDcwZWExMgBGAAAAAADJoyAzIWZBQakanooks8Z-BwBz4_gG-XGLQKeK0wIDJ6A7AAV36zxOAABz4_gG-XGLQKeK0wIDJ6A7AAWjRsL0AAA=,Aprobado- Factura  -  AFSV 1046 - Radicado 191588 - CONTRERAS NUVAN WILSON - AMV Caquetá - NA,fv00176407700082600000529.pdf,11945f0ee6238365fa681fdfc6091ce7412fa0550aee52f1c808eece43048e5b38e804c1e19c5ce7e1134369bbac3b1e,AFSV1046,2026-04-08,z00176407700082600000529.zip,ok,OK_REGISTRADA,7,,25.804,7,7,AIDX|SUBJECT,
20260425_210559_e7f2f245,2026-04-25T22:50:07,AAMkADkwZmQ0YTA5LWE0M2MtNDk3Ni1hMzUzLTE0OTQxZDcwZWExMgBGAAAAAADJoyAzIWZBQakanooks8Z-BwBz4_gG-XGLQKeK0wIDJ6A7AAV36zxOAABz4_gG-XGLQKeK0wIDJ6A7AAWjRsLzAAA=,Aprobado- Factura  -  EH 61593 - Radicado 191563 - ERGO & HEALTH SAS - 328 SC_FDT_DAMASO - NA,a8e8b452-f037-4480-8b00-76a8e92ae115.pdf,9ae013433429b61f02052693edc55d4a28880ee9a48a309daa8f0266746592c882ed31f48f841ed13904ecef92ae938c,EH61593,2026-10-31,a8e8b452-f037-4480-8b00-76a8e92ae115.zip,ok,OK_REGISTRADA,7,,25.963,7,7,AIDX|SUBJECT,
20260425_210559_e7f2f245,2026-04-25T22:50:32,AAMkADkwZmQ0YTA5LWE0M2MtNDk3Ni1hMzUzLTE0OTQxZDcwZWExMgBGAAAAAADJoyAzIWZBQakanooks8Z-BwBz4_gG-XGLQKeK0wIDJ6A7AAV36zxOAABz4_gG-XGLQKeK0wIDJ6A7AAWjRsLyAAA=,Aprobado- Factura  -  EH 61592 - Radicado 191562 - ERGO & HEALTH SAS - 01-2025-327 TOYO T2 S1 - NA,cc2979b3-7eae-4b8d-a5fe-ae45cc0b7ddf.pdf,20c70954d59f31c5b5107d409f21b4530716d6071757f48b3869fbed38f1a46d4b3e80bd7a11d622d58835d4d4d07743,EH61592,2026-10-31,cc2979b3-7eae-4b8d-a5fe-ae45cc0b7ddf.zip,ok,OK_REGISTRADA,7,,25.341,7,7,AIDX|SUBJECT,
20260425_210559_e7f2f245,2026-04-25T22:50:58,AAMkADkwZmQ0YTA5LWE0M2MtNDk3Ni1hMzUzLTE0OTQxZDcwZWExMgBGAAAAAADJoyAzIWZBQakanooks8Z-BwBz4_gG-XGLQKeK0wIDJ6A7AAV36zxOAABz4_gG-XGLQKeK0wIDJ6A7AAWjRsLxAAA=,Aprobado- Factura  -  EH 61591 - Radicado 191561 - ERGO & HEALTH SAS - TM Av. 68 - NA,05cb2ced-aeea-400e-bf4c-659c14d467cd.pdf,f7a41446d7e2dfac9a02a1af327ee31a62ab87ecaa2ef0d6902e529ea36783f3fd4c7b30b241dac79c248752c8ef55f6,EH61591,2026-10-31,05cb2ced-aeea-400e-bf4c-659c14d467cd.zip,ok,OK_REGISTRADA,7,,25.688,7,7,AIDX|SUBJECT,
20260425_210559_e7f2f245,2026-04-25T22:51:24,AAMkADkwZmQ0YTA5LWE0M2MtNDk3Ni1hMzUzLTE0OTQxZDcwZWExMgBGAAAAAADJoyAzIWZBQakanooks8Z-BwBz4_gG-XGLQKeK0wIDJ6A7AAV36zxOAABz4_gG-XGLQKeK0wIDJ6A7AAWjRsLwAAA=,Aprobado- Factura  -  EH 61590 - Radicado 191560 - ERGO & HEALTH SAS - Transv. Libertador - NA,1b907fbb-e4eb-4917-9ea6-31434ab809ff.pdf,10a5860f5e33e5cd2c1a626924e3351d59d9a0d43198b99c48dc4868b5957c5e6b57e5298149b8923436aa54f78dca36,EH61590,2026-10-31,1b907fbb-e4eb-4917-9ea6-31434ab809ff.zip,ok,OK_REGISTRADA,7,,25.822,7,7,AIDX|SUBJECT,
20260425_210559_e7f2f245,2026-04-25T22:51:48,AAMkADkwZmQ0YTA5LWE0M2MtNDk3Ni1hMzUzLTE0OTQxZDcwZWExMgBGAAAAAADJoyAzIWZBQakanooks8Z-BwBz4_gG-XGLQKeK0wIDJ6A7AAV36zxOAABz4_gG-XGLQKeK0wIDJ6A7AAWjRsLvAAA=,Aprobado- Factura  -  EH 61589 - Radicado 191559 - ERGO & HEALTH SAS - Red Férrea Atlántico - NA,aa31ba93-7099-4dab-abda-0b0a00e87da2.pdf,ce05ddc6b055a42e1d9754c15447eec987a3dc7a3dd74870df342e2dada45653b24c699e6433bb59ff5931bce667da26,EH61589,2026-10-31,aa31ba93-7099-4dab-abda-0b0a00e87da2.zip,ok,OK_REGISTRADA,7,,24.855,7,7,AIDX|SUBJECT,
20260425_210559_e7f2f245,2026-04-25T22:52:14,AAMkADkwZmQ0YTA5LWE0M2MtNDk3Ni1hMzUzLTE0OTQxZDcwZWExMgBGAAAAAADJoyAzIWZBQakanooks8Z-BwBz4_gG-XGLQKeK0wIDJ6A7AAV36zxOAABz4_gG-XGLQKeK0wIDJ6A7AAWjRsLuAAA=,Aprobado- Factura  -  EH 61588 - Radicado 191558 - ERGO & HEALTH SAS - Pto. Gaitán – Pte. Arimena - NA,1e7ba900-614a-4d9e-96b4-7bd7711cc1c4.pdf,5ef543e3c9ff377a522679162189a0dd325e0ea57eab768c9f7dca36442975dc7da07f0096bd17cc5cafc051318116eb,EH61588,2026-10-31,1e7ba900-614a-4d9e-96b4-7bd7711cc1c4.zip,ok,OK_REGISTRADA,7,,25.666,7,7,AIDX|SUBJECT,
20260425_210559_e7f2f245,2026-04-25T22:52:40,AAMkADkwZmQ0YTA5LWE0M2MtNDk3Ni1hMzUzLTE0OTQxZDcwZWExMgBGAAAAAADJoyAzIWZBQakanooks8Z-BwBz4_gG-XGLQKeK0wIDJ6A7AAV36zxOAABz4_gG-XGLQKeK0wIDJ6A7AAWjRsLtAAA=,Aprobado- Factura  -  EH 61587 - Radicado 191557 - ERGO & HEALTH SAS - Cucutilla - Cornejo - NA,10af3f61-e5c4-429d-94fd-94724f209b4f.pdf,0db8f027b12951de524140ecc0f46547f1a3b405a25701c608cae4ed15cd3555d53a20dbe515359a2dd3ca87548e9d99,EH61587,2026-10-31,10af3f61-e5c4-429d-94fd-94724f209b4f.zip,ok,OK_REGISTRADA,7,,25.703,7,7,AIDX|SUBJECT,
20260425_210559_e7f2f245,2026-04-25T22:53:05,AAMkADkwZmQ0YTA5LWE0M2MtNDk3Ni1hMzUzLTE0OTQxZDcwZWExMgBGAAAAAADJoyAzIWZBQakanooks8Z-BwBz4_gG-XGLQKeK0wIDJ6A7AAV36zxOAABz4_gG-XGLQKeK0wIDJ6A7AAWjRsLsAAA=,Aprobado- Factura  -  EH 61586 - Radicado 191556 - ERGO & HEALTH SAS - Cartago - Calarcá - NA,de68ff95-7ca4-40ff-b399-01395b6342bc.pdf,5056722552a7904661af9279c34ffcfe5a69bfff51d2fecf0f69a9fde9ec15caeb2fff2ad6a8b64b03dbf8c1670d73f4,EH61586,2026-10-31,de68ff95-7ca4-40ff-b399-01395b6342bc.zip,ok,OK_REGISTRADA,7,,24.873,7,7,AIDX|SUBJECT,
20260425_210559_e7f2f245,2026-04-25T22:53:30,AAMkADkwZmQ0YTA5LWE0M2MtNDk3Ni1hMzUzLTE0OTQxZDcwZWExMgBGAAAAAADJoyAzIWZBQakanooks8Z-BwBz4_gG-XGLQKeK0wIDJ6A7AAV36zxOAABz4_gG-XGLQKeK0wIDJ6A7AAWjRsLrAAA=,Aprobado- Factura  -  EH 61585 - Radicado 191555 - ERGO & HEALTH SAS - Dirección administrativa y financiera -Compras - NA,52455453-940d-44ed-b599-25e68f0d2e33.pdf,7410a5ed5163ee85aa798403d77f9d54ecd33a803cc68c5eafb5f321d2bf2be08bb7b768923f4f7c3f172b7a523d5752,EH61585,2026-10-31,52455453-940d-44ed-b599-25e68f0d2e33.zip,ok,OK_REGISTRADA,7,,25.066,7,7,AIDX|SUBJECT,
20260425_210559_e7f2f245,2026-04-25T22:53:55,AAMkADkwZmQ0YTA5LWE0M2MtNDk3Ni1hMzUzLTE0OTQxZDcwZWExMgBGAAAAAADJoyAzIWZBQakanooks8Z-BwBz4_gG-XGLQKeK0wIDJ6A7AAV36zxOAABz4_gG-XGLQKeK0wIDJ6A7AAWjRsLqAAA=,Aprobado- Factura  -  EN 10031 - Radicado 191550 - ENSAFE SAS - Dirección administrativa y financiera -Compras - NA,de5ef2bf-1be9-4f9d-9131-3d90dd9a1071.pdf,aaad2d850f2594d4bb7052f61de767364a3ea0c568cef1a01bbec93cdfcbabf5ed91cddcd14bf77617e0147a3f5f4f5b,EN10031,2026-04-07,de5ef2bf-1be9-4f9d-9131-3d90dd9a1071.zip,ok,OK_REGISTRADA,7,,25.151,7,7,AIDX|SUBJECT,
20260425_210559_e7f2f245,2026-04-25T22:54:21,AAMkADkwZmQ0YTA5LWE0M2MtNDk3Ni1hMzUzLTE0OTQxZDcwZWExMgBGAAAAAADJoyAzIWZBQakanooks8Z-BwBz4_gG-XGLQKeK0wIDJ6A7AAV36zxOAABz4_gG-XGLQKeK0wIDJ6A7AAWjRsLpAAA=,Aprobado- Factura  -  EN 10030 - Radicado 191549 - ENSAFE SAS - 01-2025-327 TOYO T2 S1 - NA,20add561-24c1-4cc9-a645-edd24e817d2a.pdf,d0f0f3a11efce541bf03f0b7386c67a5c064e9d0215509d40b0598932cb6a501e4a8d58be5f557fde49f48e3c6ccaf17,EN10030,2026-04-07,20add561-24c1-4cc9-a645-edd24e817d2a.zip,ok,OK_REGISTRADA,7,,25.744,7,7,AIDX|SUBJECT,
20260425_210559_e7f2f245,2026-04-25T22:54:46,AAMkADkwZmQ0YTA5LWE0M2MtNDk3Ni1hMzUzLTE0OTQxZDcwZWExMgBGAAAAAADJoyAzIWZBQakanooks8Z-BwBz4_gG-XGLQKeK0wIDJ6A7AAV36zxOAABz4_gG-XGLQKeK0wIDJ6A7AAWjRsLoAAA=,Aprobado- Factura  -  EN 10029 - Radicado 191548 - ENSAFE SAS - Pto. Gaitán – Pte. Arimena - NA,fecca748-e282-4840-8eba-d729a3d5ed92.pdf,a23c0cd46d6da8f56316c96e6f22c6d30443f39f927477f40c44e36fee36039e0c26e8ed7e5a4fab0933164992f9a053,EN10029,2026-04-07,fecca748-e282-4840-8eba-d729a3d5ed92.zip,ok,OK_REGISTRADA,7,,25.519,7,7,AIDX|SUBJECT,
20260425_210559_e7f2f245,2026-04-25T22:55:12,AAMkADkwZmQ0YTA5LWE0M2MtNDk3Ni1hMzUzLTE0OTQxZDcwZWExMgBGAAAAAADJoyAzIWZBQakanooks8Z-BwBz4_gG-XGLQKeK0wIDJ6A7AAV36zxOAABz4_gG-XGLQKeK0wIDJ6A7AAWjRsLnAAA=,Aprobado- Factura  -  EN 10028 - Radicado 191547 - ENSAFE SAS - Dirección administrativa y financiera -Compras - NA,10dbf505-7da1-4362-a7cd-fa4aa0765627.pdf,0cef4984dde185587f3426ca03110f537c802a31cb29d6251dea000b075e2c67df0030842ffd0e3bd0325b144e1583ef,EN10028,2026-04-07,10dbf505-7da1-4362-a7cd-fa4aa0765627.zip,ok,OK_REGISTRADA,7,,25.804,7,7,AIDX|SUBJECT,
20260425_210559_e7f2f245,2026-04-25T22:55:38,AAMkADkwZmQ0YTA5LWE0M2MtNDk3Ni1hMzUzLTE0OTQxZDcwZWExMgBGAAAAAADJoyAzIWZBQakanooks8Z-BwBz4_gG-XGLQKeK0wIDJ6A7AAV36zxOAABz4_gG-XGLQKeK0wIDJ6A7AAWjRsLmAAA=,Aprobado- Factura  -  EN 10027 - Radicado 191541 - ENSAFE SAS - Dirección administrativa y financiera -Compras - NA,6797d572-5fea-4197-bd91-375a7ab27779.pdf,a01830741107c713d531cc2d557f812af99451dc7935fa0dc098d36adcac3411026aec1d9fadcad608d2d83da8128986,EN10027,2026-04-07,6797d572-5fea-4197-bd91-375a7ab27779.zip,ok,OK_REGISTRADA,7,,26.149,7,7,AIDX|SUBJECT,
20260425_210559_e7f2f245,2026-04-25T22:55:59,AAMkADkwZmQ0YTA5LWE0M2MtNDk3Ni1hMzUzLTE0OTQxZDcwZWExMgBGAAAAAADJoyAzIWZBQakanooks8Z-BwBz4_gG-XGLQKeK0wIDJ6A7AAV36zxOAABz4_gG-XGLQKeK0wIDJ6A7AAWjRsLlAAA=,Aprobado- Factura  -  8009100349873 - Radicado 191520 - SODIMAC COLOMBIA SA - Dirección administrativa y financiera -Compras - NA,Factura_electrónica_8009100349873.pdf,dc1c0467a2a1d008d89dd443c8cdd3456f23b7e78c3fe75a5f08d766fbc2566aa57e85a6688ba5702c7a9db5aede5294,8009100349873,2026-03-26,(PDF_APROBADAS_FALLBACK),ok_pdf_aprobadas_fallback,OK_REGISTRADA_FALLBACK_PDF,7,,20.758,7,7,PDF_APROBADAS|SUBJECT,
20260425_210559_e7f2f245,2026-04-25T22:56:20,AAMkADkwZmQ0YTA5LWE0M2MtNDk3Ni1hMzUzLTE0OTQxZDcwZWExMgBGAAAAAADJoyAzIWZBQakanooks8Z-BwBz4_gG-XGLQKeK0wIDJ6A7AAV36zxOAABz4_gG-XGLQKeK0wIDJ6A7AAWjRsLkAAA=,Aprobado- Factura  -  EEC 8144 - Radicado 191498 - INDUSTRIA DE ESTUFAS CONTINENTAL - Pto. Gaitán – Pte. Arimena - NA,FACTEEC000008144.PDF,c00b73ff16a996b98190dbf6da9fddcae055dfb7fefd985f8df52aa031cbcf69d605015f686d10ac9ea5a23c03fb3b25,EEC8144,2026-03-27,(PDF_APROBADAS_FALLBACK),ok_pdf_aprobadas_fallback,OK_REGISTRADA_FALLBACK_PDF,7,,20.694,7,7,PDF_APROBADAS|SUBJECT,
20260425_210559_e7f2f245,2026-04-25T22:56:41,AAMkADkwZmQ0YTA5LWE0M2MtNDk3Ni1hMzUzLTE0OTQxZDcwZWExMgBGAAAAAADJoyAzIWZBQakanooks8Z-BwBz4_gG-XGLQKeK0wIDJ6A7AAV36zxOAABz4_gG-XGLQKeK0wIDJ6A7AAWjRsLjAAA=,Aprobado- Factura  -  EEC 8115 - Radicado 191499 - INDUSTRIA DE ESTUFAS CONTINENTAL - Pto. Gaitán – Pte. Arimena - NA,FACTEEC000008115.PDF,59f5b6f2b5c4ca1b0c997c11d5b25152c2231f8fb93a03574220acfd69ebfd5e190122d9ca9b09e9db2a151164a4513e,EEC8115,2026-03-25,(PDF_APROBADAS_FALLBACK),ok_pdf_aprobadas_fallback,OK_REGISTRADA_FALLBACK_PDF,7,,21.557,7,7,PDF_APROBADAS|SUBJECT,
20260425_210559_e7f2f245,2026-04-25T22:57:07,AAMkADkwZmQ0YTA5LWE0M2MtNDk3Ni1hMzUzLTE0OTQxZDcwZWExMgBGAAAAAADJoyAzIWZBQakanooks8Z-BwBz4_gG-XGLQKeK0wIDJ6A7AAV36zxOAABz4_gG-XGLQKeK0wIDJ6A7AAWjRsLiAAA=,Aprobado- Factura  -  EN 10015 - Radicado 191448 - ENSAFE SAS - 01-2025-327 TOYO T2 S1 - NA,6b17f39b-db5d-4013-80ba-07c29223b56c.pdf,c80a4298c5a190aa61dd48f780410ff626bacbee85ff7a4dfcd8856138b6e9c98abf6406d295bccc9868fccc0ff50ad7,EN10015,2026-04-01,6b17f39b-db5d-4013-80ba-07c29223b56c.zip,ok,OK_REGISTRADA,7,,26.183,7,7,AIDX|SUBJECT,
20260425_210559_e7f2f245,2026-04-25T22:57:28,AAMkADkwZmQ0YTA5LWE0M2MtNDk3Ni1hMzUzLTE0OTQxZDcwZWExMgBGAAAAAADJoyAzIWZBQakanooks8Z-BwBz4_gG-XGLQKeK0wIDJ6A7AAV36zxOAABz4_gG-XGLQKeK0wIDJ6A7AAWjRsLhAAA=,Aprobado- Factura  -  FVE 7554 - Radicado 191564 - SERVICIOS COOL FAN - 01-2025-327 TOYO T2 S1 - NA,f0b6fa08-9471-4b38-84f0-962e12c518d5.pdf,f9bec6c465bb9099f6a32e44553b96744e64c1aed3ca565ff16072c01ca09597233c4423d08cd69656fc2dd5de2baa93,FVE7554,2026-05-09,(PDF_APROBADAS_FALLBACK),ok_pdf_aprobadas_fallback,OK_REGISTRADA_FALLBACK_PDF,7,,20.238,7,7,PDF_APROBADAS|SUBJECT,
20260425_210559_e7f2f245,2026-04-25T22:57:53,AAMkADkwZmQ0YTA5LWE0M2MtNDk3Ni1hMzUzLTE0OTQxZDcwZWExMgBGAAAAAADJoyAzIWZBQakanooks8Z-BwBz4_gG-XGLQKeK0wIDJ6A7AAV36zxOAABz4_gG-XGLQKeK0wIDJ6A7AAWjRsLgAAA=,Aprobado- Factura  -  EN 10014 - Radicado 191447 - ENSAFE SAS - Dirección administrativa y financiera -Compras - NA,72a484de-e8d5-4d46-858f-c2d1786723cf.pdf,322c3cde150343051727fe6efc24c096f3d15a6cf95ce21377fbb386e17142dd987a8a55fc35dc6e0898d658c93d0737,EN10014,2026-04-01,72a484de-e8d5-4d46-858f-c2d1786723cf.zip,ok,OK_REGISTRADA,7,,25.442,7,7,AIDX|SUBJECT,
20260425_210559_e7f2f245,2026-04-25T22:58:18,AAMkADkwZmQ0YTA5LWE0M2MtNDk3Ni1hMzUzLTE0OTQxZDcwZWExMgBGAAAAAADJoyAzIWZBQakanooks8Z-BwBz4_gG-XGLQKeK0wIDJ6A7AAV36zxOAABz4_gG-XGLQKeK0wIDJ6A7AAWjRsLfAAA=,Aprobado- Factura  -  EN 10008 - Radicado 191442 - ENSAFE SAS - 01-2025-327 TOYO T2 S1 - NA,202049df-87fd-4faa-b95e-2358eb609461.pdf,54f74e46363762a58c162a02fc9ecd25beab67b97138f0c91f9c1b543f595442f1f977ca803041cd6842c4b5dcb3f20e,EN10008,2026-04-01,202049df-87fd-4faa-b95e-2358eb609461.zip,ok,OK_REGISTRADA,7,,25.455,7,7,AIDX|SUBJECT,
20260425_210559_e7f2f245,2026-04-25T22:58:44,AAMkADkwZmQ0YTA5LWE0M2MtNDk3Ni1hMzUzLTE0OTQxZDcwZWExMgBGAAAAAADJoyAzIWZBQakanooks8Z-BwBz4_gG-XGLQKeK0wIDJ6A7AAV36zxOAABz4_gG-XGLQKeK0wIDJ6A7AAWjRsLeAAA=,Aprobado- Factura  -  FVE 4627 - Radicado 191531 - LOG TEC CONSULTING GROUP SAS - Dirección administrativa y financiera -Tics - NA,fv0900883324000260000134a.pdf,60b154c882063090fbcf5119e2241db7ef2cfa8a9a04bff51122b414fcaa3d6d54d4c4ae06434a78845e63d323f8f4bd,FVE4627,,z0900883324000260000134a.zip,ok,OK_REGISTRADA,7,,25.543,7,7,AIDX|SUBJECT,
20260425_210559_e7f2f245,2026-04-25T22:59:10,AAMkADkwZmQ0YTA5LWE0M2MtNDk3Ni1hMzUzLTE0OTQxZDcwZWExMgBGAAAAAADJoyAzIWZBQakanooks8Z-BwBz4_gG-XGLQKeK0wIDJ6A7AAV36zxOAABz4_gG-XGLQKeK0wIDJ6A7AAWjRsLdAAA=,Aprobado- Factura  -  EN 10007 - Radicado 191441 - ENSAFE SAS - Cucutilla - Cornejo - NA,6a2588c1-0733-4b57-ba0a-da3b1bba37ce.pdf,3c4bd321ad08c95a2f8a303ee8d3de08a009d6ae569b455131c7ead54629bd273b9056638df2bda0f1e61d5c29587f67,EN10007,2026-04-01,6a2588c1-0733-4b57-ba0a-da3b1bba37ce.zip,ok,OK_REGISTRADA,7,,25.936,7,7,AIDX|SUBJECT,
20260425_210559_e7f2f245,2026-04-25T22:59:45,AAMkADkwZmQ0YTA5LWE0M2MtNDk3Ni1hMzUzLTE0OTQxZDcwZWExMgBGAAAAAADJoyAzIWZBQakanooks8Z-BwBz4_gG-XGLQKeK0wIDJ6A7AAV36zxOAABz4_gG-XGLQKeK0wIDJ6A7AAWjRsLcAAA=,Aprobado- Factura  -  FE459 - Radicado 191536 - CONSULTORES E INTERVENTORES TECNICOS SAS - TM Av. 68 - NA,dian_FE459.pdf,7661f98ddc3463765c48405366e15ce00ea7d2667cd0c0bdff4cb04d79729dda35fe2c35f59c9cc074061fc4e530b0a1,FE459,2025-10-01,FE459.zip,ok,OK_REGISTRADA,7,,35.028,7,7,AIDX|SUBJECT,
20260425_210559_e7f2f245,2026-04-25T23:00:21,AAMkADkwZmQ0YTA5LWE0M2MtNDk3Ni1hMzUzLTE0OTQxZDcwZWExMgBGAAAAAADJoyAzIWZBQakanooks8Z-BwBz4_gG-XGLQKeK0wIDJ6A7AAV36zxOAABz4_gG-XGLQKeK0wIDJ6A7AAWjRsLbAAA=,Aprobado- Factura  -  FEL 268117 - Radicado 191450 - CENTRAL COMERCIALIZADORA DE INTERNET SAS - Dirección administrativa y financiera -Tics - NA,Factura_dhubingenieria.pdf,1c78f39a143e172b430c37a6e324df3e4f5f6fb84489473163f87ef191433eacebf176d073bba51e8d705c95ac0ffea7,FEL268117,,z09002936370082600041755.zip,ok,OK_REGISTRADA,7,,36.017,7,7,AIDX|SUBJECT,
20260425_210559_e7f2f245,2026-04-25T23:00:50,AAMkADkwZmQ0YTA5LWE0M2MtNDk3Ni1hMzUzLTE0OTQxZDcwZWExMgBGAAAAAADJoyAzIWZBQakanooks8Z-BwBz4_gG-XGLQKeK0wIDJ6A7AAV36zxOAABz4_gG-XGLQKeK0wIDJ6A7AAWjRsLaAAA=,Aprobado- Factura  -  04842 -43497199 - Radicado 191529 - CANVA PYP LTD - Dirección administrativa y financiera -Tics - NA,FacturaCanva.pdf,facafcafecadefaca5deabde2026aacacaecccecdefcacfca860067561ccecaaeaac5deabde2026adaeafacaaefeecaf,EU372042198110,,(PDF_APROBADAS_FALLBACK),ok_pdf_aprobadas_fallback,OK_REGISTRADA_FALLBACK_PDF,7,,28.77,7,7,PDF_APROBADAS|SUBJECT,
20260425_210559_e7f2f245,2026-04-25T23:01:20,AAMkADkwZmQ0YTA5LWE0M2MtNDk3Ni1hMzUzLTE0OTQxZDcwZWExMgBGAAAAAADJoyAzIWZBQakanooks8Z-BwBz4_gG-XGLQKeK0wIDJ6A7AAV36zxOAABz4_gG-XGLQKeK0wIDJ6A7AAWjRsLZAAA=,Aprobado- Factura  -  IN44835 - Radicado 191502 - ROCSCIENCE INC - Dirección administrativa y financiera -Tics - NA,IN44835-Pending_V1.pdf,ccecec54aaca511caadabcabcaedad6976bacbacedeaeeaece23076ceeece448350204202602052026edcedaeeadaeae,IN44835,2026-04-02,(PDF_ORIGEN_UNICO),ok_pdf_origen_unico,REGISTRADA,7,,30.298,7,7,PDF_ORIGEN_UNICO,
20260425_210559_e7f2f245,2026-04-25T23:01:55,AAMkADkwZmQ0YTA5LWE0M2MtNDk3Ni1hMzUzLTE0OTQxZDcwZWExMgBGAAAAAADJoyAzIWZBQakanooks8Z-BwBz4_gG-XGLQKeK0wIDJ6A7AAV36zxOAABz4_gG-XGLQKeK0wIDJ6A7AAWjRsLYAAA=,Aprobado- Factura  -  DISL 2744 - Radicado 191532 - JR PRODUCTOS Y SERVICIOS S.A.S - Red Férrea Atlántico - NA,e7e2b376-88e6-41c1-90e1-72a2d152d7b0.pdf,d3fd1dc222e069e5f8b57b96a8e60f8e2b40d91b55f5c8ea4d2f6d4c2425d1b49522bd79ec963d39dbc815ee5d61ce41,DISL2744,2026-04-07,e7e2b376-88e6-41c1-90e1-72a2d152d7b0.zip,ok,OK_REGISTRADA,7,,34.887,7,7,AIDX|SUBJECT,
20260425_210559_e7f2f245,2026-04-25T23:02:24,AAMkADkwZmQ0YTA5LWE0M2MtNDk3Ni1hMzUzLTE0OTQxZDcwZWExMgBGAAAAAADJoyAzIWZBQakanooks8Z-BwBz4_gG-XGLQKeK0wIDJ6A7AAV36zxOAABz4_gG-XGLQKeK0wIDJ6A7AAWjRsLXAAA=,Aprobado- Factura  -  H4Z5238745 - Radicado 191535 - D1 SAS - Transv. Libertador - NA,fv090027696202126H4Z5238745.pdf,31b17c6c99c03f4996a03d77ab591ae2191405686a5f43f8bc1524f53976bc241e35676ae78104a47aac10e629e97c98,H8Y2178711,2026-04-07,090027696202126H8Y2178711.zip,ok,OK_REGISTRADA,7,,29.358,7,7,PDF_TOKEN:090027696202126H|SUBJECT,
20260425_210559_e7f2f245,2026-04-25T23:02:53,AAMkADkwZmQ0YTA5LWE0M2MtNDk3Ni1hMzUzLTE0OTQxZDcwZWExMgBGAAAAAADJoyAzIWZBQakanooks8Z-BwBz4_gG-XGLQKeK0wIDJ6A7AAV36zxOAABz4_gG-XGLQKeK0wIDJ6A7AAWjRsLWAAA=,Aprobado- Factura  -  FETR277 - Radicado 191517 - TRIDELCO SAS - L.T. Guaymaral - NA,dian_FETR277.pdf,efff793a22f9e83e6ace14e669193555b9459b9aca092c6bc238565ebf4ab7fc5a912d9dcb34494dc9eccd32c6795106,FETR277,2026-01-14,FETR277.zip,ok,OK_REGISTRADA,7,,28.751,7,7,AIDX|SUBJECT,
20260425_210559_e7f2f245,2026-04-25T23:03:28,AAMkADkwZmQ0YTA5LWE0M2MtNDk3Ni1hMzUzLTE0OTQxZDcwZWExMgBGAAAAAADJoyAzIWZBQakanooks8Z-BwBz4_gG-XGLQKeK0wIDJ6A7AAV36zxOAABz4_gG-XGLQKeK0wIDJ6A7AAWjRsLVAAA=,Aprobado- Factura  -  FV 1242 - Radicado 191524 - SUDEN SAS - L.T. Guaymaral - NA,fv0901391741008260000002c.pdf,c8947e60e8faf22dbac9ec94440ef5ed503bde6d4bec66e1c84b8ea7396153231b6c1a86b4048f983909d95d1ed31438,FV1242,2026-04-21,z0901391741008260000002c.zip,ok,OK_REGISTRADA,7,,34.769,7,7,AIDX|SUBJECT,
20260425_210559_e7f2f245,2026-04-25T23:04:20,AAMkADkwZmQ0YTA5LWE0M2MtNDk3Ni1hMzUzLTE0OTQxZDcwZWExMgBGAAAAAADJoyAzIWZBQakanooks8Z-BwBz4_gG-XGLQKeK0wIDJ6A7AAV36zxOAABz4_gG-XGLQKeK0wIDJ6A7AAWjRsLUAAA=,Aprobado- Factura  -  PG N 283 - Radicado 191518 - PRAGMAC SAS - TM Av. 68 - NA,5183b8ad-aedd-495e-8b3a-01eba7af9be6.pdf,76d69a3fef6ab9ac65ca0b293b6ee0897df2c14a89df259f0195537f7cb9437f7d0b64c72190e656d026f4b310920451,PG283,2026-11-26,5183b8ad-aedd-495e-8b3a-01eba7af9be6.zip,ok,OK_REGISTRADA,7,,51.835,7,7,AIDX|SUBJECT,
20260425_210559_e7f2f245,2026-04-25T23:04:51,AAMkADkwZmQ0YTA5LWE0M2MtNDk3Ni1hMzUzLTE0OTQxZDcwZWExMgBGAAAAAADJoyAzIWZBQakanooks8Z-BwBz4_gG-XGLQKeK0wIDJ6A7AAV36zxOAABz4_gG-XGLQKeK0wIDJ6A7AAWjRsLTAAA=,Aprobado- Factura  -  EALT 18603 - Radicado 191511 - INVERSIONES BIENES Y SERVICIOS SAS - Red Férrea Atlántico - NA,fv09010093500082600000caa.pdf,27662dec93f77838828bd39f7231a14f0dac65ed517334eb54d80720899380e092e712b328fb7d79da058c0c47f7877d,EALT18603,2026-04-06,z09010093500082600000caa.zip,ok,OK_REGISTRADA,7,,31.52,7,7,AIDX|SUBJECT,
20260425_210559_e7f2f245,2026-04-25T23:05:14,AAMkADkwZmQ0YTA5LWE0M2MtNDk3Ni1hMzUzLTE0OTQxZDcwZWExMgBGAAAAAADJoyAzIWZBQakanooks8Z-BwBz4_gG-XGLQKeK0wIDJ6A7AAV36zxOAABz4_gG-XGLQKeK0wIDJ6A7AAWjRsLSAAA=,Aprobado- Factura  -  EB 000342464567 - Radicado 191490 - ETB E.S.P. EMPRESA DE TELECOMUNICACIONES DE BOGOTA SA ESP - Dirección administrativa y financiera -Infraestructura - NA,Tu Factura ETB Abril de 2026.pdf,df464fee86ccfff8a77e816fd0e4a21e7e4223250ab2ff1eb65137ca7c914d8e3a95ae9436a50ab8292c624e5178eb82,EB000342464567,2024-12-27,(PDF_APROBADAS_FALLBACK),ok_pdf_aprobadas_fallback,OK_REGISTRADA_FALLBACK_PDF,7,,23.103,7,7,PDF_APROBADAS|SUBJECT,
20260425_210559_e7f2f245,2026-04-25T23:05:48,AAMkADkwZmQ0YTA5LWE0M2MtNDk3Ni1hMzUzLTE0OTQxZDcwZWExMgBGAAAAAADJoyAzIWZBQakanooks8Z-BwBz4_gG-XGLQKeK0wIDJ6A7AAV36zxOAABz4_gG-XGLQKeK0wIDJ6A7AAWjRsLRAAA=,Aprobado- Factura  -  R1146348517 - Radicado 191491 - COMCEL SA - Dirección administrativa y financiera -Infraestructura - NA,fv0800153993015261146348517.pdf,a5943c8e6c9ff8f747be5ebff63d7ccc329495184dd0b93b9fdf05aa0f92e5943569f261da86902796df18bc9c8fee46,R1146348517,2024-08-22,z0800153993015261146348517.zip,ok,OK_REGISTRADA,7,,33.581,7,7,AIDX|SUBJECT,
20260425_210559_e7f2f245,2026-04-25T23:06:21,AAMkADkwZmQ0YTA5LWE0M2MtNDk3Ni1hMzUzLTE0OTQxZDcwZWExMgBGAAAAAADJoyAzIWZBQakanooks8Z-BwBz4_gG-XGLQKeK0wIDJ6A7AAV36zxOAABz4_gG-XGLQKeK0wIDJ6A7AAWjRsLQAAA=,Aprobado- Factura  -  GS - 6423 - Radicado 191495 - GRUPO COOREXPRESS SAS - L.T. Guaymaral - NA,ad09007337400892600000061.pdf,1c74450f4f65d05993eed86fe50267e52754bc29db4372d7f089e4f90ceaf665db51c7d96f3e513976d90963a8569040,GS-6423,2025-08-27,z09007337400892600000061.zip,ok,OK_REGISTRADA,7,,33.152,7,7,AIDX|SUBJECT,
20260425_210559_e7f2f245,2026-04-25T23:06:57,AAMkADkwZmQ0YTA5LWE0M2MtNDk3Ni1hMzUzLTE0OTQxZDcwZWExMgBGAAAAAADJoyAzIWZBQakanooks8Z-BwBz4_gG-XGLQKeK0wIDJ6A7AAV36zxOAABz4_gG-XGLQKeK0wIDJ6A7AAWjRsLPAAA=,Aprobado- Factura  -  MQ 517 - Radicado 191494 - MALOQUIN S.A.S - Red Férrea Atlántico - NA,fv0900971087008260000001a.pdf,c11192c1a210f6ff8767be221a5781bfa7fbde2d1f44f3909a327838aedd85dd985322a98e1f7121596a40f5a9a9bd6f,MQ517,2026-04-04,z0900971087008260000001a.zip,ok,OK_REGISTRADA,7,,36.431,7,7,AIDX|SUBJECT,
20260425_210559_e7f2f245,2026-04-25T23:07:32,AAMkADkwZmQ0YTA5LWE0M2MtNDk3Ni1hMzUzLTE0OTQxZDcwZWExMgBGAAAAAADJoyAzIWZBQakanooks8Z-BwBz4_gG-XGLQKeK0wIDJ6A7AAV36zxOAABz4_gG-XGLQKeK0wIDJ6A7AAWjRsLOAAA=,Aprobado- Factura  -  NACL600251 - Radicado 191479 - SEGURIDAD ATLAS LTDA - Cartago - Calarcá - NA,ad0890312749064260000600251.pdf,8d41019d06cb0d39f693571ea10b90f974b2566ceeabb9d22a77a3f12dc39ff8f589eaede644c2af065ac6fd5de118a9,NACL600251,2005-12-15,z0890312749064260000600251.zip,ok,OK_REGISTRADA,7,,34.656,7,7,AIDX|SUBJECT,
20260425_210559_e7f2f245,2026-04-25T23:08:17,AAMkADkwZmQ0YTA5LWE0M2MtNDk3Ni1hMzUzLTE0OTQxZDcwZWExMgBGAAAAAADJoyAzIWZBQakanooks8Z-BwBz4_gG-XGLQKeK0wIDJ6A7AAV36zxOAABz4_gG-XGLQKeK0wIDJ6A7AAWjRsLNAAA=,Aprobado- Factura  -  FCII 1213366 - Radicado 191429 - TELESENTINEL LTDA - TM Av. 68 - NA,Pagos.pdf,060db68e80c8636469baee5388257d7e1becee245f47e5f54b52ea85203b746290092e2b80bf47b11520c94126853cdc,FCII1213366,,z08000148750072601213366.zip,ok,OK_REGISTRADA,7,,45.254,7,7,AIDX|SUBJECT,
20260425_210559_e7f2f245,2026-04-25T23:08:56,AAMkADkwZmQ0YTA5LWE0M2MtNDk3Ni1hMzUzLTE0OTQxZDcwZWExMgBGAAAAAADJoyAzIWZBQakanooks8Z-BwBz4_gG-XGLQKeK0wIDJ6A7AAV36zxOAABz4_gG-XGLQKeK0wIDJ6A7AAWiatB8AAA=,Aprobado- Factura  -  FE 275 - Radicado 191431 - DISEÑOS PROFESIONALES DE INGENIERIA SAS - 01-2025-327 TOYO T2 S1 - NA,fv0901649860008260000000d.pdf,c2b7f43263d6d8c8320b59aa300f6b0c90d2d8e1d10fce99d7d7aeda7522408fc6ae7e7fe78f596cbc1b36375264331f,FE275,2026-04-01,z0901649860008260000000d.zip,ok,OK_REGISTRADA,7,,38.257,7,7,AIDX|SUBJECT,
20260425_210559_e7f2f245,2026-04-25T23:09:41,AAMkADkwZmQ0YTA5LWE0M2MtNDk3Ni1hMzUzLTE0OTQxZDcwZWExMgBGAAAAAADJoyAzIWZBQakanooks8Z-BwBz4_gG-XGLQKeK0wIDJ6A7AAV36zxOAABz4_gG-XGLQKeK0wIDJ6A7AAWiatB7AAA=,Aprobado- Factura  -  INZ 176 - Radicado 191437 - INZETA S A S - FAC - Pto. Salgar - NA,fv09006688620082600000002.pdf,5cdc1da03a9dd1096a466c581d48f9689626d4f50caab394fe2f2bf229b4b61dbd7b718bec9f39512629ec779fc36b56,INZ176,2026-05-01,z09006688620082600000002.zip,ok,OK_REGISTRADA,7,,45.151,7,7,AIDX|SUBJECT,
20260425_210559_e7f2f245,2026-04-25T23:10:26,AAMkADkwZmQ0YTA5LWE0M2MtNDk3Ni1hMzUzLTE0OTQxZDcwZWExMgBGAAAAAADJoyAzIWZBQakanooks8Z-BwBz4_gG-XGLQKeK0wIDJ6A7AAV36zxOAABz4_gG-XGLQKeK0wIDJ6A7AAWiatB6AAA=,Aprobado- Factura  -  001 - Radicado 191438 - CIFUENTES PEDRAZA MONICA VIVIANA - Helios - NA,Certificación_Bancaria.pdf,cefcad25032026badcdcaacbaaeeeeddeaeeeacecaeeecaaacfeeedaaccdadecdadaae1069748729eeeebacdaedacead,001,2026-03-25,(PDF_APROBADAS_FALLBACK),ok_pdf_aprobadas_fallback,OK_REGISTRADA_FALLBACK_PDF,7,,44.81,7,7,PDF_APROBADAS|SUBJECT,
20260425_210559_e7f2f245,2026-04-25T23:11:07,AAMkADkwZmQ0YTA5LWE0M2MtNDk3Ni1hMzUzLTE0OTQxZDcwZWExMgBGAAAAAADJoyAzIWZBQakanooks8Z-BwBz4_gG-XGLQKeK0wIDJ6A7AAV36zxOAABz4_gG-XGLQKeK0wIDJ6A7AAWg5KEhAAA=,Aprobado- Factura  -  FE613 - Radicado 191412 - INEICA LIMITADA - Red Férrea Atlántico - NA,FE613.pdf,a8e8794aaef0dbd11fc1a3349b6c8c332d8fb9cd2449310c2dda53981b9776268881391bc622125cae6725bc6131f041,FE613,2026-03-31,FE613.zip,ok,OK_REGISTRADA,7,,41.563,7,7,AIDX|SUBJECT,
20260425_210559_e7f2f245,2026-04-25T23:11:42,AAMkADkwZmQ0YTA5LWE0M2MtNDk3Ni1hMzUzLTE0OTQxZDcwZWExMgBGAAAAAADJoyAzIWZBQakanooks8Z-BwBz4_gG-XGLQKeK0wIDJ6A7AAV36zxOAABz4_gG-XGLQKeK0wIDJ6A7AAWg5KEgAAA=,Aprobado- Factura  -  SIN - Radicado 191414 - SANCHEZ AMADOR JOSE BERNARDO - Cesar Red Terciaria - NA,Cta. Cobro Vial JJ.pdf,b31deade2026cca9018630105debeabeadceaadcc19205979debaadeecedeceece916500ccedeaebaedabecdacaeae29,DE2026,,(PDF_APROBADAS_FALLBACK),ok_pdf_aprobadas_fallback,OK_REGISTRADA_FALLBACK_PDF,7,,34.874,7,7,PDF_APROBADAS|SUBJECT,
20260425_210559_e7f2f245,2026-04-25T23:12:23,AAMkADkwZmQ0YTA5LWE0M2MtNDk3Ni1hMzUzLTE0OTQxZDcwZWExMgBGAAAAAADJoyAzIWZBQakanooks8Z-BwBz4_gG-XGLQKeK0wIDJ6A7AAV36zxOAABz4_gG-XGLQKeK0wIDJ6A7AAWg5KEfAAA=,Aprobado- Factura  -  PR 2504 - Radicado 191357 - PRODUCTIVIDAPP SAS - Dirección administrativa y financiera -Tics - NA,fv0900965883008260000004d.pdf,6f0c98e2790657065469079b526e9b43f15fb37cc0a4f03ce78bb3159c31718c0ea67639fed6de2ce911f64a1ba4a367,PR2504,2026-04-04,z0900965883008260000004d.zip,ok,OK_REGISTRADA,7,,41.012,7,7,AIDX|SUBJECT,
20260425_210559_e7f2f245,2026-04-25T23:13:07,AAMkADkwZmQ0YTA5LWE0M2MtNDk3Ni1hMzUzLTE0OTQxZDcwZWExMgBGAAAAAADJoyAzIWZBQakanooks8Z-BwBz4_gG-XGLQKeK0wIDJ6A7AAV36zxOAABz4_gG-XGLQKeK0wIDJ6A7AAWg5KEeAAA=,Aprobado- Factura  -  FE 2008 - Radicado 191364 - SERVICIOS LOGISTICOS DE INGENIERIA SAS - 01-2025-327 TOYO T2 S1 - NA,fv09007230230082600000054.pdf,fd97838fbebf4ea9534d6171487a9493140dc381da8fb2d549ad99271e05fdf220b896d99176d44729222ba1dd6f4327,FE2008,2026-03-27,z09007230230082600000054.zip,ok,OK_REGISTRADA,7,,43.84,7,7,AIDX|SUBJECT,
20260425_210559_e7f2f245,2026-04-25T23:13:50,AAMkADkwZmQ0YTA5LWE0M2MtNDk3Ni1hMzUzLTE0OTQxZDcwZWExMgBGAAAAAADJoyAzIWZBQakanooks8Z-BwBz4_gG-XGLQKeK0wIDJ6A7AAV36zxOAABz4_gG-XGLQKeK0wIDJ6A7AAWg5KEdAAA=,Aprobado- Factura  -  FVE108311 - Radicado 190988 - PROVEXPRESS SAS - Dirección administrativa y financiera -Tics - NA,FVE108311.pdf,3ee0d83f9fc7335741099e043f417c7a3a06950eeec9e906b860a6de9b819664e60e74b1681cbc8038dbf8961f68d4dc,FVE108311,2024-05-28,900800595_FVE108311.zip,ok,OK_REGISTRADA,7,,42.968,7,7,AIDX|SUBJECT,
20260425_210559_e7f2f245,2026-04-25T23:14:40,AAMkADkwZmQ0YTA5LWE0M2MtNDk3Ni1hMzUzLTE0OTQxZDcwZWExMgBGAAAAAADJoyAzIWZBQakanooks8Z-BwBz4_gG-XGLQKeK0wIDJ6A7AAV36zxOAABz4_gG-XGLQKeK0wIDJ6A7AAWg5KEcAAA=,Aprobado- Factura  -  FE 2022 - Radicado 191378 - SERVICIOS LOGISTICOS DE INGENIERIA SAS - Dirección administrativa y financiera -Compras - NA,191378.pdf,df9e7b86496377ff334c7125f1e505ac69e6ff462449014369b6153bbd3af43c14166248ef73441b25a7facafd72f0b4,FE2022,2026-03-27,z09007230230082600000062.zip,ok,OK_REGISTRADA,7,,49.713,7,7,AIDX|SUBJECT,
20260425_210559_e7f2f245,2026-04-25T23:15:21,AAMkADkwZmQ0YTA5LWE0M2MtNDk3Ni1hMzUzLTE0OTQxZDcwZWExMgBGAAAAAADJoyAzIWZBQakanooks8Z-BwBz4_gG-XGLQKeK0wIDJ6A7AAV36zxOAABz4_gG-XGLQKeK0wIDJ6A7AAWg5KEbAAA=,Aprobado- Factura  -  257-76631 - Radicado 191394 - AGENCIA DE VIAJES Y TURISMO AVIATUR S.A.S - 01-2025-327 TOYO T2 S1 - NA,ad08600000180442600232124.pdf,9ca763e041dd0a5f5798e12b559f9714d9fd919938acd4aa9fc7991e7ad2f399e871229dcf04a1d7d519b70c77b27b53,25776631,2026-03-30,z08600000180442600232124.zip,ok,OK_REGISTRADA,7,,41.48,7,7,AIDX|SUBJECT,
20260425_210559_e7f2f245,2026-04-25T23:16:07,AAMkADkwZmQ0YTA5LWE0M2MtNDk3Ni1hMzUzLTE0OTQxZDcwZWExMgBGAAAAAADJoyAzIWZBQakanooks8Z-BwBz4_gG-XGLQKeK0wIDJ6A7AAV36zxOAABz4_gG-XGLQKeK0wIDJ6A7AAWg5KEaAAA=,Aprobado- Factura  -  257-76630 - Radicado 191393 - AGENCIA DE VIAJES Y TURISMO AVIATUR S.A.S - Transv. Libertador - NA,ad08600000180442600232088.pdf,d2ff9582c047d99e8c2127728522299b4719af11137a306f33b2b7b1f18b8643d075821dcd0db17f5f1a4690779b87bd,25776630,2026-03-30,z08600000180442600232088.zip,ok,OK_REGISTRADA,7,,46.252,7,7,AIDX|SUBJECT,
20260425_210559_e7f2f245,2026-04-25T23:16:53,AAMkADkwZmQ0YTA5LWE0M2MtNDk3Ni1hMzUzLTE0OTQxZDcwZWExMgBGAAAAAADJoyAzIWZBQakanooks8Z-BwBz4_gG-XGLQKeK0wIDJ6A7AAV36zxOAABz4_gG-XGLQKeK0wIDJ6A7AAWg5KEZAAA=,Aprobado- Factura  -  257-76629 - Radicado 191391 - AGENCIA DE VIAJES Y TURISMO AVIATUR S.A.S - 01-2025-327 TOYO T2 S1 - NA,ad08600000180442600231959.pdf,ad0c9c39dfa394b6255e17abe5cf597c30e805e949a221672978a40a4aa5f55a9cff8d2f2106783de3bc1bf96521f052,25776629,2026-03-30,z08600000180442600231959.zip,ok,OK_REGISTRADA,7,,46.173,7,7,AIDX|SUBJECT,
20260425_210559_e7f2f245,2026-04-25T23:17:30,AAMkADkwZmQ0YTA5LWE0M2MtNDk3Ni1hMzUzLTE0OTQxZDcwZWExMgBGAAAAAADJoyAzIWZBQakanooks8Z-BwBz4_gG-XGLQKeK0wIDJ6A7AAV36zxOAABz4_gG-XGLQKeK0wIDJ6A7AAWg5KEYAAA=,Aprobado- Factura  -  A515150377 - Radicado 191390 - SERVIENTREGA SA - Cucutilla - Cornejo - NA,Representacion grafica.pdf,c9d008258986da2a9e25a5285dafa069f27bd17f1e5162cd475d395188aff7eeb5038cd0d7b8867c7c3067ad89186fa6,A515150377,2026-03-30,Factura-A515150377.zip,ok,OK_REGISTRADA,7,,36.75,7,7,AIDX|SUBJECT,
20260425_210559_e7f2f245,2026-04-25T23:18:09,AAMkADkwZmQ0YTA5LWE0M2MtNDk3Ni1hMzUzLTE0OTQxZDcwZWExMgBGAAAAAADJoyAzIWZBQakanooks8Z-BwBz4_gG-XGLQKeK0wIDJ6A7AAV36zxOAABz4_gG-XGLQKeK0wIDJ6A7AAWg5KEXAAA=,Aprobado- Factura  -  FE 2016 - Radicado 191372 - SERVICIOS LOGISTICOS DE INGENIERIA SAS - 03-2025-192 Mocoa K13.6-K23.0 - NA,fv0900723023008260000005c.pdf,6416160efd2122d5735ab18cce9d02a4584c0b23622fc3d7535641fb31d70391709c696785450315d61dd33abd357e14,FE2016,2026-03-27,z0900723023008260000005c.zip,ok,OK_REGISTRADA,7,,38.811,7,7,AIDX|SUBJECT,
20260425_210559_e7f2f245,2026-04-25T23:18:48,AAMkADkwZmQ0YTA5LWE0M2MtNDk3Ni1hMzUzLTE0OTQxZDcwZWExMgBGAAAAAADJoyAzIWZBQakanooks8Z-BwBz4_gG-XGLQKeK0wIDJ6A7AAV36zxOAABz4_gG-XGLQKeK0wIDJ6A7AAWg5KEWAAA=,Aprobado- Factura  -  FE 2014 - Radicado 191370 - SERVICIOS LOGISTICOS DE INGENIERIA SAS - Salitre Mágico - NA,fv0900723023008260000005a.pdf,4a79c2f4452a885e9875064fd30e46618c75d9a92ae6145927e7e191e446ac90f4cea178a81681a0c614dbeb2f534ddc,FE2014,2026-03-27,z0900723023008260000005a.zip,ok,OK_REGISTRADA,7,,39.235,7,7,AIDX|SUBJECT,
20260425_210559_e7f2f245,2026-04-25T23:19:25,AAMkADkwZmQ0YTA5LWE0M2MtNDk3Ni1hMzUzLTE0OTQxZDcwZWExMgBGAAAAAADJoyAzIWZBQakanooks8Z-BwBz4_gG-XGLQKeK0wIDJ6A7AAV36zxOAABz4_gG-XGLQKeK0wIDJ6A7AAWg5KEVAAA=,Aprobado- Factura  -  FVER 9348 - Radicado 191350 - IMPORTADORA MEGACOPIERS LTDA - Transv. Libertador - NA,FV09005439270112400009348.pdf,40c883325ea3e499e8da6f550c84d725bc1e05ccd46615c11e895da2fc1c87edc9e7ffd23daae2992fcd52aba3efe2b2,FVER9348,2026-03-27,z09005439270112400009348.zip,ok,OK_REGISTRADA,7,,36.538,7,7,AIDX|SUBJECT,
20260425_210559_e7f2f245,2026-04-25T23:20:04,AAMkADkwZmQ0YTA5LWE0M2MtNDk3Ni1hMzUzLTE0OTQxZDcwZWExMgBGAAAAAADJoyAzIWZBQakanooks8Z-BwBz4_gG-XGLQKeK0wIDJ6A7AAV36zxOAABz4_gG-XGLQKeK0wIDJ6A7AAWg5KEUAAA=,Aprobado- Factura  -  COL1107 - Radicado 190789 - SITECH DE COLOMBIA SAS - Dirección administrativa y financiera -Tics - NA,COL1107.pdf,57ddf141c1b1d6eb8edf63076e81e9cfae93fd308aed7c80c5fc2e2ba6cfdc1464e17561c72f5ef51a2eb84ee88d0a1c,COL1107,2026-03-03,ad09003521850002600000213.zip,ok,OK_REGISTRADA,7,,39.405,7,7,AIDX|SUBJECT,
20260425_210559_e7f2f245,2026-04-25T23:20:45,AAMkADkwZmQ0YTA5LWE0M2MtNDk3Ni1hMzUzLTE0OTQxZDcwZWExMgBGAAAAAADJoyAzIWZBQakanooks8Z-BwBz4_gG-XGLQKeK0wIDJ6A7AAV36zxOAABz4_gG-XGLQKeK0wIDJ6A7AAWg5KETAAA=,Aprobado- Factura  -  I6C6128582 - Radicado 191358 - D1 SAS - Cucutilla - Cornejo - NA,fv090027696202126I6C6128582.pdf,d3b8fcec8c4a5207e7cf94d9bd297c2e59f9dc67a6c7f2dfb139c3abf62bfb8198d159345a2ecee0cbcadeb2c766db24,I6C6134911,2026-03-27,090027696202126I6C6134911.zip,ok,OK_REGISTRADA,7,,40.364,7,7,PDF_TOKEN:090027696202126I|SUBJECT,
20260425_210559_e7f2f245,2026-04-25T23:21:24,AAMkADkwZmQ0YTA5LWE0M2MtNDk3Ni1hMzUzLTE0OTQxZDcwZWExMgBGAAAAAADJoyAzIWZBQakanooks8Z-BwBz4_gG-XGLQKeK0wIDJ6A7AAV36zxOAABz4_gG-XGLQKeK0wIDJ6A7AAWg5KESAAA=,Aprobado- Factura  -  FE1-4730 - Radicado 191355 - PAPELERIA DASHIKA - Cucutilla - Cornejo - NA,ad00055351890572600000fc6.pdf,731cb1b9b272e34a4aa1641ae0f5e973f1797348691c01aab276cca5fe78a62078e2f18b99ad233169782233877874bf,FE1-4730,2026-03-28,ad00055351890572600000fc6.zip,ok,OK_REGISTRADA,7,,39.433,7,7,AIDX|SUBJECT,
20260425_210559_e7f2f245,2026-04-25T23:22:00,AAMkADkwZmQ0YTA5LWE0M2MtNDk3Ni1hMzUzLTE0OTQxZDcwZWExMgBGAAAAAADJoyAzIWZBQakanooks8Z-BwBz4_gG-XGLQKeK0wIDJ6A7AAV36zxOAABz4_gG-XGLQKeK0wIDJ6A7AAWg5KERAAA=,Aprobado- Factura  -  ML11488 - Radicado 190795 - MCAD TRAINING & CONSULTING SAS - Dirección administrativa y financiera -Tics - NA,ad09015102630442600000642.pdf,bba223d389cb950f5d4d1c223dcccb39d946be1ac260ddb16beb9347a28f2b2caaef65d65a00db8f2a7734b5dde54ab0,ML11488,2023-12-14,z09015102630442600000642.zip,ok,OK_REGISTRADA,7,,36.247,7,7,AIDX|SUBJECT,
20260425_210559_e7f2f245,2026-04-25T23:22:40,AAMkADkwZmQ0YTA5LWE0M2MtNDk3Ni1hMzUzLTE0OTQxZDcwZWExMgBGAAAAAADJoyAzIWZBQakanooks8Z-BwBz4_gG-XGLQKeK0wIDJ6A7AAV36zxOAABz4_gG-XGLQKeK0wIDJ6A7AAWg5KEQAAA=,Aprobado- Factura  -  FE 1977 - Radicado 190809 - SERVICIOS LOGISTICOS DE INGENIERIA SAS - Boyacá Red Terciaria - NA,fv09007230230082600000034.pdf,14433ed5c7b26ffbb37e02c75bee5ee448ad38c051cc3e4a30f3f081af030b2b19cb52a1b5d35f24a7ef0ade9786f8be,FE1977,2026-02-26,z09007230230082600000034.zip,ok,OK_REGISTRADA,7,,39.421,7,7,AIDX|SUBJECT,
20260425_210559_e7f2f245,2026-04-25T23:23:20,AAMkADkwZmQ0YTA5LWE0M2MtNDk3Ni1hMzUzLTE0OTQxZDcwZWExMgBGAAAAAADJoyAzIWZBQakanooks8Z-BwBz4_gG-XGLQKeK0wIDJ6A7AAV36zxOAABz4_gG-XGLQKeK0wIDJ6A7AAWg5KEPAAA=,Aprobado- Factura  -  COL1160 - Radicado 190934 - SITECH DE COLOMBIA SAS - Dirección administrativa y financiera -Tics - NA,COL1160.pdf,6ab768a3c9c78a80d676d01962eebca3cc99588dc652465ab3151f25f294883538a60cfce58d90c7b56b75019b063f23,COL1160,2026-03-06,ad0900352185000260000024c.zip,ok,OK_REGISTRADA,7,,40.39,7,7,AIDX|SUBJECT,
20260425_210559_e7f2f245,2026-04-25T23:24:42,AAMkADkwZmQ0YTA5LWE0M2MtNDk3Ni1hMzUzLTE0OTQxZDcwZWExMgBGAAAAAADJoyAzIWZBQakanooks8Z-BwBz4_gG-XGLQKeK0wIDJ6A7AAV36zxOAABz4_gG-XGLQKeK0wIDJ6A7AAWg5KEOAAA=,Aprobado- Factura  -  COL-825 - Radicado 190958 - SITECH DE COLOMBIA SAS - Dirección administrativa y financiera -Tics - DIAN,COL825.pdf,2ce203342e4fcddb006a30b3ef8d641fb92a8e662de1a5c529cb765c0b6a86c5615fe89ffc0cd6d26b83209283ee0d10,COL-825,2026-02-11,(PDF_APROBADAS_FALLBACK),ok_pdf_aprobadas_fallback,OK_REGISTRADA_FALLBACK_PDF,7,,82.197,7,7,PDF_APROBADAS|SUBJECT,
20260425_210559_e7f2f245,2026-04-25T23:25:13,AAMkADkwZmQ0YTA5LWE0M2MtNDk3Ni1hMzUzLTE0OTQxZDcwZWExMgBGAAAAAADJoyAzIWZBQakanooks8Z-BwBz4_gG-XGLQKeK0wIDJ6A7AAV36zxOAABz4_gG-XGLQKeK0wIDJ6A7AAWg5KENAAA=,Aprobado- Factura de servicio público  -  1089227903 - Radicado 191338 - CENTRALES ELECTRICAS DEL NORTE DE SANTANDER S.A. EMPRESA DE SERVICIOS PUBLICOS - Cucutilla - Cornejo - ,Sin título (4).pdf,eeac2717857a506152dbcd3070274ca8628320cbeca173cecaacc1498231ddaeccda619511ecce216295afaacada8628,AL115,2026-03-18,(PDF_APROBADAS_FALLBACK),ok_pdf_aprobadas_fallback,OK_REGISTRADA_FALLBACK_PDF,7,,30.807,7,7,PDF_APROBADAS|SUBJECT,
20260425_210559_e7f2f245,2026-04-25T23:25:43,AAMkADkwZmQ0YTA5LWE0M2MtNDk3Ni1hMzUzLTE0OTQxZDcwZWExMgBGAAAAAADJoyAzIWZBQakanooks8Z-BwBz4_gG-XGLQKeK0wIDJ6A7AAV36zxOAABz4_gG-XGLQKeK0wIDJ6A7AAWg5KEMAAA=,Aprobado- Factura  -  5499019888 - Radicado 191164 - GOOGLE LLC - Dirección administrativa y financiera -Tics - NA,5499019888_jooyco.com.co.pdf,ec1600aeaeaeca94043edaeefedeadedefcacfca770493581facaedefaca5499019888facaacadcabcaedacae266976e,5499019888,,(PDF_APROBADAS_FALLBACK),ok_pdf_aprobadas_fallback,OK_REGISTRADA_FALLBACK_PDF,7,,30.197,7,7,PDF_APROBADAS|SUBJECT,
20260425_210559_e7f2f245,2026-04-25T23:26:14,AAMkADkwZmQ0YTA5LWE0M2MtNDk3Ni1hMzUzLTE0OTQxZDcwZWExMgBGAAAAAADJoyAzIWZBQakanooks8Z-BwBz4_gG-XGLQKeK0wIDJ6A7AAV36zxOAABz4_gG-XGLQKeK0wIDJ6A7AAWg5KELAAA=,Aprobado- Factura  -  5500819102 - Radicado 191165 - GOOGLE LLC - Dirección administrativa y financiera -Tics - NA,5500819102_Joyco.co.pdf,ec1600aeaeaeca94043edaeefedeadedefcacfca770493581facaedefaca5500819102facaacabcadacae266976eafca,5500819102,,(PDF_APROBADAS_FALLBACK),ok_pdf_aprobadas_fallback,OK_REGISTRADA_FALLBACK_PDF,7,,30.63,7,7,PDF_APROBADAS|SUBJECT,
20260425_210559_e7f2f245,2026-04-25T23:26:53,AAMkADkwZmQ0YTA5LWE0M2MtNDk3Ni1hMzUzLTE0OTQxZDcwZWExMgBGAAAAAADJoyAzIWZBQakanooks8Z-BwBz4_gG-XGLQKeK0wIDJ6A7AAV36zxOAABz4_gG-XGLQKeK0wIDJ6A7AAWg5KEKAAA=,Aprobado- Factura  -  FE21599 - Radicado 191171 - NIMBUTECH SAS - Dirección administrativa y financiera -Tics - NA,fv09006729530002600007289.pdf,fc3048b5c235ce5f65e59b74d455290d84b6ec9aa5cf9176eab983648348b6bfecf8c2f007f71757f852d556c83ab825,FE21599,2025-05-02,fv09006729530002600007289.zip,ok,OK_REGISTRADA,7,,39.016,7,7,AIDX|SUBJECT,
20260425_210559_e7f2f245,2026-04-25T23:27:29,AAMkADkwZmQ0YTA5LWE0M2MtNDk3Ni1hMzUzLTE0OTQxZDcwZWExMgBGAAAAAADJoyAzIWZBQakanooks8Z-BwBz4_gG-XGLQKeK0wIDJ6A7AAV36zxOAABz4_gG-XGLQKeK0wIDJ6A7AAWg5KEJAAA=,Aprobado- Factura  -  DWH1 159239 - Radicado 191313 - HOSTDIME PREMIER GLOBAL DATA CENTERS - Dirección administrativa y financiera -Tics - NA,FV09000403460112400159239.pdf,175713343fc4c817128c6807275d98c7298c201006eb3421054ccee2cc947d6ab6ca7801bf6c75c6c9240803391cb0ab,DWH1159239,2024-03-26,z09000403460112400159239.zip,ok,OK_REGISTRADA,7,,36.338,7,7,AIDX|SUBJECT,
20260425_210559_e7f2f245,2026-04-25T23:28:07,AAMkADkwZmQ0YTA5LWE0M2MtNDk3Ni1hMzUzLTE0OTQxZDcwZWExMgBGAAAAAADJoyAzIWZBQakanooks8Z-BwBz4_gG-XGLQKeK0wIDJ6A7AAV36zxOAABz4_gG-XGLQKeK0wIDJ6A7AAWg5KEIAAA=,Aprobado- Factura  -  FVER 9347 - Radicado 191348 - IMPORTADORA MEGACOPIERS LTDA - Dirección administrativa y financiera -Tics - NA,FV09005439270112400009347.pdf,585bf2b87a81a5e00f0d5146fee869e0b6195c9f67767388bb24f9d1a62a5d440d1444fc349c092f0158cbd289322c30,FVER9347,2026-03-27,z09005439270112400009347.zip,ok,OK_REGISTRADA,7,,37.473,7,7,AIDX|SUBJECT,
20260425_210559_e7f2f245,2026-04-25T23:28:45,AAMkADkwZmQ0YTA5LWE0M2MtNDk3Ni1hMzUzLTE0OTQxZDcwZWExMgBGAAAAAADJoyAzIWZBQakanooks8Z-BwBz4_gG-XGLQKeK0wIDJ6A7AAV36zxOAABz4_gG-XGLQKeK0wIDJ6A7AAWg5KEHAAA=,Aprobado- Factura  -  FVER 9346 - Radicado 191346 - IMPORTADORA MEGACOPIERS LTDA - TM Av. 68 - NA,FV09005439270112400009346.pdf,246cdfe9443b9de0a1d1232332ed4cc160f613968ef360b7ec853dd1b6817381b6d331dfb03cec77053166ec022bb178,FVER9346,2026-03-27,z09005439270112400009346.zip,ok,OK_REGISTRADA,7,,38.623,7,7,AIDX|SUBJECT,
20260425_210559_e7f2f245,2026-04-25T23:29:16,AAMkADkwZmQ0YTA5LWE0M2MtNDk3Ni1hMzUzLTE0OTQxZDcwZWExMgBGAAAAAADJoyAzIWZBQakanooks8Z-BwBz4_gG-XGLQKeK0wIDJ6A7AAV36zxOAABz4_gG-XGLQKeK0wIDJ6A7AAWe_GCCAAA=,Aprobado- Factura  -  AN-13294 - Radicado 191336 - CONTINENTE SAS - Dirección administrativa y financiera -Compras - NA,JOYCO S.A.S. BIC.pdf,cbaedeadeaeabdeeaea13294feca27032026ceecabccee860067561ceeecccacccfadeaaededecadadecadece450000b,AN-13294,2026-03-27,(PDF_APROBADAS_FALLBACK),ok_pdf_aprobadas_fallback,OK_REGISTRADA_FALLBACK_PDF,7,,30.823,7,7,PDF_APROBADAS|SUBJECT,
20260425_210559_e7f2f245,2026-04-25T23:29:46,AAMkADkwZmQ0YTA5LWE0M2MtNDk3Ni1hMzUzLTE0OTQxZDcwZWExMgBGAAAAAADJoyAzIWZBQakanooks8Z-BwBz4_gG-XGLQKeK0wIDJ6A7AAV36zxOAABz4_gG-XGLQKeK0wIDJ6A7AAWe_GCBAAA=,Aprobado- Factura  -  257-76462 - Radicado 191337 - AGENCIA DE VIAJES Y TURISMO AVIATUR S.A.S - 328 SC_FDT_DAMASO - NA,10_25776462.pdf,ac7f1029ce8182c5f5748a1f6f668afe8a785f68b80fe764d5c99b0cef1ff2c2676774c5d02e384dc476c6342753d85b,ELEMENTO3124477972,2026-03-10,(PDF_APROBADAS_FALLBACK),ok_pdf_aprobadas_fallback,OK_REGISTRADA_FALLBACK_PDF,7,,29.803,7,7,PDF_APROBADAS|SUBJECT,
20260425_210559_e7f2f245,2026-04-25T23:30:39,AAMkADkwZmQ0YTA5LWE0M2MtNDk3Ni1hMzUzLTE0OTQxZDcwZWExMgBGAAAAAADJoyAzIWZBQakanooks8Z-BwBz4_gG-XGLQKeK0wIDJ6A7AAV36zxOAABz4_gG-XGLQKeK0wIDJ6A7AAWe_GCAAAA=,Aprobado- Factura  -  1049 - Radicado 191120 - ESTUDIOS Y DISEÑOS INGENIERIA SAS - Dirección administrativa y financiera - Contabilidad - NA,11668535984cf368cedee65f1c35076f7aec2d489cfc1edc915a4734cf25531154de981c4561c02fb06fbbc3e6820437.pdf,11668535984cf368cedee65f1c35076f7aec2d489cfc1edc915a4734cf25531154de981c4561c02fb06fbbc3e6820437,1049,2026-03-12,Attachment-1049.zip,ok,OK_REGISTRADA,7,,53.115,7,7,AIDX|SUBJECT,
20260425_210559_e7f2f245,2026-04-25T23:31:15,AAMkADkwZmQ0YTA5LWE0M2MtNDk3Ni1hMzUzLTE0OTQxZDcwZWExMgBGAAAAAADJoyAzIWZBQakanooks8Z-BwBz4_gG-XGLQKeK0wIDJ6A7AAV36zxOAABz4_gG-XGLQKeK0wIDJ6A7AAWe_GB-AAA=,Aprobado- Factura  -  257-76611 - Radicado 191327 - AGENCIA DE VIAJES Y TURISMO AVIATUR S.A.S - 01-2025-327 TOYO T2 S1 - NA,ad08600000180442600224405.pdf,3d267428f0cd49331a19ae340b79107012ec84c8c30a8171e902df11e802f9a0783bbda3cbea1182fb605f94397966e8,25776611,2026-03-26,z08600000180442600224405.zip,ok,OK_REGISTRADA,7,,36.462,7,7,AIDX|SUBJECT,
20260425_210559_e7f2f245,2026-04-25T23:31:53,AAMkADkwZmQ0YTA5LWE0M2MtNDk3Ni1hMzUzLTE0OTQxZDcwZWExMgBGAAAAAADJoyAzIWZBQakanooks8Z-BwBz4_gG-XGLQKeK0wIDJ6A7AAV36zxOAABz4_gG-XGLQKeK0wIDJ6A7AAWe_GB_AAA=,Aprobado- Factura  -  257-76613 - Radicado 191326 - AGENCIA DE VIAJES Y TURISMO AVIATUR S.A.S - 01-2025-327 TOYO T2 S1 - NA,ad08600000180442600224411.pdf,9e527bf2fef3f0616b62a782029a4ead6b3728bafe5d23db9d98e5dea400299aea7315250a8bf68f8f2555893c2b4c37,25776613,2026-03-26,z08600000180442600224411.zip,ok,OK_REGISTRADA,7,,38.004,7,7,AIDX|SUBJECT,
20260425_210559_e7f2f245,2026-04-25T23:32:35,AAMkADkwZmQ0YTA5LWE0M2MtNDk3Ni1hMzUzLTE0OTQxZDcwZWExMgBGAAAAAADJoyAzIWZBQakanooks8Z-BwBz4_gG-XGLQKeK0wIDJ6A7AAV36zxOAABz4_gG-XGLQKeK0wIDJ6A7AAWe_GB9AAA=,Aprobado- Factura  -  BG 671218 - Radicado 191344 - RECORDAR PREVISION EXEQUIAL TOTAL SAS - Joyco Consultores S.A.S. - NA,ad08001921050072600671218.pdf,dd0ce880fdf676ed28ffb2d8ba8dc7650a4ebd8a15a25e847d313f34493eb0a53db1e7f632dc8b6e63b1d59a41658bb2,BG671218,2026-03-27,z08001921050072600671218.zip,ok,OK_REGISTRADA,7,,41.371,7,7,AIDX|SUBJECT,
20260425_210559_e7f2f245,2026-04-25T23:33:15,AAMkADkwZmQ0YTA5LWE0M2MtNDk3Ni1hMzUzLTE0OTQxZDcwZWExMgBGAAAAAADJoyAzIWZBQakanooks8Z-BwBz4_gG-XGLQKeK0wIDJ6A7AAV36zxOAABz4_gG-XGLQKeK0wIDJ6A7AAWe_GB8AAA=,Aprobado- Factura  -  BG 671217 - Radicado 191343 - RECORDAR PREVISION EXEQUIAL TOTAL SAS - Red Férrea Atlántico - NA,ad08001921050072600671217.pdf,20978782c7133e971da1be217f19238c7975558b0c5a8bd768741c1f805c65ab7d471868b04807ba765fbe62cca74bc5,BG671217,2026-03-27,z08001921050072600671217.zip,ok,OK_REGISTRADA,7,,40.052,7,7,AIDX|SUBJECT,
20260425_210559_e7f2f245,2026-04-25T23:33:56,AAMkADkwZmQ0YTA5LWE0M2MtNDk3Ni1hMzUzLTE0OTQxZDcwZWExMgBGAAAAAADJoyAzIWZBQakanooks8Z-BwBz4_gG-XGLQKeK0wIDJ6A7AAV36zxOAABz4_gG-XGLQKeK0wIDJ6A7AAWe_GB7AAA=,Aprobado- Factura  -  BG 671216 - Radicado 191342 - RECORDAR PREVISION EXEQUIAL TOTAL SAS - Cucutilla - Cornejo - NA,ad08001921050072600671216.pdf,39ebb0849b39115c9f885dc400ad07e45eb8858c0a8765ce554b81c4d2544a3bf2764c61af01eacea4c08826806f0bd4,BG671216,2026-03-27,z08001921050072600671216.zip,ok,OK_REGISTRADA,7,,41.564,7,7,AIDX|SUBJECT,
20260425_210559_e7f2f245,2026-04-25T23:34:37,AAMkADkwZmQ0YTA5LWE0M2MtNDk3Ni1hMzUzLTE0OTQxZDcwZWExMgBGAAAAAADJoyAzIWZBQakanooks8Z-BwBz4_gG-XGLQKeK0wIDJ6A7AAV36zxOAABz4_gG-XGLQKeK0wIDJ6A7AAWe_GB6AAA=,Aprobado- Factura  -  BG 671215 - Radicado 191341 - RECORDAR PREVISION EXEQUIAL TOTAL SAS - Dirección administrativa y financiera -Talento Humano - NA,ad08001921050072600671215.pdf,3d7747b32e2c7c14390077a13c051baca5c8d012ec30284212300824f5509310ebc9e2b6880384927396f59d6783423f,BG671215,2026-03-27,z08001921050072600671215.zip,ok,OK_REGISTRADA,7,,40.728,7,7,AIDX|SUBJECT,
20260425_210559_e7f2f245,2026-04-25T23:35:17,AAMkADkwZmQ0YTA5LWE0M2MtNDk3Ni1hMzUzLTE0OTQxZDcwZWExMgBGAAAAAADJoyAzIWZBQakanooks8Z-BwBz4_gG-XGLQKeK0wIDJ6A7AAV36zxOAABz4_gG-XGLQKeK0wIDJ6A7AAWe_GB5AAA=,Aprobado- Factura  -  BG 671214 - Radicado 191339 - RECORDAR PREVISION EXEQUIAL TOTAL SAS - TM Av. 68 - NA,ad08001921050072600671214.pdf,8115dbcdd87442bddfd931751a51e76c1cd2059fc545f69fade8b43de4a7c36c93f8c08b081cc4d3b5c7b3a0805fc646,BG671214,2026-03-27,z08001921050072600671214.zip,ok,OK_REGISTRADA,7,,40.009,7,7,AIDX|SUBJECT,
20260425_210559_e7f2f245,2026-04-25T23:35:59,AAMkADkwZmQ0YTA5LWE0M2MtNDk3Ni1hMzUzLTE0OTQxZDcwZWExMgBGAAAAAADJoyAzIWZBQakanooks8Z-BwBz4_gG-XGLQKeK0wIDJ6A7AAV36zxOAABz4_gG-XGLQKeK0wIDJ6A7AAWe_GB4AAA=,Aprobado- Factura  -  FE1-4728 - Radicado 191340 - PAPELERIA DASHIKA - Cucutilla - Cornejo - NA,191339.pdf,237c6924446894c829772aeda970dc146344d92493a8d7f5deff3b0344c103e78dd4fd9cf3e5bb55ff9e0cea5e72f51d,FE1-4728,2026-03-27,ad00055351890572600000f8e.zip,ok,OK_REGISTRADA,7,,42.041,7,7,AIDX|SUBJECT,
20260425_210559_e7f2f245,2026-04-25T23:36:39,AAMkADkwZmQ0YTA5LWE0M2MtNDk3Ni1hMzUzLTE0OTQxZDcwZWExMgBGAAAAAADJoyAzIWZBQakanooks8Z-BwBz4_gG-XGLQKeK0wIDJ6A7AAV36zxOAABz4_gG-XGLQKeK0wIDJ6A7AAWe_GB3AAA=,Aprobado- Factura  -  FELG 536554 - Radicado 191335 - LEGON TELECOMUNICACIONES S.A.S. - Cartagena - Palestina - NA,FELG 536554.pdf,30694c935230ae69a94fd2b9f12738e680aa68d544b034824acaadb0f14704bc93614053bee0967740508b777cf88981,FELG536554,2026-04-16,z080017956200826000103bc.zip,ok,OK_REGISTRADA,7,,39.455,7,7,AIDX|SUBJECT,
20260425_210559_e7f2f245,2026-04-25T23:37:18,AAMkADkwZmQ0YTA5LWE0M2MtNDk3Ni1hMzUzLTE0OTQxZDcwZWExMgBGAAAAAADJoyAzIWZBQakanooks8Z-BwBz4_gG-XGLQKeK0wIDJ6A7AAV36zxOAABz4_gG-XGLQKeK0wIDJ6A7AAWe_GB2AAA=,Aprobado- Factura  -  FE-61781 - Radicado 191334 - BUK COL S.A.S - Transv. Libertador - NA,FE-61781.pdf,aab74bd239407ea548838f1d313595569824bc4dc3d6c04e92652479e3241ad41dc3eaf2cb197d455572fb41983840ef,FE-61781,2026-03-07,Document_4745303.zip,ok,OK_REGISTRADA,7,,38.973,7,7,AIDX|SUBJECT,
20260425_210559_e7f2f245,2026-04-25T23:37:52,AAMkADkwZmQ0YTA5LWE0M2MtNDk3Ni1hMzUzLTE0OTQxZDcwZWExMgBGAAAAAADJoyAzIWZBQakanooks8Z-BwBz4_gG-XGLQKeK0wIDJ6A7AAV36zxOAABz4_gG-XGLQKeK0wIDJ6A7AAWe_GB1AAA=,Aprobado- Factura  -  FE 2774 - Radicado 191275 - IPSEL SAS - Dirección administrativa y financiera -Tics - NA,FE-2774 CONSORCIO CONSULTECNICOS- Impresion..pdf,5f7396c6fffb05d752d154c7880b3d7fbc045b64ac0435a126ef8a4cf0b656dbb0d10ffe7d65a33499a14bb7112a2fc0,FE2774,2026-04-20,(PDF_APROBADAS_FALLBACK),ok_pdf_aprobadas_fallback,OK_REGISTRADA_FALLBACK_PDF,7,,34.147,7,7,PDF_APROBADAS|SUBJECT,
20260425_210559_e7f2f245,2026-04-25T23:38:44,AAMkADkwZmQ0YTA5LWE0M2MtNDk3Ni1hMzUzLTE0OTQxZDcwZWExMgBGAAAAAADJoyAzIWZBQakanooks8Z-BwBz4_gG-XGLQKeK0wIDJ6A7AAV36zxOAABz4_gG-XGLQKeK0wIDJ6A7AAWe_GB0AAA=,Aprobado- Factura  -  FE 2773 - Radicado 191274 - IPSEL SAS - Cartago - Calarcá - NA,FE-2773 CONSORCIO INTERVIAL ANDINO - Impresion..pdf,89a075aceda7145e63b51fa42d87a680c75b7dd309ca671344d26bdc72a57035dc22b918b5d0750d19f02d3d2ab36325,FE2773,2026-04-20,(PDF_APROBADAS_FALLBACK),ok_pdf_aprobadas_fallback,OK_REGISTRADA_FALLBACK_PDF,7,,52.558,7,7,PDF_APROBADAS|SUBJECT,
20260425_210559_e7f2f245,2026-04-25T23:39:27,AAMkADkwZmQ0YTA5LWE0M2MtNDk3Ni1hMzUzLTE0OTQxZDcwZWExMgBGAAAAAADJoyAzIWZBQakanooks8Z-BwBz4_gG-XGLQKeK0wIDJ6A7AAV36zxOAABz4_gG-XGLQKeK0wIDJ6A7AAWe_GBzAAA=,Aprobado- Factura  -  FE 2772 - Radicado 191272 - IPSEL SAS - Cartagena - Palestina - NA,fv09004003280082600000109.pdf,fa91f2b645e6a2b9cac918816a95d7d9c4eaef42d6a7a1463706b47dfe6d1b46784468e26634684acf8727f2ac156166,FE2772,2026-04-20,z09004003280082600000109.zip,ok,OK_REGISTRADA,7,,42.294,7,7,AIDX|SUBJECT,
20260425_210559_e7f2f245,2026-04-25T23:40:12,AAMkADkwZmQ0YTA5LWE0M2MtNDk3Ni1hMzUzLTE0OTQxZDcwZWExMgBGAAAAAADJoyAzIWZBQakanooks8Z-BwBz4_gG-XGLQKeK0wIDJ6A7AAV36zxOAABz4_gG-XGLQKeK0wIDJ6A7AAWe_GByAAA=,Aprobado- Factura  -  FE-60787 - Radicado 190869 - BUK COL S.A.S - Dirección administrativa y financiera -Talento Humano - NA,FA FE-60787 - PDF-4727527.pdf,d9822868b21e0a64b6d3705b733977ed147a0d031379bbe61a0c990db44d43ed3e6e3f56d0e6ab60e6c7997d646736f9,FE-60787,2026-03-04,Document_4727527.zip,ok,OK_REGISTRADA,7,,45.697,7,7,AIDX|SUBJECT,
20260425_210559_e7f2f245,2026-04-25T23:40:56,AAMkADkwZmQ0YTA5LWE0M2MtNDk3Ni1hMzUzLTE0OTQxZDcwZWExMgBGAAAAAADJoyAzIWZBQakanooks8Z-BwBz4_gG-XGLQKeK0wIDJ6A7AAV36zxOAABz4_gG-XGLQKeK0wIDJ6A7AAWe_GBxAAA=,Aprobado- Factura  -  FE-60788 - Radicado 190870 - BUK COL S.A.S - Red Férrea Atlántico - NA,FA FE-60788 - PDF-4727529.pdf,e7c9289b135b8701455d02e7a16e516f5f5b63469ca8f8900cd8e81733ca830be31df00b0f535c2ac81d123437a769e1,FE-60788,2026-03-04,Document_4727529.zip,ok,OK_REGISTRADA,7,,43.241,7,7,AIDX|SUBJECT,
20260425_210559_e7f2f245,2026-04-25T23:41:43,AAMkADkwZmQ0YTA5LWE0M2MtNDk3Ni1hMzUzLTE0OTQxZDcwZWExMgBGAAAAAADJoyAzIWZBQakanooks8Z-BwBz4_gG-XGLQKeK0wIDJ6A7AAV36zxOAABz4_gG-XGLQKeK0wIDJ6A7AAWe_GBwAAA=,Aprobado- Factura  -  FE-60789 - Radicado 190871 - BUK COL S.A.S - Pto. Gaitán – Pte. Arimena - NA,FA FE-60789 - PDF-4727531.pdf,582c0567d170c3fa0467b8aae8f5f326154b16faa1de12da8398a5d28b01b69ed3f165a9424e0357befac193e12be9ed,FE-60789,2026-03-04,Document_4727531.zip,ok,OK_REGISTRADA,7,,47.53,7,7,AIDX|SUBJECT,
20260425_210559_e7f2f245,2026-04-25T23:42:31,AAMkADkwZmQ0YTA5LWE0M2MtNDk3Ni1hMzUzLTE0OTQxZDcwZWExMgBGAAAAAADJoyAzIWZBQakanooks8Z-BwBz4_gG-XGLQKeK0wIDJ6A7AAV36zxOAABz4_gG-XGLQKeK0wIDJ6A7AAWe_GBvAAA=,Aprobado- Factura  -  FE-60790 - Radicado 190872 - BUK COL S.A.S - Cartago - Calarcá - NA,190872.pdf,b3ed13505212322e842e16e80bbf4a0e3199926f48748d5252c425ff84cc6585a85b0bec8f1908ec3b979a9ab93abb24,FE-60790,2026-03-04,Document_4727533.zip,ok,OK_REGISTRADA,7,,47.483,7,7,AIDX|SUBJECT,
20260425_210559_e7f2f245,2026-04-25T23:43:14,AAMkADkwZmQ0YTA5LWE0M2MtNDk3Ni1hMzUzLTE0OTQxZDcwZWExMgBGAAAAAADJoyAzIWZBQakanooks8Z-BwBz4_gG-XGLQKeK0wIDJ6A7AAV36zxOAABz4_gG-XGLQKeK0wIDJ6A7AAWe_GBuAAA=,Aprobado- Factura  -  FE-60791 - Radicado 190873 - BUK COL S.A.S - TM Av. 68 - NA,FA FE-60791 - PDF-4727535.pdf,ce2d63dc6b7f3bf3d46dbde8c810011ad1288ee0513518664d5ed701a1848b06d07ca6ad125d144b66f5ccd53d752342,FE-60791,2026-03-04,Document_4727535.zip,ok,OK_REGISTRADA,7,,43.682,7,7,AIDX|SUBJECT,
20260425_210559_e7f2f245,2026-04-25T23:43:54,AAMkADkwZmQ0YTA5LWE0M2MtNDk3Ni1hMzUzLTE0OTQxZDcwZWExMgBGAAAAAADJoyAzIWZBQakanooks8Z-BwBz4_gG-XGLQKeK0wIDJ6A7AAV36zxOAABz4_gG-XGLQKeK0wIDJ6A7AAWe_GBtAAA=,Aprobado- Factura  -  FE-60793 - Radicado 190874 - BUK COL S.A.S - Cucutilla - Cornejo - NA,FA FE-60793 - PDF-4727539.pdf,1144c8bac8f69e91829dbf90e9352ade7e19941e1d908251cfaafee9ea3ec0eba041bbc5fa366a01f4e2fdf4deede33d,FE-60793,2026-03-04,Document_4727539.zip,ok,OK_REGISTRADA,7,,40.181,7,7,AIDX|SUBJECT,
20260425_210559_e7f2f245,2026-04-25T23:44:40,AAMkADkwZmQ0YTA5LWE0M2MtNDk3Ni1hMzUzLTE0OTQxZDcwZWExMgBGAAAAAADJoyAzIWZBQakanooks8Z-BwBz4_gG-XGLQKeK0wIDJ6A7AAV36zxOAABz4_gG-XGLQKeK0wIDJ6A7AAWe_GBsAAA=,Aprobado- Factura  -  FE-60792 - Radicado 190875 - BUK COL S.A.S - Transv. Libertador - NA,FA FE-60792 - PDF-4727537.pdf,bfef1812b6b89a693e0bf84160c08425051134cdcace273528403237ffb314fd70a50b3732a38fa77e98c3c5c954c2d1,FE-60792,2026-03-04,Document_4727537.zip,ok,OK_REGISTRADA,7,,45.067,7,7,AIDX|SUBJECT,
20260425_210559_e7f2f245,2026-04-25T23:45:28,AAMkADkwZmQ0YTA5LWE0M2MtNDk3Ni1hMzUzLTE0OTQxZDcwZWExMgBGAAAAAADJoyAzIWZBQakanooks8Z-BwBz4_gG-XGLQKeK0wIDJ6A7AAV36zxOAABz4_gG-XGLQKeK0wIDJ6A7AAWe_GBrAAA=,Aprobado- Factura  -  FE-60877 - Radicado 190882 - BUK COL S.A.S - Cesar Red Terciaria - NA,FE-60877.pdf,75f9d0fdce984fcc5b5e6c442595aa462bb6ec78f125b4fae4aa548afb0b844a56d62c357eb891a6337271d11c1a2e84,FE-60877,2026-03-04,Document_4727725.zip,ok,OK_REGISTRADA,7,,48.6,7,7,AIDX|SUBJECT,
20260425_210559_e7f2f245,2026-04-25T23:46:22,AAMkADkwZmQ0YTA5LWE0M2MtNDk3Ni1hMzUzLTE0OTQxZDcwZWExMgBGAAAAAADJoyAzIWZBQakanooks8Z-BwBz4_gG-XGLQKeK0wIDJ6A7AAV36zxOAABz4_gG-XGLQKeK0wIDJ6A7AAWe_GBqAAA=,Aprobado- Factura  -  FE-60941 - Radicado 190884 - BUK COL S.A.S - 01-2025-327 TOYO T2 S1 - NA,FA FE-60941 - PDF-4727896.pdf,a0e6284d5a91693b1a8aa894a13981f10865975840bde2cf76214ccebafeee98c2193492189de2af528927bde1f8f2c6,FE-60941,2026-03-04,Document_4727896.zip,ok,OK_REGISTRADA,7,,53.45,7,7,AIDX|SUBJECT,
20260425_210559_e7f2f245,2026-04-25T23:47:10,AAMkADkwZmQ0YTA5LWE0M2MtNDk3Ni1hMzUzLTE0OTQxZDcwZWExMgBGAAAAAADJoyAzIWZBQakanooks8Z-BwBz4_gG-XGLQKeK0wIDJ6A7AAV36zxOAABz4_gG-XGLQKeK0wIDJ6A7AAWe_GBpAAA=,Aprobado- Factura  -  FE-61776 - Radicado 191031 - BUK COL S.A.S - Dirección administrativa y financiera -Talento Humano - NA,FA FE-61776 - PDF-4745293.pdf,14705c4287da8448785d9dcf7c56cb349169cb887ba5449860acf130839456f281328c59afef2d3447674d6899ac768c,FE-61776,2026-03-07,Document_4745293.zip,ok,OK_REGISTRADA,7,,48.098,7,7,AIDX|SUBJECT,
20260425_210559_e7f2f245,2026-04-25T23:47:55,AAMkADkwZmQ0YTA5LWE0M2MtNDk3Ni1hMzUzLTE0OTQxZDcwZWExMgBGAAAAAADJoyAzIWZBQakanooks8Z-BwBz4_gG-XGLQKeK0wIDJ6A7AAV36zxOAABz4_gG-XGLQKeK0wIDJ6A7AAWe_GBoAAA=,Aprobado- Factura  -  FE-61777 - Radicado 191032 - BUK COL S.A.S - Red Férrea Atlántico - NA,FA FE-61777 - PDF-4745295.pdf,71f5b4dad268d1f978a1c9a11d1ed89d8d6f95486916ddb235633a67d78424da138c83e43f9495ad6cd3adaae114417c,FE-61777,2026-03-07,Document_4745295.zip,ok,OK_REGISTRADA,7,,45.132,7,7,AIDX|SUBJECT,
20260425_210559_e7f2f245,2026-04-25T23:48:58,AAMkADkwZmQ0YTA5LWE0M2MtNDk3Ni1hMzUzLTE0OTQxZDcwZWExMgBGAAAAAADJoyAzIWZBQakanooks8Z-BwBz4_gG-XGLQKeK0wIDJ6A7AAV36zxOAABz4_gG-XGLQKeK0wIDJ6A7AAWe_GBnAAA=,Aprobado- Factura  -  FE-61778 - Radicado 191033 - BUK COL S.A.S - Pto. Gaitán – Pte. Arimena - NA,FA FE-61778 - PDF-4745297.pdf,123b75cf749042c31464016017751e94e75e7b9605e1de692f315f43abcc2317800a84fd5ff00be958a0c502cf9f5c66,FE-61778,2026-03-07,Document_4745297.zip,ok,OK_REGISTRADA,7,,62.766,7,7,AIDX|SUBJECT,
20260425_210559_e7f2f245,2026-04-25T23:49:50,AAMkADkwZmQ0YTA5LWE0M2MtNDk3Ni1hMzUzLTE0OTQxZDcwZWExMgBGAAAAAADJoyAzIWZBQakanooks8Z-BwBz4_gG-XGLQKeK0wIDJ6A7AAV36zxOAABz4_gG-XGLQKeK0wIDJ6A7AAWe_GBmAAA=,Aprobado- Factura  -  FE-61779 - Radicado 191034 - BUK COL S.A.S - Cartago - Calarcá - NA,FA FE-61779 - PDF-4745299.pdf,50cb40fc3134d55aff38048877872f5f728385126c6cff0b5a1de3d2b66cddb03627c78d3b4116c64362650a2bbaa218,FE-61779,2026-03-07,Document_4745299.zip,ok,OK_REGISTRADA,7,,51.933,7,7,AIDX|SUBJECT,
20260425_210559_e7f2f245,2026-04-25T23:50:35,AAMkADkwZmQ0YTA5LWE0M2MtNDk3Ni1hMzUzLTE0OTQxZDcwZWExMgBGAAAAAADJoyAzIWZBQakanooks8Z-BwBz4_gG-XGLQKeK0wIDJ6A7AAV36zxOAABz4_gG-XGLQKeK0wIDJ6A7AAWe_GBlAAA=,Aprobado- Factura  -  FE-61780 - Radicado 191035 - BUK COL S.A.S - TM Av. 68 - NA,FA FE-61780 - PDF-4745301.pdf,1eead5ce980d55ac86787e73e26f21c955d3d90aa461703f935a4901740b6b4caac5607aab9d86e296145df9afe9bb13,FE-61780,2026-03-07,Document_4745301.zip,ok,OK_REGISTRADA,7,,45.119,7,7,AIDX|SUBJECT,
20260425_210559_e7f2f245,2026-04-25T23:51:23,AAMkADkwZmQ0YTA5LWE0M2MtNDk3Ni1hMzUzLTE0OTQxZDcwZWExMgBGAAAAAADJoyAzIWZBQakanooks8Z-BwBz4_gG-XGLQKeK0wIDJ6A7AAV36zxOAABz4_gG-XGLQKeK0wIDJ6A7AAWe_GBkAAA=,Aprobado- Factura  -  FE-62055 - Radicado 191038 - BUK COL S.A.S - Cesar Red Terciaria - NA,FA FE-62055 - PDF-4745921.pdf,a148d93b53c0530421c219582fcd76a65e3e8ea87c85ec2fcf35d8a2504a8eb90b5e1e6a57fcd33add6ff2e2286b1a87,FE-62055,2026-03-07,Document_4745921.zip,ok,OK_REGISTRADA,7,,47.949,7,7,AIDX|SUBJECT,
20260425_210559_e7f2f245,2026-04-25T23:52:13,AAMkADkwZmQ0YTA5LWE0M2MtNDk3Ni1hMzUzLTE0OTQxZDcwZWExMgBGAAAAAADJoyAzIWZBQakanooks8Z-BwBz4_gG-XGLQKeK0wIDJ6A7AAV36zxOAABz4_gG-XGLQKeK0wIDJ6A7AAWe_GBjAAA=,Aprobado- Factura  -  FE-62248 - Radicado 191039 - BUK COL S.A.S - 01-2025-327 TOYO T2 S1 - NA,FA FE-62248 - PDF-4746352.pdf,15155fff609d3c46cfbe4da27790fbe2894eb5741ac03cf024a1e9c9bf6e9086d89a7f7b7b05fd6ad4ceb15c5d71bda2,FE-62248,2026-03-07,Document_4746352.zip,ok,OK_REGISTRADA,7,,50.57,7,7,AIDX|SUBJECT,
20260425_210559_e7f2f245,2026-04-25T23:53:03,AAMkADkwZmQ0YTA5LWE0M2MtNDk3Ni1hMzUzLTE0OTQxZDcwZWExMgBGAAAAAADJoyAzIWZBQakanooks8Z-BwBz4_gG-XGLQKeK0wIDJ6A7AAV36zxOAABz4_gG-XGLQKeK0wIDJ6A7AAWe_GBiAAA=,Aprobado- Factura  -  FE-61782 - Radicado 191075 - BUK COL S.A.S - Cucutilla - Cornejo - NA,FA FE-61782 - PDF-4745305.pdf,c7acb340917bcca071642c32ff4b167b4b1184be61b6f7f030438369f2a4c9dfece1732a05ca0faa77d57d8d51e5d799,FE-61782,2026-03-07,Document_4745305.zip,ok,OK_REGISTRADA,7,,49.52,7,7,AIDX|SUBJECT,
20260425_210559_e7f2f245,2026-04-25T23:53:49,AAMkADkwZmQ0YTA5LWE0M2MtNDk3Ni1hMzUzLTE0OTQxZDcwZWExMgBGAAAAAADJoyAzIWZBQakanooks8Z-BwBz4_gG-XGLQKeK0wIDJ6A7AAV36zxOAABz4_gG-XGLQKeK0wIDJ6A7AAWe_GBhAAA=,Aprobado- Factura  -  OO3119 - Radicado 191227 - OLANO&OLANO ABOGADOS SAS - Dirección administrativa y financiera -Talento Humano - NA,dian_OO3119.pdf,48cdd74c95014ee31408bb61b54973793c13d1baa7e21e950ba166da7050a6c4f996ee2b48c1b960425babcae79abab7,OO3119,2026-02-03,OO3119.zip,ok,OK_REGISTRADA,7,,46.447,7,7,AIDX|SUBJECT,
20260425_210559_e7f2f245,2026-04-25T23:54:36,AAMkADkwZmQ0YTA5LWE0M2MtNDk3Ni1hMzUzLTE0OTQxZDcwZWExMgBGAAAAAADJoyAzIWZBQakanooks8Z-BwBz4_gG-XGLQKeK0wIDJ6A7AAV36zxOAABz4_gG-XGLQKeK0wIDJ6A7AAWe_GBgAAA=,Aprobado- Factura  -  FPP - 463496 - Radicado 191297 - PEOPLE PASS SAS - Joyco Consultores S.A.S. - NA,ad09002099560072600463496.pdf,acfc49ab65ed2fb2b30d5d495d792c2a8bf69e46d8d9b8cdefd6921bb013f796bcea3bb13c21816c64478e664955cb10,FPP-463496,2025-08-21,z09002099560072600463496.zip,ok,OK_REGISTRADA,7,,47.209,7,7,AIDX|SUBJECT,
20260425_210559_e7f2f245,2026-04-25T23:55:43,AAMkADkwZmQ0YTA5LWE0M2MtNDk3Ni1hMzUzLTE0OTQxZDcwZWExMgBGAAAAAADJoyAzIWZBQakanooks8Z-BwBz4_gG-XGLQKeK0wIDJ6A7AAV36zxOAABz4_gG-XGLQKeK0wIDJ6A7AAWe_GBfAAA=,Aprobado- Factura  -  M7012539 - Radicado 190775 - COLMEDICA MEDICINA PREPAGADA - Dirección administrativa y financiera -Talento Humano - NA,M7012539.pdf,97b701877b0b70c81d7575958e4dd10743fd1ab34b0db96d3d44477557a189f4a2a79084ba9af47f80063b9f1c6cf09f,M7012539,2025-08-25,Factura Colmedica 02 de Marzo de 2026.zip,ok,OK_REGISTRADA,7,,66.174,7,7,AIDX|SUBJECT,
20260425_210559_e7f2f245,2026-04-25T23:56:33,AAMkADkwZmQ0YTA5LWE0M2MtNDk3Ni1hMzUzLTE0OTQxZDcwZWExMgBGAAAAAADJoyAzIWZBQakanooks8Z-BwBz4_gG-XGLQKeK0wIDJ6A7AAV36zxOAABz4_gG-XGLQKeK0wIDJ6A7AAWe_GBeAAA=,Aprobado- Factura  -  E6042466276 - Radicado 191312 - COMCEL SA - Dirección administrativa y financiera -Infraestructura - NA,fv0800153993015266042466276.pdf,68a434ceeb92d3e63ae2ed20e46a1689cca4b262f01f0db99fb919e437a1e3cf8779efe4a2be235aa5ad89c9a4963d26,8215760661,2024-08-22,z0800153993015266042466276.zip,ok,OK_REGISTRADA,7,,50.073,7,7,AIDX|SUBJECT,
20260425_210559_e7f2f245,2026-04-25T23:57:18,AAMkADkwZmQ0YTA5LWE0M2MtNDk3Ni1hMzUzLTE0OTQxZDcwZWExMgBGAAAAAADJoyAzIWZBQakanooks8Z-BwBz4_gG-XGLQKeK0wIDJ6A7AAV36zxOAABz4_gG-XGLQKeK0wIDJ6A7AAWe7pddAAA=,Aprobado- Factura  -  CFEV1865 - Radicado 191324 - COMERCIALIZADORA DE TECNOLOGIAS DIGITALES & EXTENSIVAS C.T.D.E - S.A.S - Red Férrea Atlántico - NA,ad09015563110852600000303.pdf,d536424e9cfae069c9a10975232d6e445287385c52d88839f65beda5ac78a504b752db5d4ee4064a98fcdf3af6a2cc34,CFEV1865,2026-03-26,z09015563110852600000303.zip,ok,OK_REGISTRADA,7,,45.52,7,7,AIDX|SUBJECT,
20260425_210559_e7f2f245,2026-04-25T23:58:06,AAMkADkwZmQ0YTA5LWE0M2MtNDk3Ni1hMzUzLTE0OTQxZDcwZWExMgBGAAAAAADJoyAzIWZBQakanooks8Z-BwBz4_gG-XGLQKeK0wIDJ6A7AAV36zxOAABz4_gG-XGLQKeK0wIDJ6A7AAWd34P-AAA=,Aprobado- Factura  -  CPFP 204769 - Radicado 191278 - COMPAÑIA PAPELERA NACIONAL SAS - Dirección administrativa y financiera -Compras - NA,ad09000094950162600031fe1.pdf,e73e3dbec07ecbf19dffbf3d751b34abb40db9356fbaa37fc5de77d4cac0052f19eec4688425f45ebde1ebe17d0d0b4a,CPFP204769,2025-04-11,z09000094950162600031fe1.zip,ok,OK_REGISTRADA,7,,47.821,7,7,AIDX|SUBJECT,
20260425_210559_e7f2f245,2026-04-25T23:58:54,AAMkADkwZmQ0YTA5LWE0M2MtNDk3Ni1hMzUzLTE0OTQxZDcwZWExMgBGAAAAAADJoyAzIWZBQakanooks8Z-BwBz4_gG-XGLQKeK0wIDJ6A7AAV36zxOAABz4_gG-XGLQKeK0wIDJ6A7AAWd34P_AAA=,Aprobado- Factura  -  CPFP 204759 - Radicado 191276 - COMPAÑIA PAPELERA NACIONAL SAS - Dirección administrativa y financiera -Compras - NA,ad09000094950162600031fd7.pdf,303ce5c621e3585c87d3052f4480c3ad815e32df94d4d9b92e515b6bcb4b43dc73f55e59cb839201cd8a995896185421,CPFP204759,2025-04-11,z09000094950162600031fd7.zip,ok,OK_REGISTRADA,7,,48.361,7,7,AIDX|SUBJECT,
20260425_210559_e7f2f245,2026-04-25T23:59:35,AAMkADkwZmQ0YTA5LWE0M2MtNDk3Ni1hMzUzLTE0OTQxZDcwZWExMgBGAAAAAADJoyAzIWZBQakanooks8Z-BwBz4_gG-XGLQKeK0wIDJ6A7AAV36zxOAABz4_gG-XGLQKeK0wIDJ6A7AAWd34P9AAA=,Aprobado- Factura  -  48703762 - Radicado 191315 - BENTLEY - Dirección administrativa y financiera -Compras - NA,Invoice.PDF,deccdefacacccae44b57a40baaeeada0000bacbaeedefacaedefacafecadefacaedeeddedeceedafacaa1de248703762,48703762,2026-03-25,(PDF_APROBADAS_FALLBACK),ok_pdf_aprobadas_fallback,OK_REGISTRADA_FALLBACK_PDF,7,,40.212,7,7,PDF_APROBADAS|SUBJECT,
20260425_210559_e7f2f245,2026-04-26T00:00:22,AAMkADkwZmQ0YTA5LWE0M2MtNDk3Ni1hMzUzLTE0OTQxZDcwZWExMgBGAAAAAADJoyAzIWZBQakanooks8Z-BwBz4_gG-XGLQKeK0wIDJ6A7AAV36zxOAABz4_gG-XGLQKeK0wIDJ6A7AAWd34P8AAA=,Aprobado- Factura  -  FE 2771 - Radicado 191271 - IPSEL SAS - FAC - Pto. Salgar - NA,fv09004003280082600000108.pdf,dca9c799786d9c8331ec74202e450c21d15028042a70a98f4b2e3736d631c8f70e58ba0cf056fcf59096abd47ce7d74e,FE2771,2026-04-20,z09004003280082600000108.zip,ok,OK_REGISTRADA,7,,47.266,7,7,AIDX|SUBJECT,
20260425_210559_e7f2f245,2026-04-26T00:01:32,AAMkADkwZmQ0YTA5LWE0M2MtNDk3Ni1hMzUzLTE0OTQxZDcwZWExMgBGAAAAAADJoyAzIWZBQakanooks8Z-BwBz4_gG-XGLQKeK0wIDJ6A7AAV36zxOAABz4_gG-XGLQKeK0wIDJ6A7AAWd34P7AAA=,Aprobado- Factura  -  INFY - 9367 - Radicado 191316 - INFINITY CORP SAS - TM Av. 68 - NA,ad09008622600002600000126.pdf,fc588def647182ba70cc8bdfdf629bfa7a93043c37288250b24451a7f874af1fcf9858f036d02aefcd92fb800cec6397,INFY-9367,2025-07-02,ad09008622600002600000126.zip,ok,OK_REGISTRADA,7,,70.713,7,7,AIDX|SUBJECT,
20260425_210559_e7f2f245,2026-04-26T00:03:01,AAMkADkwZmQ0YTA5LWE0M2MtNDk3Ni1hMzUzLTE0OTQxZDcwZWExMgBGAAAAAADJoyAzIWZBQakanooks8Z-BwBz4_gG-XGLQKeK0wIDJ6A7AAV36zxOAABz4_gG-XGLQKeK0wIDJ6A7AAWd34P6AAA=,Aprobado- Factura  -  FE 2770 - Radicado 191270 - IPSEL SAS - L.T. Guaymaral - NA,fv09004003280082600000107.pdf,fbbf48c92e5f3ce81ef59c1df4fbdfe6f971a912dbcb7a5e25ff2b718b672cef1ff93c40a5ea75d8d4f7984c6dc3f6e4,FE2770,2026-04-20,z09004003280082600000107.zip,ok,OK_REGISTRADA,7,,88.369,7,7,AIDX|SUBJECT,
20260425_210559_e7f2f245,2026-04-26T00:04:03,AAMkADkwZmQ0YTA5LWE0M2MtNDk3Ni1hMzUzLTE0OTQxZDcwZWExMgBGAAAAAADJoyAzIWZBQakanooks8Z-BwBz4_gG-XGLQKeK0wIDJ6A7AAV36zxOAABz4_gG-XGLQKeK0wIDJ6A7AAWd34P5AAA=,Aprobado- Factura  -  FE 2775 - Radicado 191273 - IPSEL SAS - Dirección administrativa y financiera -Tics - NA,fv0900400328008260000010c.pdf,f10859eb2d2dadecaa35fc7526a6c3be76ed6d9cf73d34ed17da8647ca4819acba0043bcce6461c25290379122bdc803,FE2775,2026-04-20,z0900400328008260000010c.zip,ok,OK_REGISTRADA,7,,61.67,7,7,AIDX|SUBJECT,
20260425_210559_e7f2f245,2026-04-26T00:04:50,AAMkADkwZmQ0YTA5LWE0M2MtNDk3Ni1hMzUzLTE0OTQxZDcwZWExMgBGAAAAAADJoyAzIWZBQakanooks8Z-BwBz4_gG-XGLQKeK0wIDJ6A7AAV36zxOAABz4_gG-XGLQKeK0wIDJ6A7AAWd34P4AAA=,Aprobado- Factura  -  N0762184  - Radicado 191314 - SERVIENTREGA SA - Red Férrea Atlántico - NA,Representacion grafica.pdf,f022b4503782032f2859ac70b82bc1e6cbd8a6fcfb4a18103e13448951dd1954c4db2d350400aad6df2658dc01cc9232,N0762184,2026-03-26,Factura-N0762184.zip,ok,OK_REGISTRADA,7,,47.284,7,7,AIDX|SUBJECT,
20260425_210559_e7f2f245,2026-04-26T00:05:42,AAMkADkwZmQ0YTA5LWE0M2MtNDk3Ni1hMzUzLTE0OTQxZDcwZWExMgBGAAAAAADJoyAzIWZBQakanooks8Z-BwBz4_gG-XGLQKeK0wIDJ6A7AAV36zxOAABz4_gG-XGLQKeK0wIDJ6A7AAWd34P3AAA=,Aprobado- Factura  -  FV 1807 - Radicado 191266 - LEON MOYANO CONSULTORES SAS - Reserva Ventura S.A.S. - NA,a0f0dd18-7ec2-4489-8f4c-9489c355dbfe.pdf,2bba60cd24fd9eb17b87b026e0ce387f6615101c07c46ef487549d49fb3be8055b24b617d2cce28e27a7acbbb847a5ce,FV1807,2024-12-05,a0f0dd18-7ec2-4489-8f4c-9489c355dbfe.zip,ok,OK_REGISTRADA,7,,51.966,7,7,AIDX|SUBJECT,
20260425_210559_e7f2f245,2026-04-26T00:06:33,AAMkADkwZmQ0YTA5LWE0M2MtNDk3Ni1hMzUzLTE0OTQxZDcwZWExMgBGAAAAAADJoyAzIWZBQakanooks8Z-BwBz4_gG-XGLQKeK0wIDJ6A7AAV36zxOAABz4_gG-XGLQKeK0wIDJ6A7AAWd34P2AAA=,Aprobado- Factura  -  TV43 - 10085065 - Radicado 191166 - CAMARA DE COMERCIO DE BOGOTA - Nica Inmuebles S.A.S. - NA,860007322_TV4310085065.pdf,c7a76a504b326fdf6e4b6f7b3e9a36aa9dd2cdb6b471e35a19c41fcf4f8fd919411cf717aaf94f6d73ac8a1272130f73,TV43-10085065,2025-01-27,860007322_TV4310085065.zip,ok,OK_REGISTRADA,7,,51.12,7,7,AIDX|SUBJECT,
20260425_210559_e7f2f245,2026-04-26T00:07:23,AAMkADkwZmQ0YTA5LWE0M2MtNDk3Ni1hMzUzLTE0OTQxZDcwZWExMgBGAAAAAADJoyAzIWZBQakanooks8Z-BwBz4_gG-XGLQKeK0wIDJ6A7AAV36zxOAABz4_gG-XGLQKeK0wIDJ6A7AAWd34P1AAA=,Aprobado- Factura  -  EB 000341919669 - Radicado 191127 - ETB E.S.P. EMPRESA DE TELECOMUNICACIONES DE BOGOTA SA ESP - Nica Inmuebles S.A.S. - NA,Tu Factura ETB Marzo de 2026.pdf,12054335553cb47cb38ccaac1d058baa41eb9fdc3c3e3b93b9e88edaddacdcb79d864fcbb80e3abcabaa9b3bf2e130f0,EB000341919669,2024-12-27,(PDF_APROBADAS_FALLBACK),ok_pdf_aprobadas_fallback,OK_REGISTRADA_FALLBACK_PDF,7,,49.749,7,7,PDF_APROBADAS|SUBJECT,
20260425_210559_e7f2f245,2026-04-26T00:08:31,AAMkADkwZmQ0YTA5LWE0M2MtNDk3Ni1hMzUzLTE0OTQxZDcwZWExMgBGAAAAAADJoyAzIWZBQakanooks8Z-BwBz4_gG-XGLQKeK0wIDJ6A7AAV36zxOAABz4_gG-XGLQKeK0wIDJ6A7AAWd34P0AAA=,Aprobado- Factura  -  I6C7303286 - Radicado 191253 - D1 SAS - Cucutilla - Cornejo - NA,fv090027696202126I6C7303286.pdf,d3b8fcec8c4a5207e7cf94d9bd297c2e59f9dc67a6c7f2dfb139c3abf62bfb8198d159345a2ecee0cbcadeb2c766db24,I6C6134911,2026-03-20,090027696202126I6C6134911.zip,ok,OK_REGISTRADA,7,,68.59,7,7,PDF_TOKEN:090027696202126I|SUBJECT,
20260425_210559_e7f2f245,2026-04-26T00:09:45,AAMkADkwZmQ0YTA5LWE0M2MtNDk3Ni1hMzUzLTE0OTQxZDcwZWExMgBGAAAAAADJoyAzIWZBQakanooks8Z-BwBz4_gG-XGLQKeK0wIDJ6A7AAV36zxOAABz4_gG-XGLQKeK0wIDJ6A7AAWd34PzAAA=,Aprobado- Factura  -  CBFC-25 - Radicado 191300 - BARRIOS DORADO CLAUDIA REGINA - Transv. Libertador - NA,5bcba46f20689f1b27b1f1d6046bc8f8297630fb033a224ac9ced4ded6b014fa3b8ac040341628872a8cf13433c4a360.pdf,5bcba46f20689f1b27b1f1d6046bc8f8297630fb033a224ac9ced4ded6b014fa3b8ac040341628872a8cf13433c4a360,CBFC-25,2026-03-25,Attachment-CBFC25.zip,ok,OK_REGISTRADA,7,,73.587,7,7,AIDX|SUBJECT,
20260425_210559_e7f2f245,2026-04-26T00:11:11,AAMkADkwZmQ0YTA5LWE0M2MtNDk3Ni1hMzUzLTE0OTQxZDcwZWExMgBGAAAAAADJoyAzIWZBQakanooks8Z-BwBz4_gG-XGLQKeK0wIDJ6A7AAV36zxOAABz4_gG-XGLQKeK0wIDJ6A7AAWcf4M1AAA=,Aprobado- Factura  -  21359670 - Radicado 191281 - TIGO - 01-2025-327 TOYO T2 S1 - NA,900092385_18764098297031_BOPU132678794_01.pdf,abcdefab2026cc23faccceccc2408325240cccecccfacaeeccadeeadeecffecaeedcfaca202603188000000000003229,21359670,2026-03-18,(PDF_APROBADAS_FALLBACK),ok_pdf_aprobadas_fallback,OK_REGISTRADA_FALLBACK_PDF,7,,86.09,7,7,PDF_APROBADAS|SUBJECT,
20260425_210559_e7f2f245,2026-04-26T00:12:10,AAMkADkwZmQ0YTA5LWE0M2MtNDk3Ni1hMzUzLTE0OTQxZDcwZWExMgBGAAAAAADJoyAzIWZBQakanooks8Z-BwBz4_gG-XGLQKeK0wIDJ6A7AAV36zxOAABz4_gG-XGLQKeK0wIDJ6A7AAWcf4M0AAA=,Aprobado- Factura  -  FE373 - Radicado 191286 - RESERVA VENTURA SAS - Dirección administrativa y financiera -Compras - NA,dian_FE373.pdf,73409a2947025af0fb99dc8bf77a85dfa13eef437d71430089dc766682a22cf1ccee6d9d9f9151085f255b6c81efeb09,FE373,2025-02-10,FE373.zip,ok,OK_REGISTRADA,7,,58.825,7,7,AIDX|SUBJECT,
20260425_210559_e7f2f245,2026-04-26T00:13:36,AAMkADkwZmQ0YTA5LWE0M2MtNDk3Ni1hMzUzLTE0OTQxZDcwZWExMgBGAAAAAADJoyAzIWZBQakanooks8Z-BwBz4_gG-XGLQKeK0wIDJ6A7AAV36zxOAABz4_gG-XGLQKeK0wIDJ6A7AAWcf4MzAAA=,Aprobado- Factura  -  257-76566 - Radicado 191269 - AGENCIA DE VIAJES Y TURISMO AVIATUR S.A.S - Transv. Libertador - NA,ad08600000180442600211684.pdf,db13c12fa05251d84f250ecbe729e70a1dc0f3c71783f0a7a58346c2b78ec78d7af5790534a23e0f0d802be36c58b993,25776566,2026-03-20,z08600000180442600211684.zip,ok,OK_REGISTRADA,7,,86.076,7,7,AIDX|SUBJECT,
20260425_210559_e7f2f245,2026-04-26T00:14:13,AAMkADkwZmQ0YTA5LWE0M2MtNDk3Ni1hMzUzLTE0OTQxZDcwZWExMgBGAAAAAADJoyAzIWZBQakanooks8Z-BwBz4_gG-XGLQKeK0wIDJ6A7AAV36zxOAABz4_gG-XGLQKeK0wIDJ6A7AAWcf4MyAAA=,Aprobado- Factura  -  3 - 292520541 - Radicado 191282 - COMCEL SA - Dirección administrativa y financiera -Infraestructura - NA,Factura_860067561-9_2026-MARZO.pdf,ccea8001539937cacdadcdadbacdadcdad8600675619deccc44b57a49deccdeccdeccfacaeeccadeea3292520541faca,520541300000013255,2026-03-05,(PDF_APROBADAS_FALLBACK),ok_pdf_aprobadas_fallback,OK_REGISTRADA_FALLBACK_PDF,7,,36.811,7,7,PDF_APROBADAS|SUBJECT,
20260425_210559_e7f2f245,2026-04-26T00:14:53,AAMkADkwZmQ0YTA5LWE0M2MtNDk3Ni1hMzUzLTE0OTQxZDcwZWExMgBGAAAAAADJoyAzIWZBQakanooks8Z-BwBz4_gG-XGLQKeK0wIDJ6A7AAV36zxOAABz4_gG-XGLQKeK0wIDJ6A7AAWcf4MxAAA=,Aprobado- Factura de servicio público  -  388028607-8 - Radicado 191284 - ENEL COLOMBIA SA ESP - Dirección administrativa y financiera -Infraestructura - ,Enel18 de Marzo de 2026.pdf,1208322ed1a553123802106423336aecabceeac2669763f1503e3fca1503badceaedeecaeaaeca35125140051caa900c,ECONOMICA3514,2026-03-18,(PDF_APROBADAS_FALLBACK),ok_pdf_aprobadas_fallback,OK_REGISTRADA_FALLBACK_PDF,7,,40.684,7,7,PDF_APROBADAS|SUBJECT,
20260425_210559_e7f2f245,2026-04-26T00:16:35,AAMkADkwZmQ0YTA5LWE0M2MtNDk3Ni1hMzUzLTE0OTQxZDcwZWExMgBGAAAAAADJoyAzIWZBQakanooks8Z-BwBz4_gG-XGLQKeK0wIDJ6A7AAV36zxOAABz4_gG-XGLQKeK0wIDJ6A7AAWcf4MwAAA=,Aprobado- Factura de servicio público  -   62137411 - Radicado 191283 - AIR-E S.A.S - Red Férrea Atlántico - ,AIR-E62137411_mar26.pdf,,62137411,,(REGISTRO_MINIMO:filtro_no_factura),ok_registro_minimo,REGISTRADA,7,,101.954,7,7,REGISTRO_MINIMO,filtro_no_factura
20260425_210559_e7f2f245,2026-04-26T00:17:27,AAMkADkwZmQ0YTA5LWE0M2MtNDk3Ni1hMzUzLTE0OTQxZDcwZWExMgBGAAAAAADJoyAzIWZBQakanooks8Z-BwBz4_gG-XGLQKeK0wIDJ6A7AAV36zxOAABz4_gG-XGLQKeK0wIDJ6A7AAWcf4MvAAA=,Aprobado- Factura  -  FVE 5466 - Radicado 191268 - VILORIA JIMENEZ DONALDO ENRIQUE - Red Férrea Atlántico - NA,a90a750b-089d-4e5b-ae70-9038e83496fc.pdf,77af9a52160d23101d19ec3f5bc35fa4af128a33e96bffe20c3590c035ebe8fd2d526e188a52e34b454562fa2328f392,FVE5466,2026-09-11,a90a750b-089d-4e5b-ae70-9038e83496fc.zip,ok,OK_REGISTRADA,7,,51.828,7,7,AIDX|SUBJECT,
20260425_210559_e7f2f245,2026-04-26T00:18:07,AAMkADkwZmQ0YTA5LWE0M2MtNDk3Ni1hMzUzLTE0OTQxZDcwZWExMgBGAAAAAADJoyAzIWZBQakanooks8Z-BwBz4_gG-XGLQKeK0wIDJ6A7AAV36zxOAABz4_gG-XGLQKeK0wIDJ6A7AAWcf4MuAAA=,Aprobado- Factura  -  FE - 1245 - Radicado 191263 - ROBERTO CAR S SAS - Tolima Red Terciaria - NA,FACTURA LATONERIA Y PUNTURA JOQ725.pdf,a90ca0fbbad7fd01d2ad0398bb5c7494912e75dd131ad086372933f2d52d8fc4709be79c1722b50421cba051d6407714,FE-1245,2024-08-07,(PDF_APROBADAS_FALLBACK),ok_pdf_aprobadas_fallback,OK_REGISTRADA_FALLBACK_PDF,7,,39.597,7,7,PDF_APROBADAS|SUBJECT,
20260425_210559_e7f2f245,2026-04-26T00:19:15,AAMkADkwZmQ0YTA5LWE0M2MtNDk3Ni1hMzUzLTE0OTQxZDcwZWExMgBGAAAAAADJoyAzIWZBQakanooks8Z-BwBz4_gG-XGLQKeK0wIDJ6A7AAV36zxOAABz4_gG-XGLQKeK0wIDJ6A7AAWcf4MtAAA=,Aprobado- Factura  -  FEE - 26205 - Radicado 191207 - ESRI COLOMBIA SAS - Dirección administrativa y financiera -Compras - NA,037-02 Esri Colombia SAS-.pdf,10c08c7f5c1fdd1bd4e69da9d1cb0849d81f3fe27e22eff5acec09c9a9e1179f069774da0b2f5e97103fd1bf562767ce,FEE-26205,2026-02-13,z083012298300426d27cb2c1.zip,ok,OK_REGISTRADA,7,,68.377,7,7,AIDX|SUBJECT,
20260425_210559_e7f2f245,2026-04-26T00:20:01,AAMkADkwZmQ0YTA5LWE0M2MtNDk3Ni1hMzUzLTE0OTQxZDcwZWExMgBGAAAAAADJoyAzIWZBQakanooks8Z-BwBz4_gG-XGLQKeK0wIDJ6A7AAV36zxOAABz4_gG-XGLQKeK0wIDJ6A7AAWcf4MsAAA=,Aprobado- Factura  -  PALE 2292 - Radicado 191214 - PALESTINA ECOHOTEL CENTRO DE CONVENCIONES LTDA - Dirección administrativa y financiera -Compras - NA,FACTURA JOYCO 1.pdf,8fcd85bb563581054687d5373ad4878ac852f35087929698ace5edc897db891206aae1bd3b3a8cb7a761d01a1b86e2a8,PALE2292,2026-03-18,(PDF_APROBADAS_FALLBACK),ok_pdf_aprobadas_fallback,OK_REGISTRADA_FALLBACK_PDF,7,,46.022,7,7,PDF_APROBADAS|SUBJECT,
20260425_210559_e7f2f245,2026-04-26T00:20:57,AAMkADkwZmQ0YTA5LWE0M2MtNDk3Ni1hMzUzLTE0OTQxZDcwZWExMgBGAAAAAADJoyAzIWZBQakanooks8Z-BwBz4_gG-XGLQKeK0wIDJ6A7AAV36zxOAABz4_gG-XGLQKeK0wIDJ6A7AAWcf4MrAAA=,Aprobado- Factura  -  ECO 35013 - Radicado 191204 - E-CONTAINERS SAS - FAC - Pto. Salgar - NA,050-03 Econtainers SAS.pdf,fcc9f44fd6f070bfe6276ed36a1dbe55da006ee781f1f3a64e9ac3e3def0c75f1b5b7d5a1c98735600d01fd6b13e5d60,ECO35013,2022-04-11,z090064169200426a96f574f.zip,ok,OK_REGISTRADA,7,,55.735,7,7,AIDX|SUBJECT,
20260425_210559_e7f2f245,2026-04-26T00:21:53,AAMkADkwZmQ0YTA5LWE0M2MtNDk3Ni1hMzUzLTE0OTQxZDcwZWExMgBGAAAAAADJoyAzIWZBQakanooks8Z-BwBz4_gG-XGLQKeK0wIDJ6A7AAV36zxOAABz4_gG-XGLQKeK0wIDJ6A7AAWcf4MqAAA=,Aprobado- Factura  -  CHFE2369 - Radicado 191193 - ECHEVERRI PEREZ FRANCISCO NORVEY - 01-2025-327 TOYO T2 S1 - NA,fv98544678232600002369.pdf,05bff735d0f463f90b5d24029b8382f47e37681bc843ca22d99c2b0b1f78a6a154ca61da05683d52910c8ea50f74de5c,CHFE2369,2026-03-17,fv98544678232600002369.zip,ok,OK_REGISTRADA,7,,56.59,7,7,AIDX|SUBJECT,
20260425_210559_e7f2f245,2026-04-26T00:22:49,AAMkADkwZmQ0YTA5LWE0M2MtNDk3Ni1hMzUzLTE0OTQxZDcwZWExMgBGAAAAAADJoyAzIWZBQakanooks8Z-BwBz4_gG-XGLQKeK0wIDJ6A7AAV36zxOAABz4_gG-XGLQKeK0wIDJ6A7AAWcf4MpAAA=,Aprobado- Factura  -  257-76516 - Radicado 191190 - AGENCIA DE VIAJES Y TURISMO AVIATUR S.A.S - Dirección administrativa y financiera -Compras - NA,191190.pdf,d606d88967c6c97bf9e93e935a5cef8ed4ad412f44a4b68e967dc3401c0f7d451a215969f9fb8958457d4c8eaa10b21c,25776516,2026-03-17,z08600000180442600198435.zip,ok,OK_REGISTRADA,7,,55.145,7,7,AIDX|SUBJECT,
20260425_210559_e7f2f245,2026-04-26T00:23:36,AAMkADkwZmQ0YTA5LWE0M2MtNDk3Ni1hMzUzLTE0OTQxZDcwZWExMgBGAAAAAADJoyAzIWZBQakanooks8Z-BwBz4_gG-XGLQKeK0wIDJ6A7AAV36zxOAABz4_gG-XGLQKeK0wIDJ6A7AAWcf4MoAAA=,Aprobado- Factura  -  257-76514 - Radicado 191189 - AGENCIA DE VIAJES Y TURISMO AVIATUR S.A.S - Dirección administrativa y financiera -Compras - NA,ad08600000180442600197920.pdf,5ec126e92d6093572600899c301da2135b4cb320001f5cc8c60114fa236eab62f488c15bea0385db47cf0e493c70fbbd,25776514,2026-03-17,z08600000180442600197920.zip,ok,OK_REGISTRADA,7,,47.127,7,7,AIDX|SUBJECT,
20260425_210559_e7f2f245,2026-04-26T00:24:31,AAMkADkwZmQ0YTA5LWE0M2MtNDk3Ni1hMzUzLTE0OTQxZDcwZWExMgBGAAAAAADJoyAzIWZBQakanooks8Z-BwBz4_gG-XGLQKeK0wIDJ6A7AAV36zxOAABz4_gG-XGLQKeK0wIDJ6A7AAWcf4MnAAA=,Aprobado- Factura  -  257-76494 - Radicado 191157 - AGENCIA DE VIAJES Y TURISMO AVIATUR S.A.S - Cesar Red Terciaria - NA,ad08600000180442600191047.pdf,c6043133fb050bbb6532789ba351e4c80f632fe43a1685e2afcc3ad7125fb0c5457a3a3df0686a458660bb322602c547,25776494,2026-03-14,z08600000180442600191047.zip,ok,OK_REGISTRADA,7,,55.554,7,7,AIDX|SUBJECT,
20260425_210559_e7f2f245,2026-04-26T00:25:23,AAMkADkwZmQ0YTA5LWE0M2MtNDk3Ni1hMzUzLTE0OTQxZDcwZWExMgBGAAAAAADJoyAzIWZBQakanooks8Z-BwBz4_gG-XGLQKeK0wIDJ6A7AAV36zxOAABz4_gG-XGLQKeK0wIDJ6A7AAWcf4MmAAA=,Aprobado- Factura  -  IAS 556 - Radicado 191150 - INVERSIONES INMOBILIARIAS Y AGROPECUARIAS S.A.S - Red Férrea Atlántico - NA,fv09005544680082600000010.pdf,808a57e8279ecaf6fe406b7f5f01b5c4821c37cb5cc89f5b8bcf1af8f6cb6e341971186e90c2be74677a3d58cab6e6f0,IAS556,2026-03-13,z09005544680082600000010.zip,ok,OK_REGISTRADA,7,,51.47,7,7,AIDX|SUBJECT,
20260425_210559_e7f2f245,2026-04-26T00:26:18,AAMkADkwZmQ0YTA5LWE0M2MtNDk3Ni1hMzUzLTE0OTQxZDcwZWExMgBGAAAAAADJoyAzIWZBQakanooks8Z-BwBz4_gG-XGLQKeK0wIDJ6A7AAV36zxOAABz4_gG-XGLQKeK0wIDJ6A7AAWcf4MlAAA=,Aprobado- Factura de servicio público  -  387786328-0 - Radicado 191223 - ENEL COLOMBIA SA ESP - Dirección administrativa y financiera -Infraestructura - ,Enel17 de Marzo de 2026 (1).pdf,911082ed1a50328011953764840aeccac44b57a4922badcaeeadadeecaeaaeca35115170250caa1000caedeeccecabca,ECONOMICA3514,2026-03-17,(PDF_APROBADAS_FALLBACK),ok_pdf_aprobadas_fallback,OK_REGISTRADA_FALLBACK_PDF,7,,55.099,7,7,PDF_APROBADAS|SUBJECT,
20260425_210559_e7f2f245,2026-04-26T00:27:16,AAMkADkwZmQ0YTA5LWE0M2MtNDk3Ni1hMzUzLTE0OTQxZDcwZWExMgBGAAAAAADJoyAzIWZBQakanooks8Z-BwBz4_gG-XGLQKeK0wIDJ6A7AAV36zxOAABz4_gG-XGLQKeK0wIDJ6A7AAWcf4MkAAA=,Aprobado- Factura de servicio público  -  387877605-8 - Radicado 191222 - ENEL COLOMBIA SA ESP - Dirección administrativa y financiera -Infraestructura - ,Enel17 de Marzo de 2026.pdf,dceeaeeeecc3878776058aaacaedeceee09715408edd4151842cac44b57a4911badcaeeadadeecaeaaeca35115170251,ECONOMICA3514,2026-03-17,(PDF_APROBADAS_FALLBACK),ok_pdf_aprobadas_fallback,OK_REGISTRADA_FALLBACK_PDF,7,,58.261,7,7,PDF_APROBADAS|SUBJECT,
20260425_210559_e7f2f245,2026-04-26T00:29:52,AAMkADkwZmQ0YTA5LWE0M2MtNDk3Ni1hMzUzLTE0OTQxZDcwZWExMgBGAAAAAADJoyAzIWZBQakanooks8Z-BwBz4_gG-XGLQKeK0wIDJ6A7AAV36zxOAABz4_gG-XGLQKeK0wIDJ6A7AAWcf4MjAAA=,Aprobado- Factura  -  LIT20793 - Radicado 191255 - LITIGAR PUNTO COM SAS - Dirección Jurídica - NA,fv083007034600426d5277f7c.pdf,dc303e6703fabd9e73fa6ddcdd52c75c544d655b22dd00cceb8475a501a4f883dcb90d1fcfe5dc5e4e52c52c335cc57c,LIT20793,2025-10-31,z083007034600426d5277f7c.zip,ok,OK_REGISTRADA,7,,155.857,7,7,AIDX|SUBJECT,
20260425_210559_e7f2f245,2026-04-26T00:30:17,AAMkADkwZmQ0YTA5LWE0M2MtNDk3Ni1hMzUzLTE0OTQxZDcwZWExMgBGAAAAAADJoyAzIWZBQakanooks8Z-BwBz4_gG-XGLQKeK0wIDJ6A7AAV36zxOAABz4_gG-XGLQKeK0wIDJ6A7AAWcf4MiAAA=,Aprobado- Factura  -  FE450 - Radicado 191252 - CONSULTORES E INTERVENTORES TECNICOS SAS - TM Av. 68 - NA,dian_FE450.pdf,1016eddfe3a437babb882386e3db70e86be0fb1e98c239cf2cadf3bbc6c0d6acd271cc36ddd3d0ed5e64dd46e2d8ed6b,FE450,2025-10-01,FE450.zip,ok,OK_REGISTRADA,7,,25.184,7,7,AIDX|SUBJECT,
20260425_210559_e7f2f245,2026-04-26T00:30:43,AAMkADkwZmQ0YTA5LWE0M2MtNDk3Ni1hMzUzLTE0OTQxZDcwZWExMgBGAAAAAADJoyAzIWZBQakanooks8Z-BwBz4_gG-XGLQKeK0wIDJ6A7AAV36zxOAABz4_gG-XGLQKeK0wIDJ6A7AAWcf4MhAAA=,Aprobado- Factura  -  FE449 - Radicado 191251 - CONSULTORES E INTERVENTORES TECNICOS SAS - TM Av. 68 - NA,dian_FE449.pdf,18b4a5175b7276347e940a12c442dd9fbde09062a7da46e71642504f0faf191073c3496399d31f897e5ed0c26257b9cf,FE449,2025-10-01,FE449.zip,ok,OK_REGISTRADA,7,,25.546,7,7,AIDX|SUBJECT,
20260425_210559_e7f2f245,2026-04-26T00:31:09,AAMkADkwZmQ0YTA5LWE0M2MtNDk3Ni1hMzUzLTE0OTQxZDcwZWExMgBGAAAAAADJoyAzIWZBQakanooks8Z-BwBz4_gG-XGLQKeK0wIDJ6A7AAV36zxOAABz4_gG-XGLQKeK0wIDJ6A7AAWcf4MgAAA=,Aprobado- Factura  -  FE448 - Radicado 191250 - CONSULTORES E INTERVENTORES TECNICOS SAS - TM Av. 68 - NA,dian_FE448.pdf,3f5c7d8f30b591b78a170b3ff751dd9fa6276e5d840d847c90be7357e18c17634fedbd491687c24d7632e5dbc60893d2,FE448,2025-10-01,FE448.zip,ok,OK_REGISTRADA,7,,25.888,7,7,AIDX|SUBJECT,
20260425_210559_e7f2f245,2026-04-26T00:31:33,AAMkADkwZmQ0YTA5LWE0M2MtNDk3Ni1hMzUzLTE0OTQxZDcwZWExMgBGAAAAAADJoyAzIWZBQakanooks8Z-BwBz4_gG-XGLQKeK0wIDJ6A7AAV36zxOAABz4_gG-XGLQKeK0wIDJ6A7AAWcf4MfAAA=,Aprobado- Factura  -  FVE 2139 - Radicado 191240 - JOYCO SAS BIC - TM Av. 68 - NA,fv08600675610082600000058.pdf,3fdeedf3f77a30c56db593d5bd4295a8f312efe8fe4e551e7ff0a5c079e017b3e88418c50ab7b932d3f56a4b7d4d9eea,FVE2139,2026-03-19,z08600675610082600000058.zip,ok,OK_REGISTRADA,7,,24.566,7,7,AIDX|SUBJECT,
20260425_210559_e7f2f245,2026-04-26T00:32:32,AAMkADkwZmQ0YTA5LWE0M2MtNDk3Ni1hMzUzLTE0OTQxZDcwZWExMgBGAAAAAADJoyAzIWZBQakanooks8Z-BwBz4_gG-XGLQKeK0wIDJ6A7AAV36zxOAABz4_gG-XGLQKeK0wIDJ6A7AAWaTclDAAA=,Aprobado- Factura  -  FN-13 - Radicado 191258 - NAGEIA SAS - 06-2025-195 Mocoa Ambiental - DIAN,PDF-901838733-FN13_FACTURA_MARZO_2026.pdf,7b4ec5ac7709195b1c3b6be3ceca1e82ba2824473afc5fbb95ecfa142cb2ae6db0878af96e7625645e170ec06986ab8d,FN-13,2026-03-20,(PDF_APROBADAS_FALLBACK),ok_pdf_aprobadas_fallback,OK_REGISTRADA_FALLBACK_PDF,7,,59.26,7,7,PDF_APROBADAS|SUBJECT,
20260425_210559_e7f2f245,2026-04-26T00:32:58,AAMkADkwZmQ0YTA5LWE0M2MtNDk3Ni1hMzUzLTE0OTQxZDcwZWExMgBGAAAAAADJoyAzIWZBQakanooks8Z-BwBz4_gG-XGLQKeK0wIDJ6A7AAV36zxOAABz4_gG-XGLQKeK0wIDJ6A7AAWaTclCAAA=,Aprobado- Factura  -  FVE 2135 - Radicado 191231 - JOYCO SAS - Cartago - Calarcá - NA,fv08600675610082600000054.pdf,a53f915318288d53c03759e2d37abaaa71839358dff85b3be977f42d13078285f4c83627f581eb1ac941769c1b63a9f6,FVE2135,2026-03-19,z08600675610082600000054.zip,ok,OK_REGISTRADA,7,,25.873,7,7,AIDX|SUBJECT,
20260425_210559_e7f2f245,2026-04-26T00:33:24,AAMkADkwZmQ0YTA5LWE0M2MtNDk3Ni1hMzUzLTE0OTQxZDcwZWExMgBGAAAAAADJoyAzIWZBQakanooks8Z-BwBz4_gG-XGLQKeK0wIDJ6A7AAV36zxOAABz4_gG-XGLQKeK0wIDJ6A7AAWaTclBAAA=,Aprobado- Factura  -  FVE 2143 - Radicado 191244 - JOYCO SAS BIC - Red Férrea Atlántico - NA,fv0860067561008260000005c.pdf,302dcfd5fb9500f4c8415fd8f52dd29e294206c0e2065cc474f99f4a007facf13198870f57ea001f981d3ee1ce51691e,FVE2143,2026-03-19,z0860067561008260000005c.zip,ok,OK_REGISTRADA,7,,25.826,7,7,AIDX|SUBJECT,
20260425_210559_e7f2f245,2026-04-26T00:33:50,AAMkADkwZmQ0YTA5LWE0M2MtNDk3Ni1hMzUzLTE0OTQxZDcwZWExMgBGAAAAAADJoyAzIWZBQakanooks8Z-BwBz4_gG-XGLQKeK0wIDJ6A7AAV36zxOAABz4_gG-XGLQKeK0wIDJ6A7AAWaARk5AAA=,Aprobado- Factura  -  FVE 2141 - Radicado 191242 - JOYCO SAS BIC - Pto. Gaitán – Pte. Arimena - NA,fv0860067561008260000005a.pdf,322d4940e53e61567d0fc1acf9f214bf97924b6eb1f3746a19f7dbebf9e37ed4454796e01614fe0cbf936571d0e9fda9,FVE2141,2026-03-19,z0860067561008260000005a.zip,ok,OK_REGISTRADA,7,,26.035,7,7,AIDX|SUBJECT,
20260425_210559_e7f2f245,2026-04-26T00:34:13,AAMkADkwZmQ0YTA5LWE0M2MtNDk3Ni1hMzUzLTE0OTQxZDcwZWExMgBGAAAAAADJoyAzIWZBQakanooks8Z-BwBz4_gG-XGLQKeK0wIDJ6A7AAV36zxOAABz4_gG-XGLQKeK0wIDJ6A7AAWaARk4AAA=,Aprobado- Factura  -  I0H0346645 - Radicado 191215 - D1 SAS - Cartago - Calarcá - NA,fv090027696202126I0H0346645.pdf,d3b8fcec8c4a5207e7cf94d9bd297c2e59f9dc67a6c7f2dfb139c3abf62bfb8198d159345a2ecee0cbcadeb2c766db24,I6C6134911,2026-03-18,090027696202126I6C6134911.zip,ok,OK_REGISTRADA,7,,22.603,7,7,PDF_TOKEN:090027696202126I|SUBJECT,
20260425_210559_e7f2f245,2026-04-26T00:34:45,AAMkADkwZmQ0YTA5LWE0M2MtNDk3Ni1hMzUzLTE0OTQxZDcwZWExMgBGAAAAAADJoyAzIWZBQakanooks8Z-BwBz4_gG-XGLQKeK0wIDJ6A7AAV36zxOAABz4_gG-XGLQKeK0wIDJ6A7AAWaARk3AAA=,Aprobado- Factura  -  BEC512825151 - Radicado 191220 - COLOMBIA TELECOMUNICACIONES SA ESP - Red Férrea Atlántico - NA,RepGrafica_BEC512825151.pdf,2d68431576b9b72af75e436118a5ef390fb9d859722125e6407fcb5ff93546f57272cd8ccc01b669392f33d17d40363d,BEC512825151,2025-10-21,6074328013.zip,ok,OK_REGISTRADA,7,,32.63,7,7,AIDX|SUBJECT,
20260425_210559_e7f2f245,2026-04-26T00:35:06,AAMkADkwZmQ0YTA5LWE0M2MtNDk3Ni1hMzUzLTE0OTQxZDcwZWExMgBGAAAAAADJoyAzIWZBQakanooks8Z-BwBz4_gG-XGLQKeK0wIDJ6A7AAV36zxOAABz4_gG-XGLQKeK0wIDJ6A7AAWaARk2AAA=,Aprobado- Factura de servicio público  -  61865483 - Radicado 191161 - VANTI SA ESP - Nica Inmuebles S.A.S. - ,8. Factura Gas febrero Apto 601.pdf,,APTO601,,(REGISTRO_MINIMO:sin_cufe_o_pdf_no_legible),ok_registro_minimo,REGISTRADA,7,,20.908,7,7,REGISTRO_MINIMO,sin_cufe_o_pdf_no_legible
20260425_210559_e7f2f245,2026-04-26T00:35:32,AAMkADkwZmQ0YTA5LWE0M2MtNDk3Ni1hMzUzLTE0OTQxZDcwZWExMgBGAAAAAADJoyAzIWZBQakanooks8Z-BwBz4_gG-XGLQKeK0wIDJ6A7AAV36zxOAABz4_gG-XGLQKeK0wIDJ6A7AAWaARk1AAA=,Aprobado- Factura  -  ECPH - 1869 - Radicado 191126 - EDIFICIO CONEX PROPIEDAD HORIZONTAL - Reserva Ventura S.A.S. - NA,ad09017788480892600000125.pdf,8e537d38faeae6c65253661d0dfb919d1f215b7105cecce16437662cc1c8d502a6903ae838b1390238ee95fa2afd394b,ECPH-1869,2025-06-18,z09017788480892600000125.zip,ok,OK_REGISTRADA,7,,25.523,7,7,AIDX|SUBJECT,
20260425_210559_e7f2f245,2026-04-26T00:36:03,AAMkADkwZmQ0YTA5LWE0M2MtNDk3Ni1hMzUzLTE0OTQxZDcwZWExMgBGAAAAAADJoyAzIWZBQakanooks8Z-BwBz4_gG-XGLQKeK0wIDJ6A7AAV36zxOAABz4_gG-XGLQKeK0wIDJ6A7AAWaARk0AAA=,Aprobado- Factura  -  TV43-10052877 - Radicado 191097 - CAMARA DE COMERCIO DE BOGOTA - Icosaedro S.A.S. - NA,fddc0f71a94f82383fcded344718c06c88bdc810123d4de2d586b24e39f7b4ff241b044e4fb2145fae602c4402ed87a9.pdf,fddc0f71a94f82383fcded344718c06c88bdc810123d4de2d586b24e39f7b4ff241b044e4fb2145fae602c4402ed87a9,TV43-10052877,2026-03-10,CAMARA DE COMERCIO 2026.zip,ok,OK_REGISTRADA,7,,31.552,7,7,AIDX|SUBJECT,
20260425_210559_e7f2f245,2026-04-26T00:36:31,AAMkADkwZmQ0YTA5LWE0M2MtNDk3Ni1hMzUzLTE0OTQxZDcwZWExMgBGAAAAAADJoyAzIWZBQakanooks8Z-BwBz4_gG-XGLQKeK0wIDJ6A7AAV36zxOAABz4_gG-XGLQKeK0wIDJ6A7AAWaARkzAAA=,Aprobado- Factura  -  V9FE-88941 - Radicado 191099 - TAKAMI SA - Icosaedro S.A.S. - NA,b8323e4aec1f6f9c0d4d543493953b636484659ffce574a1b02f65578b5921bd49542278f8a01c6e26e5aa4186d17199.pdf,b8323e4aec1f6f9c0d4d543493953b636484659ffce574a1b02f65578b5921bd49542278f8a01c6e26e5aa4186d17199,V9FE88941,2026-03-05,TAKAMI 032026.zip,ok,OK_REGISTRADA,7,,27.399,7,7,AIDX|SUBJECT,
20260425_210559_e7f2f245,2026-04-26T00:36:58,AAMkADkwZmQ0YTA5LWE0M2MtNDk3Ni1hMzUzLTE0OTQxZDcwZWExMgBGAAAAAADJoyAzIWZBQakanooks8Z-BwBz4_gG-XGLQKeK0wIDJ6A7AAV36zxOAABz4_gG-XGLQKeK0wIDJ6A7AAWaARkyAAA=,Aprobado- Factura  -  ECPH-1868 - Radicado 191094 - EDIFICIO CONEX PROPIEDAD HORIZONTAL - Icosaedro S.A.S. - NA,4c102e91e111992c86503d6ec96f64812edd60f1f77b6332b6dc5fd396acbe6568a170b342a766a2f62ed7be34203618.pdf,4c102e91e111992c86503d6ec96f64812edd60f1f77b6332b6dc5fd396acbe6568a170b342a766a2f62ed7be34203618,ECPH-1868,2026-03-11,CONEX 308 ICOSAEDRO.zip,ok,OK_REGISTRADA,7,,27.32,7,7,AIDX|SUBJECT,
20260425_210559_e7f2f245,2026-04-26T00:37:25,AAMkADkwZmQ0YTA5LWE0M2MtNDk3Ni1hMzUzLTE0OTQxZDcwZWExMgBGAAAAAADJoyAzIWZBQakanooks8Z-BwBz4_gG-XGLQKeK0wIDJ6A7AAV36zxOAABz4_gG-XGLQKeK0wIDJ6A7AAWaARkxAAA=,Aprobado- Factura  -  FE10-55226 - Radicado 191093 - COMERCIAL PAPELERA SA - Icosaedro S.A.S. - NA,702766c3496367701236df366c9ae6fcda54160baaabde4a96377c87f38d928312a290817f60b8b0cda14f88b0491f37.pdf,702766c3496367701236df366c9ae6fcda54160baaabde4a96377c87f38d928312a290817f60b8b0cda14f88b0491f37,FE10-55226,2026-02-28,z08605283960072600055226.zip,ok,OK_REGISTRADA,7,,27.202,7,7,AIDX|SUBJECT,
20260425_210559_e7f2f245,2026-04-26T00:37:46,AAMkADkwZmQ0YTA5LWE0M2MtNDk3Ni1hMzUzLTE0OTQxZDcwZWExMgBGAAAAAADJoyAzIWZBQakanooks8Z-BwBz4_gG-XGLQKeK0wIDJ6A7AAV36zxOAABz4_gG-XGLQKeK0wIDJ6A7AAWaARkwAAA=,Aprobado- Factura  -  AA26350961 - Radicado 191024 - CAMARA DE COMERCIO DE BOGOTA - Icosaedro S.A.S. - NA,REC_113779225.pdf,8600073229adecbeeec9061de10dedcebede2020ede113779225edeecbaa26350961fecaa10032026125606fadeaacbe,AA26350961,2026-03-10,(PDF_APROBADAS_FALLBACK),ok_pdf_aprobadas_fallback,OK_REGISTRADA_FALLBACK_PDF,7,,20.918,7,7,PDF_APROBADAS|SUBJECT,
20260425_210559_e7f2f245,2026-04-26T00:39:03,AAMkADkwZmQ0YTA5LWE0M2MtNDk3Ni1hMzUzLTE0OTQxZDcwZWExMgBGAAAAAADJoyAzIWZBQakanooks8Z-BwBz4_gG-XGLQKeK0wIDJ6A7AAV36zxOAABz4_gG-XGLQKeK0wIDJ6A7AAWaARkvAAA=,Aprobado- Factura  -  DEFV-683183 - Radicado 191000 - EMPRESA AEREA DE SERVICIOS Y FACILITACION LOGISTICA INTEGRAL SA - Icosaedro S.A.S. - DIAN,EMPRESA AEREA DE SERVICIOS (1).pdf,5fdbfec40e477081bf1c50c9894e58ef0014e59295593fc7f03da7ad3858e3c318ae3bbdfa9b1494ce6acf3968363cef,DEFV-683183,2026-02-13,(PDF_APROBADAS_FALLBACK),ok_pdf_aprobadas_fallback,OK_REGISTRADA_FALLBACK_PDF,7,,76.416,7,7,PDF_APROBADAS|SUBJECT,
20260425_210559_e7f2f245,2026-04-26T00:39:29,AAMkADkwZmQ0YTA5LWE0M2MtNDk3Ni1hMzUzLTE0OTQxZDcwZWExMgBGAAAAAADJoyAzIWZBQakanooks8Z-BwBz4_gG-XGLQKeK0wIDJ6A7AAV36zxOAABz4_gG-XGLQKeK0wIDJ6A7AAWaARkuAAA=,Aprobado- Factura  -  IBIC-55661 - Radicado 190986 - OPERADORA HOTELERA HGM 50 SAS - Icosaedro S.A.S. - NA,b9f7c215bf4725ba06d85d9646f2f45a7f606c4981be97ddb6e83066be6784a9654b17c40f1c925508e454530ac01dac.pdf,b9f7c215bf4725ba06d85d9646f2f45a7f606c4981be97ddb6e83066be6784a9654b17c40f1c925508e454530ac01dac,IBIC-55661,2026-03-01,IBIS.zip,ok,OK_REGISTRADA,7,,26.408,7,7,AIDX|SUBJECT,
20260425_210559_e7f2f245,2026-04-26T00:39:56,AAMkADkwZmQ0YTA5LWE0M2MtNDk3Ni1hMzUzLTE0OTQxZDcwZWExMgBGAAAAAADJoyAzIWZBQakanooks8Z-BwBz4_gG-XGLQKeK0wIDJ6A7AAV36zxOAABz4_gG-XGLQKeK0wIDJ6A7AAWaARktAAA=,Aprobado- Factura  -  QASI-11035 - Radicado 190895 - QUALITY AGENCY SAS - Reserva Ventura S.A.S. - NA,bb3783461a51a34226d688454a363ffded17f40d6cd2493b518107f20c4fa131c6417c208ad0d6d0f453133ec126d82a.pdf,bb3783461a51a34226d688454a363ffded17f40d6cd2493b518107f20c4fa131c6417c208ad0d6d0f453133ec126d82a,QASI-11035,2026-02-02,QUALITY (3).zip,ok,OK_REGISTRADA,7,,26.575,7,7,AIDX|SUBJECT,
20260425_210559_e7f2f245,2026-04-26T00:40:21,AAMkADkwZmQ0YTA5LWE0M2MtNDk3Ni1hMzUzLTE0OTQxZDcwZWExMgBGAAAAAADJoyAzIWZBQakanooks8Z-BwBz4_gG-XGLQKeK0wIDJ6A7AAV36zxOAABz4_gG-XGLQKeK0wIDJ6A7AAWaARksAAA=,Aprobado- Factura de servicio público  -  384526503-4 - Radicado 190888 - ENEL COLOMBIA SA ESP - Nica Inmuebles S.A.S. - ,4. Enel 15 ene-12 feb Apto 2501.pdf,,ENEL15,,(REGISTRO_MINIMO:sin_cufe_o_pdf_no_legible),ok_registro_minimo,REGISTRADA,7,,24.956,7,7,REGISTRO_MINIMO,sin_cufe_o_pdf_no_legible
20260425_210559_e7f2f245,2026-04-26T00:40:42,AAMkADkwZmQ0YTA5LWE0M2MtNDk3Ni1hMzUzLTE0OTQxZDcwZWExMgBGAAAAAADJoyAzIWZBQakanooks8Z-BwBz4_gG-XGLQKeK0wIDJ6A7AAV36zxOAABz4_gG-XGLQKeK0wIDJ6A7AAWaARkrAAA=,Aprobado- Factura de servicio público  -  384657129-3 - Radicado 190887 - ENEL COLOMBIA SA ESP - Nica Inmuebles S.A.S. - ,7. Factura Enel ene-feb apto 601.pdf,dceeaeeeecc3846571293aaacaedeceee25114929edd602627feb202603a202616a2026de16ee2026a13feb202629da3,ECONOMICA3514,2026-02-18,(PDF_APROBADAS_FALLBACK),ok_pdf_aprobadas_fallback,OK_REGISTRADA_FALLBACK_PDF,7,,21.823,7,7,PDF_APROBADAS|SUBJECT,
20260425_210559_e7f2f245,2026-04-26T00:41:09,AAMkADkwZmQ0YTA5LWE0M2MtNDk3Ni1hMzUzLTE0OTQxZDcwZWExMgBGAAAAAADJoyAzIWZBQakanooks8Z-BwBz4_gG-XGLQKeK0wIDJ6A7AAV36zxOAABz4_gG-XGLQKeK0wIDJ6A7AAWZI4BDAAA=,Aprobado- Factura  -  FE 2443 - Radicado 191192 - INTI SOLUCION INMOBILIARIA - 01-2025-327 TOYO T2 S1 - NA,fv102209748900826000000d5.pdf,ff5f732881d1925238b909b57b9deb71af17953d387afd8da0d7eebd13b4bc459daf7b26833ed03cc5258283975c1d63,FE2443,2026-03-17,z102209748900826000000d5.zip,ok,OK_REGISTRADA,7,,26.749,7,7,AIDX|SUBJECT,
20260425_210559_e7f2f245,2026-04-26T00:41:38,AAMkADkwZmQ0YTA5LWE0M2MtNDk3Ni1hMzUzLTE0OTQxZDcwZWExMgBGAAAAAADJoyAzIWZBQakanooks8Z-BwBz4_gG-XGLQKeK0wIDJ6A7AAV36zxOAABz4_gG-XGLQKeK0wIDJ6A7AAWZI4BCAAA=,Aprobado- Factura  -  MFE 11795 - Radicado 191172 - PINZUAR SAS - Transv. Libertador - NA,c159b4c1-134a-41e6-92f3-bc775923d560.pdf,8db7a66ea33f8a8ef6c29c14748967f7a9e0fc0f3ce4b9f4473bb3caba28a497e0d4405d5547ee5175fa2059df9bee65,MFE11795,2026-07-29,c159b4c1-134a-41e6-92f3-bc775923d560.zip,ok,OK_REGISTRADA,7,,28.687,7,7,AIDX|SUBJECT,
20260425_210559_e7f2f245,2026-04-26T00:42:03,AAMkADkwZmQ0YTA5LWE0M2MtNDk3Ni1hMzUzLTE0OTQxZDcwZWExMgBGAAAAAADJoyAzIWZBQakanooks8Z-BwBz4_gG-XGLQKeK0wIDJ6A7AAV36zxOAABz4_gG-XGLQKeK0wIDJ6A7AAWZI4BBAAA=,Aprobado- Factura  -  FEMD 4052 - Radicado 190518 - GLORIA AMPARO BOLAÑOS - Mocoa K11+600 - K13+600 - NA,ad00690075630792600004052.pdf,dff7453c58153d70f10e40ddcaa286597d50c795a66b464a798eccdfd157bfa3755b569a68accc7ac0403b69fff572f2,FEMD4052,,z00690075630792600004052.zip,ok,OK_REGISTRADA,7,,24.883,7,7,AIDX|SUBJECT,
20260425_210559_e7f2f245,2026-04-26T00:42:29,AAMkADkwZmQ0YTA5LWE0M2MtNDk3Ni1hMzUzLTE0OTQxZDcwZWExMgBGAAAAAADJoyAzIWZBQakanooks8Z-BwBz4_gG-XGLQKeK0wIDJ6A7AAV36zxOAABz4_gG-XGLQKeK0wIDJ6A7AAWZI4BAAAA=,Aprobado- Factura  -  AFSV 746 - Radicado 191201 - CONTRERAS NUVAN WILSON - AMV Caquetá - NA,fv001764077000826000003af.pdf,6346fe5c7c23426997a72288a73c7c81923fb016ea2c1ffc8895d8216851a78cb67b77f3f7d27f98ef8338cce0d486d7,AFSV746,2026-03-18,z001764077000826000003af.zip,ok,OK_REGISTRADA,7,,26.148,7,7,AIDX|SUBJECT,
20260425_210559_e7f2f245,2026-04-26T00:42:56,AAMkADkwZmQ0YTA5LWE0M2MtNDk3Ni1hMzUzLTE0OTQxZDcwZWExMgBGAAAAAADJoyAzIWZBQakanooks8Z-BwBz4_gG-XGLQKeK0wIDJ6A7AAV36zxOAABz4_gG-XGLQKeK0wIDJ6A7AAWZI4A-AAA=,Aprobado- Factura  -  FE - 124563 - Radicado 191200 - FERRETERIA Y DEPOSITOS DE MATERIALES CATATUMBO SAS - Cucutilla - Cornejo - NA,FES-FE124563.pdf,6665e8cd0190a3f3e5b2863e7c447d4bf14dafd9d9eeeb4564ee7a9bf3d958183f5313d6885f882e46661b6ee93c3e95,FE-124563,2026-03-18,fv09014169410002600005707.zip,ok,OK_REGISTRADA,7,,27.5,7,7,AIDX|SUBJECT,
20260425_210559_e7f2f245,2026-04-26T00:43:21,AAMkADkwZmQ0YTA5LWE0M2MtNDk3Ni1hMzUzLTE0OTQxZDcwZWExMgBGAAAAAADJoyAzIWZBQakanooks8Z-BwBz4_gG-XGLQKeK0wIDJ6A7AAV36zxOAABz4_gG-XGLQKeK0wIDJ6A7AAWZI4A_AAA=,Aprobado- Factura  -  FVN - 402601 - Radicado 191188 - VICTORIA BERNAL TRUJILLO - Dirección administrativa y financiera -Compras - NA,ad00517994950002600883197.pdf,c327f5604e2e1b9ac4c6fbcc12ae1411a655b0f0dcb15893be58e5ee43796bcc45e63c017405389d0cae2ca5cfa4a567,FVN-402601,2024-10-18,DE_FVN402601.zip,ok,OK_REGISTRADA,7,,24.838,7,7,AIDX|SUBJECT,
20260425_210559_e7f2f245,2026-04-26T00:43:47,AAMkADkwZmQ0YTA5LWE0M2MtNDk3Ni1hMzUzLTE0OTQxZDcwZWExMgBGAAAAAADJoyAzIWZBQakanooks8Z-BwBz4_gG-XGLQKeK0wIDJ6A7AAV36zxOAABz4_gG-XGLQKeK0wIDJ6A7AAWYUK4iAAA=,Aprobado- Factura  -  FE 1991 - Radicado 191181 - SERVICIOS LOGISTICOS DE INGENIERIA SAS - 328 SC_FDT_DAMASO - NA,fv09007230230082600000044.pdf,e69c95b12de2389651360d10e964f6f36610f008456e9c2bb21533dd7cdd38289abf3c5f900c8dc10d3adb21f6f84315,FE1991,2026-03-16,z09007230230082600000044.zip,ok,OK_REGISTRADA,7,,25.717,7,7,AIDX|SUBJECT,
20260425_210559_e7f2f245,2026-04-26T00:44:12,AAMkADkwZmQ0YTA5LWE0M2MtNDk3Ni1hMzUzLTE0OTQxZDcwZWExMgBGAAAAAADJoyAzIWZBQakanooks8Z-BwBz4_gG-XGLQKeK0wIDJ6A7AAV36zxOAABz4_gG-XGLQKeK0wIDJ6A7AAWYBP5HAAA=,Aprobado- Factura  -  FE604 - Radicado 191177 - INEICA LIMITADA - Red Férrea Atlántico - NA,FE604.pdf,fd2682b8e651e102e81360dd93676b5a53bd9a0bb607e7ac7f46aac41aba212bd1459154edc22555a4aa4f19270ecc50,FE604,2026-03-09,FE604.zip,ok,OK_REGISTRADA,7,,24.757,7,7,AIDX|SUBJECT,
20260425_210559_e7f2f245,2026-04-26T00:44:36,AAMkADkwZmQ0YTA5LWE0M2MtNDk3Ni1hMzUzLTE0OTQxZDcwZWExMgBGAAAAAADJoyAzIWZBQakanooks8Z-BwBz4_gG-XGLQKeK0wIDJ6A7AAV36zxOAABz4_gG-XGLQKeK0wIDJ6A7AAWYBP5GAAA=,Aprobado- Factura  -  FE605 - Radicado 191178 - INEICA LIMITADA - Red Férrea Atlántico - NA,FE605.pdf,8c12276e1e1d8455fa71f45a17ec1fa112d4f9d50b78f99c999f9382930061e1ca4243cf49e94765be53a96c5d4d1ef8,FE605,2026-03-09,FE605.zip,ok,OK_REGISTRADA,7,,24.82,7,7,AIDX|SUBJECT,
20260425_210559_e7f2f245,2026-04-26T00:45:01,AAMkADkwZmQ0YTA5LWE0M2MtNDk3Ni1hMzUzLTE0OTQxZDcwZWExMgBGAAAAAADJoyAzIWZBQakanooks8Z-BwBz4_gG-XGLQKeK0wIDJ6A7AAV36zxOAABz4_gG-XGLQKeK0wIDJ6A7AAWYBP5FAAA=,Aprobado- Factura  -  FE607 - Radicado 191175 - INEICA LIMITADA - Red Férrea Atlántico - NA,FE607.pdf,6211bcc5bd3e5104b3c7dc754146d228f707b762890c8c1a1c4ac92e1ce88b335ce763030cf819c8bbad1105ba67d6a5,FE607,2026-03-09,FE607.zip,ok,OK_REGISTRADA,7,,25.038,7,7,AIDX|SUBJECT,
20260425_210559_e7f2f245,2026-04-26T00:45:26,AAMkADkwZmQ0YTA5LWE0M2MtNDk3Ni1hMzUzLTE0OTQxZDcwZWExMgBGAAAAAADJoyAzIWZBQakanooks8Z-BwBz4_gG-XGLQKeK0wIDJ6A7AAV36zxOAABz4_gG-XGLQKeK0wIDJ6A7AAWYBP5EAAA=,Aprobado- Factura  -  FE606 - Radicado 191176 - INEICA LIMITADA - Red Férrea Atlántico - NA,FE606.pdf,b58c1f1ac50bd0c20a9a6f9177ef8be5c0df739ee8141783f788ec46718e25ee2b0d6bb85e42ae92d2596ac3bb52ae3f,FE606,2026-03-09,FE606.zip,ok,OK_REGISTRADA,7,,24.569,7,7,AIDX|SUBJECT,
20260425_210559_e7f2f245,2026-04-26T00:45:53,AAMkADkwZmQ0YTA5LWE0M2MtNDk3Ni1hMzUzLTE0OTQxZDcwZWExMgBGAAAAAADJoyAzIWZBQakanooks8Z-BwBz4_gG-XGLQKeK0wIDJ6A7AAV36zxOAABz4_gG-XGLQKeK0wIDJ6A7AAWYBP5DAAA=,Aprobado- Factura  -  FE608 - Radicado 191174 - INEICA LIMITADA - Red Férrea Atlántico - NA,FE608.pdf,a144aa408112f34b019965298998eb6d9bebc7976cca460772a7ec693ed10abfab3ef4036594d78963948a3a8551f9db,FE608,2026-03-09,FE608.zip,ok,OK_REGISTRADA,7,,26.494,7,7,AIDX|SUBJECT,
20260425_210559_e7f2f245,2026-04-26T00:46:17,AAMkADkwZmQ0YTA5LWE0M2MtNDk3Ni1hMzUzLTE0OTQxZDcwZWExMgBGAAAAAADJoyAzIWZBQakanooks8Z-BwBz4_gG-XGLQKeK0wIDJ6A7AAV36zxOAABz4_gG-XGLQKeK0wIDJ6A7AAWYBP5CAAA=,Aprobado- Factura  -  EALT 17952 - Radicado 191173 - INVERSIONES BIENES Y SERVICIOS SAS - Red Férrea Atlántico - NA,fv09010093500082600000a1e.pdf,3cb45ce04737fb9ca91645b73b82b11ef0bd4054da172d60bf2a2f0d34b897f6b811a29e85b67432835e2f94c63be5ff,EALT17952,2026-03-16,z09010093500082600000a1e.zip,ok,OK_REGISTRADA,7,,24.172,7,7,AIDX|SUBJECT,
20260425_210559_e7f2f245,2026-04-26T00:46:43,AAMkADkwZmQ0YTA5LWE0M2MtNDk3Ni1hMzUzLTE0OTQxZDcwZWExMgBGAAAAAADJoyAzIWZBQakanooks8Z-BwBz4_gG-XGLQKeK0wIDJ6A7AAV36zxOAABz4_gG-XGLQKeK0wIDJ6A7AAWYBP5BAAA=,Aprobado- Factura  -  COL1106 - Radicado 190787 - SITECH DE COLOMBIA SAS - Dirección administrativa y financiera -Tics - NA,COL1106.pdf,47c1aa9232e43e2ed2184675d3a213144345d0c9b8d0f2a63b74b3c185db521dabae0bbe103879d423f638f3ca068f22,COL1106,2026-03-03,ad09003521850002600000212.zip,ok,OK_REGISTRADA,7,,26.124,7,7,AIDX|SUBJECT,
20260425_210559_e7f2f245,2026-04-26T00:47:08,AAMkADkwZmQ0YTA5LWE0M2MtNDk3Ni1hMzUzLTE0OTQxZDcwZWExMgBGAAAAAADJoyAzIWZBQakanooks8Z-BwBz4_gG-XGLQKeK0wIDJ6A7AAV36zxOAABz4_gG-XGLQKeK0wIDJ6A7AAWYBP5AAAA=,Aprobado- Factura  -  FBE165191 - Radicado 191146 - LABORATORIO CLINICO COLMEDICOS IPS SAS - 328 SC_FDT_DAMASO - NA,FBE165191.pdf,2ea1bc28470b0f0f07e2c3124c0b76ed5d6114d57b29d72ad5cf707e13fb887daeffa4f700024b7c9ba0a26aef50a420,FBE165191,2026-02-10,ad08000491040712652382577.zip,ok,OK_REGISTRADA,7,,24.988,7,7,AIDX|SUBJECT,
20260425_210559_e7f2f245,2026-04-26T00:47:32,AAMkADkwZmQ0YTA5LWE0M2MtNDk3Ni1hMzUzLTE0OTQxZDcwZWExMgBGAAAAAADJoyAzIWZBQakanooks8Z-BwBz4_gG-XGLQKeK0wIDJ6A7AAV36zxOAABz4_gG-XGLQKeK0wIDJ6A7AAWYBP4-AAA=,Aprobado- Factura  -  DWH1 158540 - Radicado 190771 - HOSTDIME PREMIER GLOBAL DATA CENTERS - Dirección administrativa y financiera -Tics - NA,FV09000403460112400158540.pdf,f78c07e5ff386aa05b338225a9305390176618202e0d2744f582a4e5f477f92d607b8131ddfcacb4e5917bd958730ed4,DWH1158540,2024-03-26,z09000403460112400158540.zip,ok,OK_REGISTRADA,7,,24.578,7,7,AIDX|SUBJECT,
20260425_210559_e7f2f245,2026-04-26T00:47:59,AAMkADkwZmQ0YTA5LWE0M2MtNDk3Ni1hMzUzLTE0OTQxZDcwZWExMgBGAAAAAADJoyAzIWZBQakanooks8Z-BwBz4_gG-XGLQKeK0wIDJ6A7AAV36zxOAABz4_gG-XGLQKeK0wIDJ6A7AAWYBP4_AAA=,Aprobado- Factura  -  FE 181479 - Radicado 191170 - REMACHES Y TORNILLOS DE LA ROJAS - Dirección administrativa y financiera -Infraestructura - NA,93164802-b5ab-40af-b280-f0bbf1f49b37.pdf,713bab94346d56cfffd24b82eedd1a568dd6196f69b823b1e4e63307b2819f5c4e715eb15f1c0c365074dedd44256c25,FE181479,2026-06-09,93164802-b5ab-40af-b280-f0bbf1f49b37.zip,ok,OK_REGISTRADA,7,,26.334,7,7,AIDX|SUBJECT,
20260425_210559_e7f2f245,2026-04-26T00:48:31,AAMkADkwZmQ0YTA5LWE0M2MtNDk3Ni1hMzUzLTE0OTQxZDcwZWExMgBGAAAAAADJoyAzIWZBQakanooks8Z-BwBz4_gG-XGLQKeK0wIDJ6A7AAV36zxOAABz4_gG-XGLQKeK0wIDJ6A7AAWYBP49AAA=,Aprobado- Factura  -  OSSQQ1B6-0009 - Radicado 191168 - CHATGPT - Dirección administrativa y financiera -Tics - NA,OpenAI_feb.pdf,cecebe1b60009daefedaedefeba252026feba252026eacc14553deeafacccafa94158edaeaeacbaaaaacae266976adba,OSSQQ1,,(PDF_APROBADAS_FALLBACK),ok_pdf_aprobadas_fallback,OK_REGISTRADA_FALLBACK_PDF,7,,32.604,7,7,PDF_APROBADAS|SUBJECT,
20260425_210559_e7f2f245,2026-04-26T00:49:01,AAMkADkwZmQ0YTA5LWE0M2MtNDk3Ni1hMzUzLTE0OTQxZDcwZWExMgBGAAAAAADJoyAzIWZBQakanooks8Z-BwBz4_gG-XGLQKeK0wIDJ6A7AAV36zxOAABz4_gG-XGLQKeK0wIDJ6A7AAWYBP48AAA=,Aprobado- Factura  -  FE21343 - Radicado 190770 - NIMBUTECH SAS - TM Av. 68 - NA,fv09006729530002600007032.pdf,14a5fa003c0de5a9d073f4e033a571ae6ff3bfe1bedd83f128996a15ab6b32316cb63bfad855cf6ff6e06b5c22c2f79b,FE21343,2025-05-02,fv09006729530002600007032.zip,ok,OK_REGISTRADA,7,,29.565,7,7,AIDX|SUBJECT,
20260425_210559_e7f2f245,2026-04-26T00:49:26,AAMkADkwZmQ0YTA5LWE0M2MtNDk3Ni1hMzUzLTE0OTQxZDcwZWExMgBGAAAAAADJoyAzIWZBQakanooks8Z-BwBz4_gG-XGLQKeK0wIDJ6A7AAV36zxOAABz4_gG-XGLQKeK0wIDJ6A7AAWYBP47AAA=,Aprobado- Factura  -  FE21439 - Radicado 190991 - NIMBUTECH SAS - Dirección administrativa y financiera -Tics - NA,fv09006729530002600007127.pdf,b6efb929d585152781a897a16c974e75601ac7254e36f77265e07a6f2afd471f4875af6ea23b6faa98fcb9b2e252a8e4,FE21439,2025-05-02,fv09006729530002600007127.zip,ok,OK_REGISTRADA,7,,25.334,7,7,AIDX|SUBJECT,
20260425_210559_e7f2f245,2026-04-26T00:49:52,AAMkADkwZmQ0YTA5LWE0M2MtNDk3Ni1hMzUzLTE0OTQxZDcwZWExMgBGAAAAAADJoyAzIWZBQakanooks8Z-BwBz4_gG-XGLQKeK0wIDJ6A7AAV36zxOAABz4_gG-XGLQKeK0wIDJ6A7AAWYBP46AAA=,Aprobado- Factura  -  21985 - Radicado 191028 - O4IT COLOMBIA SAS - Dirección administrativa y financiera -Tics - NA,ad09002558730002600000345.pdf,b1ac35ce463095ca04ae9408e2fbc3b98ff918c65d6e284f8bc3686b3dd2aed3f22987c815faf953e062f833b1699796,21985,2025-10-31,z09002558730002600000345.zip,ok,OK_REGISTRADA,7,,25.513,7,7,AIDX|SUBJECT,
20260425_210559_e7f2f245,2026-04-26T00:50:18,AAMkADkwZmQ0YTA5LWE0M2MtNDk3Ni1hMzUzLTE0OTQxZDcwZWExMgBGAAAAAADJoyAzIWZBQakanooks8Z-BwBz4_gG-XGLQKeK0wIDJ6A7AAV36zxOAABz4_gG-XGLQKeK0wIDJ6A7AAWYBP45AAA=,Aprobado- Factura  -  21986 - Radicado 191029 - O4IT COLOMBIA SAS - Dirección administrativa y financiera -Tics - NA,ad09002558730002600000346.pdf,51f8e8754b0a3d2067bcd7a86a09fb0b6e7481fd171a08287728640490d4719d27642def9f736be97c33a858a57587f5,21986,2025-10-31,z09002558730002600000346.zip,ok,OK_REGISTRADA,7,,25.774,7,7,AIDX|SUBJECT,
20260425_210559_e7f2f245,2026-04-26T00:50:44,AAMkADkwZmQ0YTA5LWE0M2MtNDk3Ni1hMzUzLTE0OTQxZDcwZWExMgBGAAAAAADJoyAzIWZBQakanooks8Z-BwBz4_gG-XGLQKeK0wIDJ6A7AAV36zxOAABz4_gG-XGLQKeK0wIDJ6A7AAWYBP44AAA=,Aprobado- Factura  -  21987 - Radicado 191030 - O4IT COLOMBIA SAS - Dirección administrativa y financiera -Tics - NA,ad09002558730002600000347.pdf,735b943cb6d7bbc6886101bd41ab080164e0f0aced3ab693f3901a130d2ffcb8f7c9fb5727338c34e7f6405ecd6985e7,21987,2025-10-31,z09002558730002600000347.zip,ok,OK_REGISTRADA,7,,26.129,7,7,AIDX|SUBJECT,
20260425_210559_e7f2f245,2026-04-26T00:51:10,AAMkADkwZmQ0YTA5LWE0M2MtNDk3Ni1hMzUzLTE0OTQxZDcwZWExMgBGAAAAAADJoyAzIWZBQakanooks8Z-BwBz4_gG-XGLQKeK0wIDJ6A7AAV36zxOAABz4_gG-XGLQKeK0wIDJ6A7AAWYBP43AAA=,Aprobado- Factura  -  FE21502 - Radicado 191101 - NIMBUTECH SAS - Red Férrea Atlántico - NA,fv09006729530002600007191.pdf,5e8eb49de9aaff0fd993d082381a24e1f189013ca7f15879aeaf4ba17494995ad85560c0f4b83eeba5ae34b7f59db964,FE21502,2025-05-02,fv09006729530002600007191.zip,ok,OK_REGISTRADA,7,,26.561,7,7,AIDX|SUBJECT,
20260425_210559_e7f2f245,2026-04-26T00:51:36,AAMkADkwZmQ0YTA5LWE0M2MtNDk3Ni1hMzUzLTE0OTQxZDcwZWExMgBGAAAAAADJoyAzIWZBQakanooks8Z-BwBz4_gG-XGLQKeK0wIDJ6A7AAV36zxOAABz4_gG-XGLQKeK0wIDJ6A7AAWV9IepAAA=,Aprobado- Factura  -  CPFP 202082 - Radicado 190779 - COMPAÑIA PAPELERA NACIONAL SAS - Dirección administrativa y financiera -Compras - NA,ad09000094950162600031562.pdf,b9459593b752cb4895a9c7d9c2d653a1c3a7799e7f7c4cafa969a319dbb788d657c9d532d7834d676aa2b94caa06bf1b,CPFP202082,2025-04-11,z09000094950162600031562.zip,ok,OK_REGISTRADA,7,,26.191,7,7,AIDX|SUBJECT,
20260425_210559_e7f2f245,2026-04-26T00:52:07,AAMkADkwZmQ0YTA5LWE0M2MtNDk3Ni1hMzUzLTE0OTQxZDcwZWExMgBGAAAAAADJoyAzIWZBQakanooks8Z-BwBz4_gG-XGLQKeK0wIDJ6A7AAV36zxOAABz4_gG-XGLQKeK0wIDJ6A7AAWV9IeoAAA=,Aprobado- Factura  -  E6037277408 - Radicado 191070 - COMCEL SA - Pto. Gaitán – Pte. Arimena - NA,fv0800153993015266037277408.pdf,320ba1d09f311e2f8da71f794868f622c71ba8b8261ac7d1893e8aaebc817f012c89cc94b0d57e299c54c5385ba07910,6225340516,2024-08-22,z0800153993015266037277408.zip,ok,OK_REGISTRADA,7,,30.48,7,7,AIDX|SUBJECT,
20260425_210559_e7f2f245,2026-04-26T00:52:32,AAMkADkwZmQ0YTA5LWE0M2MtNDk3Ni1hMzUzLTE0OTQxZDcwZWExMgBGAAAAAADJoyAzIWZBQakanooks8Z-BwBz4_gG-XGLQKeK0wIDJ6A7AAV36zxOAABz4_gG-XGLQKeK0wIDJ6A7AAWV9IenAAA=,Aprobado- Factura  -  EN 9920 - Radicado 191106 - ENSAFE SAS - Dirección administrativa y financiera -Compras - NA,9d9ece21-42a5-4eb0-9907-b44342ed19f8.pdf,cccb94f033ed1ab24304b8cb01e7488b878d635275c306304f03df223948ceb93ef1ed826ed8d5395ab09fb96c1f6304,EN9920,2026-03-11,9d9ece21-42a5-4eb0-9907-b44342ed19f8.zip,ok,OK_REGISTRADA,7,,25.515,7,7,AIDX|SUBJECT,
20260425_210559_e7f2f245,2026-04-26T00:52:58,AAMkADkwZmQ0YTA5LWE0M2MtNDk3Ni1hMzUzLTE0OTQxZDcwZWExMgBGAAAAAADJoyAzIWZBQakanooks8Z-BwBz4_gG-XGLQKeK0wIDJ6A7AAV36zxOAABz4_gG-XGLQKeK0wIDJ6A7AAWV9IemAAA=,Aprobado- Factura  -  EN 9919 - Radicado 191105 - ENSAFE SAS - Pto. Gaitán – Pte. Arimena - NA,6273f611-0906-4145-a269-97ce6973d151.pdf,e86f2fdfa25870f02b9876c57dfb53003dc028b1f5f1ccf2700741451f74912bf47834b0f16b1236987c847f64d5ee3f,EN9919,2026-03-11,6273f611-0906-4145-a269-97ce6973d151.zip,ok,OK_REGISTRADA,7,,25.721,7,7,AIDX|SUBJECT,
20260425_210559_e7f2f245,2026-04-26T00:53:23,AAMkADkwZmQ0YTA5LWE0M2MtNDk3Ni1hMzUzLTE0OTQxZDcwZWExMgBGAAAAAADJoyAzIWZBQakanooks8Z-BwBz4_gG-XGLQKeK0wIDJ6A7AAV36zxOAABz4_gG-XGLQKeK0wIDJ6A7AAWV9IelAAA=,Aprobado- Factura  -  AEMP15201 - Radicado 190738 - CABIFY EMPRESARIAL SAS - Dirección administrativa y financiera -Compras - NA,ad09016124380512600015201.pdf,eb48268444098a67ca91463b186937b4f693f786d9d335dd83ff39cbf8a41a7feb6468372a2823560945b2822e42f0ed,AEMP15201,2026-03-01,ad09016124380512600015201.zip,ok,OK_REGISTRADA,7,,24.735,7,7,AIDX|SUBJECT,
20260425_210559_e7f2f245,2026-04-26T00:53:49,AAMkADkwZmQ0YTA5LWE0M2MtNDk3Ni1hMzUzLTE0OTQxZDcwZWExMgBGAAAAAADJoyAzIWZBQakanooks8Z-BwBz4_gG-XGLQKeK0wIDJ6A7AAV36zxOAABz4_gG-XGLQKeK0wIDJ6A7AAWV9IekAAA=,Aprobado- Factura  -  EN 9918 - Radicado 191104 - ENSAFE SAS - 01-2025-327 TOYO T2 S1 - NA,356fa7cf-faa6-49fb-b448-f8026b5aa41f.pdf,45a5be71e2a94a61cbcf9c550c99c07a3370b03efa5e8a5338688c8bcc60f7ff5fda5575a8c43554ac584413e9299a99,EN9918,2026-03-11,356fa7cf-faa6-49fb-b448-f8026b5aa41f.zip,ok,OK_REGISTRADA,7,,26.018,7,7,AIDX|SUBJECT,
20260425_210559_e7f2f245,2026-04-26T00:54:14,AAMkADkwZmQ0YTA5LWE0M2MtNDk3Ni1hMzUzLTE0OTQxZDcwZWExMgBGAAAAAADJoyAzIWZBQakanooks8Z-BwBz4_gG-XGLQKeK0wIDJ6A7AAV36zxOAABz4_gG-XGLQKeK0wIDJ6A7AAWV9IejAAA=,Aprobado- Factura  -  AEZY40578 - Radicado 190739 - CABIFY EMPRESARIAL SAS - Dirección administrativa y financiera -Compras - NA,ad09006105850512600040578.pdf,7407bbe9019d9e128a352f16f60d6bd73263d401fda6eea942c2d0f8cc14ac37a4673e10f803674de0025173bc8072cb,AEZY40578,2026-03-01,ad09006105850512600040578.zip,ok,OK_REGISTRADA,7,,25.615,7,7,AIDX|SUBJECT,
20260425_210559_e7f2f245,2026-04-26T00:54:40,AAMkADkwZmQ0YTA5LWE0M2MtNDk3Ni1hMzUzLTE0OTQxZDcwZWExMgBGAAAAAADJoyAzIWZBQakanooks8Z-BwBz4_gG-XGLQKeK0wIDJ6A7AAV36zxOAABz4_gG-XGLQKeK0wIDJ6A7AAWV9IeiAAA=,Aprobado- Factura  -  FVN - 400856 - Radicado 190989 - VICTORIA BERNAL TRUJILLO - Dirección administrativa y financiera -Compras - NA,ad00517994950002600881127.pdf,ae3df5680db7638fa8ec58a49ebd3256948c0ac6c51ddf54026240432be137b697a0ab484589c9ae70dc071fcebb5a4f,FVN-400856,2024-10-18,DE_FVN400856.zip,ok,OK_REGISTRADA,7,,25.372,7,7,AIDX|SUBJECT,
20260425_210559_e7f2f245,2026-04-26T00:55:05,AAMkADkwZmQ0YTA5LWE0M2MtNDk3Ni1hMzUzLTE0OTQxZDcwZWExMgBGAAAAAADJoyAzIWZBQakanooks8Z-BwBz4_gG-XGLQKeK0wIDJ6A7AAV36zxOAABz4_gG-XGLQKeK0wIDJ6A7AAWV9IehAAA=,Aprobado- Factura  -  FEN - 67824 - Radicado 190734 - VICTORIA BERNAL TRUJILLO - Dirección administrativa y financiera -Compras - NA,ad00517994950002600879121.pdf,10069ac129fabf76efd024cbe9af24d8cc8a669af997965b84755d1c5f304cd0762de711104a02d617ee90daa6579bdc,FEN-67824,2017-04-19,DE_FEN67824.zip,ok,OK_REGISTRADA,7,,25.246,7,7,AIDX|SUBJECT,
20260425_210559_e7f2f245,2026-04-26T00:55:31,AAMkADkwZmQ0YTA5LWE0M2MtNDk3Ni1hMzUzLTE0OTQxZDcwZWExMgBGAAAAAADJoyAzIWZBQakanooks8Z-BwBz4_gG-XGLQKeK0wIDJ6A7AAV36zxOAABz4_gG-XGLQKeK0wIDJ6A7AAWV9IegAAA=,Aprobado- Factura  -  FE341599 - Radicado 191138 - LABORATORIO CLINICO COLMEDICOS IPS SAS - 01-2025-327 TOYO T2 S1 - NA,ad08000491040712670990252.pdf,072e041b0062a7bbd6602c230bf070b8cab5b23c4724ff854d7763d6e36c11194522ce8bf43306cc4943247b40d0efb0,FE341599,2026-02-01,ad08000491040712670990252.zip,ok,OK_REGISTRADA,7,,25.716,7,7,AIDX|SUBJECT,
20260425_210559_e7f2f245,2026-04-26T00:55:57,AAMkADkwZmQ0YTA5LWE0M2MtNDk3Ni1hMzUzLTE0OTQxZDcwZWExMgBGAAAAAADJoyAzIWZBQakanooks8Z-BwBz4_gG-XGLQKeK0wIDJ6A7AAV36zxOAABz4_gG-XGLQKeK0wIDJ6A7AAWV9IefAAA=,Aprobado- Factura  -  FE341459 - Radicado 191133 - LABORATORIO CLINICO COLMEDICOS IPS SAS - Red Férrea Atlántico - NA,FE341459.pdf,03e44c294ccfb66b4a72fbfcda1ccb543288e365ec7159f282829f3e4d56fdf1c99936a515496ded368b1e4eb353482a,FE341459,2026-02-23,ad08000491040712697912105.zip,ok,OK_REGISTRADA,7,,25.934,7,7,AIDX|SUBJECT,
20260425_210559_e7f2f245,2026-04-26T00:56:23,AAMkADkwZmQ0YTA5LWE0M2MtNDk3Ni1hMzUzLTE0OTQxZDcwZWExMgBGAAAAAADJoyAzIWZBQakanooks8Z-BwBz4_gG-XGLQKeK0wIDJ6A7AAV36zxOAABz4_gG-XGLQKeK0wIDJ6A7AAWV9IeeAAA=,Aprobado- Factura  -  FE341440 - Radicado 191132 - LABORATORIO CLINICO COLMEDICOS IPS SAS - Cucutilla - Cornejo - NA,FE341440.pdf,6955215305a54bc9097451470071cd61f08481bed884624e6697d99d48738a8e462b794f6771db03ac4fdbe3a33dae19,FE341440,2026-02-23,ad08000491040712615625454.zip,ok,OK_REGISTRADA,7,,26.243,7,7,AIDX|SUBJECT,
20260425_210559_e7f2f245,2026-04-26T00:56:44,AAMkADkwZmQ0YTA5LWE0M2MtNDk3Ni1hMzUzLTE0OTQxZDcwZWExMgBGAAAAAADJoyAzIWZBQakanooks8Z-BwBz4_gG-XGLQKeK0wIDJ6A7AAV36zxOAABz4_gG-XGLQKeK0wIDJ6A7AAWV9IedAAA=,Aprobado- Factura  -  6310007658 - Radicado 191134 - CAJA DE COMPENSACION FAMILIAR COMPENSAR - Joyco Consultores S.A.S. - NA,6310007658.pdf,,6310007658,,(REGISTRO_MINIMO:sin_cufe_o_pdf_no_legible),ok_registro_minimo,REGISTRADA,7,,20.733,7,7,REGISTRO_MINIMO,sin_cufe_o_pdf_no_legible
20260425_210559_e7f2f245,2026-04-26T00:57:11,AAMkADkwZmQ0YTA5LWE0M2MtNDk3Ni1hMzUzLTE0OTQxZDcwZWExMgBGAAAAAADJoyAzIWZBQakanooks8Z-BwBz4_gG-XGLQKeK0wIDJ6A7AAV36zxOAABz4_gG-XGLQKeK0wIDJ6A7AAWV9IecAAA=,Aprobado- Factura  -  C 7903574 - Radicado 191010 - COOPERATIVA SANTANDEREANA DE TRANSPORTADORES LIMITADA - Cucutilla - Cornejo - NA,ad08902009280072607903574.pdf,f27697952ef81fb157baae1324a80aa89f0f42feba2d20b7413af9b613998446136c485ab48b180e9500835e2d9955a6,C7903574,2026-03-10,z08902009280072607903574.zip,ok,OK_REGISTRADA,7,,26.978,7,7,AIDX|SUBJECT,
20260425_210559_e7f2f245,2026-04-26T00:57:36,AAMkADkwZmQ0YTA5LWE0M2MtNDk3Ni1hMzUzLTE0OTQxZDcwZWExMgBGAAAAAADJoyAzIWZBQakanooks8Z-BwBz4_gG-XGLQKeK0wIDJ6A7AAV36zxOAABz4_gG-XGLQKeK0wIDJ6A7AAWV9IebAAA=,Aprobado- Factura  -  FE 996 - Radicado 191004 - JULIANA ANDREA VILLA MACIAS - 01-2025-327 TOYO T2 S1 - NA,fv10220976490082600000044.pdf,b320794f668937429cbd8656c09cc65030960246ecb7c2cb0701782b64db5fd323e1da3ddd6113c060a6c34524614804,FE996,2026-03-10,z10220976490082600000044.zip,ok,OK_REGISTRADA,7,,25.561,7,7,AIDX|SUBJECT,
20260425_210559_e7f2f245,2026-04-26T00:58:03,AAMkADkwZmQ0YTA5LWE0M2MtNDk3Ni1hMzUzLTE0OTQxZDcwZWExMgBGAAAAAADJoyAzIWZBQakanooks8Z-BwBz4_gG-XGLQKeK0wIDJ6A7AAV36zxOAABz4_gG-XGLQKeK0wIDJ6A7AAWV9IeaAAA=,Aprobado- Factura  -  FE20400 - Radicado 190797 - EDIFICIO ELEMENTO PROPIEDAD HORIZONTAL - Dirección administrativa y financiera -Compras - NA,ad09010318630162600004fb0.pdf,5ba9c76bd40b0c0447475df7ac3f5c22188ec8ec1c7e8179f76f7054bd9147c88d83369ce893fe65d7c95732038a76db,FE20400,2026-02-03,z09010318630162600004fb0.zip,ok,OK_REGISTRADA,7,,26.626,7,7,AIDX|SUBJECT,
20260425_210559_e7f2f245,2026-04-26T00:58:29,AAMkADkwZmQ0YTA5LWE0M2MtNDk3Ni1hMzUzLTE0OTQxZDcwZWExMgBGAAAAAADJoyAzIWZBQakanooks8Z-BwBz4_gG-XGLQKeK0wIDJ6A7AAV36zxOAABz4_gG-XGLQKeK0wIDJ6A7AAWV9IeZAAA=,Aprobado- Factura  -  FE369 - Radicado 191067 - RESERVA VENTURA SAS - Dirección administrativa y financiera -Compras - NA,dian_FE369.pdf,30f3782e990c3bc4d4d1dcd26dd7be3d84a224e218b97eaa1367c98c901e56bdf42dd4c9c79589733ed05ea845313b81,FE369,2025-02-10,FE369.zip,ok,OK_REGISTRADA,7,,25.809,7,7,AIDX|SUBJECT,
20260425_210559_e7f2f245,2026-04-26T00:59:32,AAMkADkwZmQ0YTA5LWE0M2MtNDk3Ni1hMzUzLTE0OTQxZDcwZWExMgBGAAAAAADJoyAzIWZBQakanooks8Z-BwBz4_gG-XGLQKeK0wIDJ6A7AAV36zxOAABz4_gG-XGLQKeK0wIDJ6A7AAWV9IeYAAA=,Aprobado- Factura  -  FE-1961 - Radicado 191048 - JP INGENIERÍA CIVIL - Cesar Red Terciaria - DIAN,"FE1961_JP INGENIERÍA CIVIL - LABORATORIO DE SUELOS, CONCRETOS Y ASFALTOS S.A.S_P1-800.pdf",d512d5c7b577a26a58241a68eaf301f2292c4ca6e917890742b16d224b60da13031e0c984a257b784c3bdb4a9bb4d9c1,FE-1961,2026-02-28,(PDF_APROBADAS_FALLBACK),ok_pdf_aprobadas_fallback,OK_REGISTRADA_FALLBACK_PDF,7,,63.01,7,7,PDF_APROBADAS|SUBJECT,
20260425_210559_e7f2f245,2026-04-26T00:59:58,AAMkADkwZmQ0YTA5LWE0M2MtNDk3Ni1hMzUzLTE0OTQxZDcwZWExMgBGAAAAAADJoyAzIWZBQakanooks8Z-BwBz4_gG-XGLQKeK0wIDJ6A7AAV36zxOAABz4_gG-XGLQKeK0wIDJ6A7AAWV9IeXAAA=,Aprobado- Factura  -  FE371 - Radicado 191068 - RESERVA VENTURA SAS - Dirección administrativa y financiera -Compras - NA,dian_FE371.pdf,6bae2501fca7ce7a5d6c717de9185d0d19b1cf7d4fe58fb7fe8d350798009ca57efa6105af7387d1123deebb6145aa4f,FE371,2025-02-10,FE371.zip,ok,OK_REGISTRADA,7,,26.766,7,7,AIDX|SUBJECT,
20260425_210559_e7f2f245,2026-04-26T01:00:25,AAMkADkwZmQ0YTA5LWE0M2MtNDk3Ni1hMzUzLTE0OTQxZDcwZWExMgBGAAAAAADJoyAzIWZBQakanooks8Z-BwBz4_gG-XGLQKeK0wIDJ6A7AAV36zxOAABz4_gG-XGLQKeK0wIDJ6A7AAWV9IeWAAA=,Aprobado- Factura  -  FE372 - Radicado 191069 - RESERVA VENTURA SAS - Dirección administrativa y financiera -Compras - NA,dian_FE372.pdf,edc3641d895bd01b3bf765319bed36cfe2f1a29e34049e4461c8da2f1d1935b7022e6b4a08427da99a8383ef1c138252,FE372,2025-02-10,FE372.zip,ok,OK_REGISTRADA,7,,26.209,7,7,AIDX|SUBJECT,
20260425_210559_e7f2f245,2026-04-26T01:00:50,AAMkADkwZmQ0YTA5LWE0M2MtNDk3Ni1hMzUzLTE0OTQxZDcwZWExMgBGAAAAAADJoyAzIWZBQakanooks8Z-BwBz4_gG-XGLQKeK0wIDJ6A7AAV36zxOAABz4_gG-XGLQKeK0wIDJ6A7AAWV9IeVAAA=,Aprobado- Factura  -  FE - 2078 - Radicado 191089 - AG COMERCIALIZADORA SAS - Dirección administrativa y financiera -Compras - NA,ad09007638730892600000028.pdf,2edea7dbc5d322fc69a8ee5719b2add34149267ac6b521f7c6d6e800c734b81e44df05735fba9778e660b3f1f4f359b8,FE-2078,2026-02-22,z09007638730892600000028.zip,ok,OK_REGISTRADA,7,,25.603,7,7,AIDX|SUBJECT,
20260425_210559_e7f2f245,2026-04-26T01:01:11,AAMkADkwZmQ0YTA5LWE0M2MtNDk3Ni1hMzUzLTE0OTQxZDcwZWExMgBGAAAAAADJoyAzIWZBQakanooks8Z-BwBz4_gG-XGLQKeK0wIDJ6A7AAV36zxOAABz4_gG-XGLQKeK0wIDJ6A7AAWV9IeUAAA=,Aprobado- Factura  -  FVE1 - 16704 - Radicado 191042 - JENNIFER CAROLINA MERCHAN RUEDA - Dirección administrativa y financiera -Compras - NA,dian_FVE116704 1.pdf,49e2a15233bb11b2c720e14f97c39ab4583f38eaf8a15f8cad5f3967a99210f76b4dc4028f33932ae3c71ead1b0b5cd5,FVE1-16704,2025-12-26,(PDF_APROBADAS_FALLBACK),ok_pdf_aprobadas_fallback,OK_REGISTRADA_FALLBACK_PDF,7,,20.67,7,7,PDF_APROBADAS|SUBJECT,
20260425_210559_e7f2f245,2026-04-26T01:01:29,AAMkADkwZmQ0YTA5LWE0M2MtNDk3Ni1hMzUzLTE0OTQxZDcwZWExMgBGAAAAAADJoyAzIWZBQakanooks8Z-BwBz4_gG-XGLQKeK0wIDJ6A7AAV36zxOAABz4_gG-XGLQKeK0wIDJ6A7AAWV9IeTAAA=,Aprobado- Factura de servicio público  -  253015 - Radicado 190972 - CELSIA - Dirección administrativa y financiera -Compras - ,SIN_ADJUNTO_APROBADO,,253015,,(REGISTRO_MINIMO:sin_pdf_o_imagen_aprobada),ok_registro_minimo,REGISTRADA,7,,17.65,7,7,REGISTRO_MINIMO,sin_pdf_o_imagen_aprobada
20260425_210559_e7f2f245,2026-04-26T01:01:49,AAMkADkwZmQ0YTA5LWE0M2MtNDk3Ni1hMzUzLTE0OTQxZDcwZWExMgBGAAAAAADJoyAzIWZBQakanooks8Z-BwBz4_gG-XGLQKeK0wIDJ6A7AAV36zxOAABz4_gG-XGLQKeK0wIDJ6A7AAWV9IeSAAA=,Aprobado- Factura  -  068B-39852 - Radicado 190952 - BBI COLOMBIA SAS - Dirección administrativa y financiera -Compras - NA,21f7120786cb351695551e554d3911385c974d2cff74283e9cf79ba3555c668aeab926ee3bdb14c5867eca2bb5a647b0.pdf,21f7120786cb351695551e554d3911385c974d2cff74283e9cf79ba3555c668aeab926ee3bdb14c5867eca2bb5a647b0,COP216,2026-03-04,(PDF_APROBADAS_FALLBACK),ok_pdf_aprobadas_fallback,OK_REGISTRADA_FALLBACK_PDF,7,,20.25,7,7,PDF_APROBADAS|SUBJECT,
20260425_210559_e7f2f245,2026-04-26T01:02:10,AAMkADkwZmQ0YTA5LWE0M2MtNDk3Ni1hMzUzLTE0OTQxZDcwZWExMgBGAAAAAADJoyAzIWZBQakanooks8Z-BwBz4_gG-XGLQKeK0wIDJ6A7AAV36zxOAABz4_gG-XGLQKeK0wIDJ6A7AAWV9IeRAAA=,Aprobado- Factura  -  398D8029-0005 - Radicado 190914 - MAKE - Dirección administrativa y financiera -Compras - NA,Invoice-398D8029-0005.pdf,cecebe398d80290005daefedaedeac42026ac42026caaecaad8600675619cecedadecee70fee10007edaebaece611797,EIN61,,(PDF_APROBADAS_FALLBACK),ok_pdf_aprobadas_fallback,OK_REGISTRADA_FALLBACK_PDF,7,,21.354,7,7,PDF_APROBADAS|SUBJECT,
20260425_210559_e7f2f245,2026-04-26T01:02:36,AAMkADkwZmQ0YTA5LWE0M2MtNDk3Ni1hMzUzLTE0OTQxZDcwZWExMgBGAAAAAADJoyAzIWZBQakanooks8Z-BwBz4_gG-XGLQKeK0wIDJ6A7AAV36zxOAABz4_gG-XGLQKeK0wIDJ6A7AAWV9IeQAAA=,Aprobado- Factura  -  FVE1 - 16671 - Radicado 190849 - JENNIFER CAROLINA MERCHAN RUEDA - Dirección administrativa y financiera -Compras - NA,dian_FVE116671.pdf,4e75c5be72e8ca704045c383b14b3602d6a0e1af9cc3c5f8a2eb5cffce349b954c09a69f9bddcffa05d63d994c8c252a,FVE1-16671,2025-12-26,FVE116671.zip,ok,OK_REGISTRADA,7,,25.692,7,7,AIDX|SUBJECT,
20260425_210559_e7f2f245,2026-04-26T01:03:03,AAMkADkwZmQ0YTA5LWE0M2MtNDk3Ni1hMzUzLTE0OTQxZDcwZWExMgBGAAAAAADJoyAzIWZBQakanooks8Z-BwBz4_gG-XGLQKeK0wIDJ6A7AAV36zxOAABz4_gG-XGLQKeK0wIDJ6A7AAWV9IePAAA=,Aprobado- Factura  -  SETG-980000008 - Radicado 190846 - GONZALEZ TILANO ANDREA - Dirección administrativa y financiera -Compras - NA,3b98ff1974c5b1af164da070600bd12b7356349d7a21f4fb0267d8ed20a450d0a29ae565621ced15b20e9afbca684c1a.pdf,3b98ff1974c5b1af164da070600bd12b7356349d7a21f4fb0267d8ed20a450d0a29ae565621ced15b20e9afbca684c1a,SETG-980000008,2026-03-04,Attachment-SETG980000008.zip,ok,OK_REGISTRADA,7,,26.644,7,7,AIDX|SUBJECT,
20260425_210559_e7f2f245,2026-04-26T01:03:29,AAMkADkwZmQ0YTA5LWE0M2MtNDk3Ni1hMzUzLTE0OTQxZDcwZWExMgBGAAAAAADJoyAzIWZBQakanooks8Z-BwBz4_gG-XGLQKeK0wIDJ6A7AAV36zxOAABz4_gG-XGLQKeK0wIDJ6A7AAWV9IeOAAA=,Aprobado- Factura  -  FE-4924 - Radicado 190772 - HOTEL LONDRES REAL - Cesar Red Terciaria - NA,FE4924.pdf,747277a57e3569d983139b6f572ccb5762e48ea6fde1431b7977259709428bff2aaa78b19682e7480f7e46741c26f70a,FE-4924,2024-09-09,FE4924.zip,ok,OK_REGISTRADA,7,,26.215,7,7,AIDX|SUBJECT,
20260425_210559_e7f2f245,2026-04-26T01:03:56,AAMkADkwZmQ0YTA5LWE0M2MtNDk3Ni1hMzUzLTE0OTQxZDcwZWExMgBGAAAAAADJoyAzIWZBQakanooks8Z-BwBz4_gG-XGLQKeK0wIDJ6A7AAV36zxOAABz4_gG-XGLQKeK0wIDJ6A7AAWV9IeNAAA=,Aprobado- Factura  -  FEMA9980 - Radicado 190763 - DELGADO ECHEVERRI JUAN DAVID - Transv. Libertador - NA,dian_FEMA9980.pdf,6b3ea1c929fc8c998c6744c3ed10735821486412398446d76de2e7a1acf23a5e96a8215b36c4471b9a0365d6ca627fc8,FEMA9980,2026-01-19,FEMA9980.zip,ok,OK_REGISTRADA,7,,27.054,7,7,AIDX|SUBJECT,
20260425_210559_e7f2f245,2026-04-26T01:04:23,AAMkADkwZmQ0YTA5LWE0M2MtNDk3Ni1hMzUzLTE0OTQxZDcwZWExMgBGAAAAAADJoyAzIWZBQakanooks8Z-BwBz4_gG-XGLQKeK0wIDJ6A7AAV36zxOAABz4_gG-XGLQKeK0wIDJ6A7AAWV9IeMAAA=,Aprobado- Factura  -  ARR109177 - Radicado 190750 - VIVIENDAS Y VALORES SA - Cucutilla - Cornejo - NA,ad08905013570002600006507.pdf,0a2995af7319e3257da455b8164e7475cd12705228f4cdbcf21848a3350c197882386e847323f39575dda6847beb0381,ARR109177,2025-11-28,z08905013570002600006507.zip,ok,OK_REGISTRADA,7,,27.224,7,7,AIDX|SUBJECT,
20260425_210559_e7f2f245,2026-04-26T01:04:49,AAMkADkwZmQ0YTA5LWE0M2MtNDk3Ni1hMzUzLTE0OTQxZDcwZWExMgBGAAAAAADJoyAzIWZBQakanooks8Z-BwBz4_gG-XGLQKeK0wIDJ6A7AAV36zxOAABz4_gG-XGLQKeK0wIDJ6A7AAWV9IeLAAA=,Aprobado- Factura  -  FEA12 - Radicado 190751 - ALIS CRISTINA DIAZ BARRIOS - Pto. Gaitán – Pte. Arimena - NA,dian_FEA12.pdf,4ef0a28244dc0c9ce3d83bf19b33d6882488da0896d4d44907c13d323dadd1dab56dd01108ae1e3d1dcc0fac0dbc2584,FEA12,2025-11-04,FEA12.zip,ok,OK_REGISTRADA,7,,25.663,7,7,AIDX|SUBJECT,
20260425_210559_e7f2f245,2026-04-26T01:05:15,AAMkADkwZmQ0YTA5LWE0M2MtNDk3Ni1hMzUzLTE0OTQxZDcwZWExMgBGAAAAAADJoyAzIWZBQakanooks8Z-BwBz4_gG-XGLQKeK0wIDJ6A7AAV36zxOAABz4_gG-XGLQKeK0wIDJ6A7AAWV9IeKAAA=,Aprobado- Factura  -  FE341400 - Radicado 191129 - LABORATORIO CLINICO COLMEDICOS IPS SAS - Cartago - Calarcá - NA,FE341400.pdf,90ca050366e85d45abb7ccac2ba5590ee668b0ec6e27be13a104499a8fdbf8078d902cdd696ab37e66c3f68687b0cee7,FE341400,2026-02-23,ad08000491040712666806854.zip,ok,OK_REGISTRADA,7,,26.06,7,7,AIDX|SUBJECT,
20260425_210559_e7f2f245,2026-04-26T01:05:41,AAMkADkwZmQ0YTA5LWE0M2MtNDk3Ni1hMzUzLTE0OTQxZDcwZWExMgBGAAAAAADJoyAzIWZBQakanooks8Z-BwBz4_gG-XGLQKeK0wIDJ6A7AAV36zxOAABz4_gG-XGLQKeK0wIDJ6A7AAWV9IeJAAA=,Aprobado- Factura  -  CAMR17955 - Radicado 191130 - DISTRIBUIDORA BOSCONIA - Red Férrea Atlántico - NA,CAMR17955.pdf,032a0ebdfaf52e3e1a7f0c3321124b62b3f8a245c6b7955994d1bc9ec3843e5703f2ab94fcb32bafdffb17331c42a670,CAMR17955,2026-03-13,Factura CAMR17955.zip,ok,OK_REGISTRADA,7,,26.007,7,7,AIDX|SUBJECT,
20260425_210559_e7f2f245,2026-04-26T01:06:09,AAMkADkwZmQ0YTA5LWE0M2MtNDk3Ni1hMzUzLTE0OTQxZDcwZWExMgBGAAAAAADJoyAzIWZBQakanooks8Z-BwBz4_gG-XGLQKeK0wIDJ6A7AAV36zxOAABz4_gG-XGLQKeK0wIDJ6A7AAWV9IeIAAA=,Aprobado- Factura  -  IAS 552 - Radicado 190730 - INVERSIONES INMOBILIARIAS Y AGROPECUARIAS S.A.S - Red Férrea Atlántico - NA,fv0900554468008260000000c.pdf,887590573dc30ee3657c1b07e7a8120ce52ff622e7f8d0af98115d4467156157fcbee77afbbb24c189e44decfb357366,IAS552,2026-02-27,z0900554468008260000000c.zip,ok,OK_REGISTRADA,7,,28.451,7,7,AIDX|SUBJECT,
20260425_210559_e7f2f245,2026-04-26T01:07:07,AAMkADkwZmQ0YTA5LWE0M2MtNDk3Ni1hMzUzLTE0OTQxZDcwZWExMgBGAAAAAADJoyAzIWZBQakanooks8Z-BwBz4_gG-XGLQKeK0wIDJ6A7AAV36zxOAABz4_gG-XGLQKeK0wIDJ6A7AAWV9IeHAAA=,Aprobado- Factura  -  POSW-1158 - Radicado 190720 - LAUREL HOTELS SAS - Dirección administrativa y financiera -Compras - DIAN,b107952d97d4cc5cedf644df1f939b50dccf3ecefda5c4d11cb0f7c073ae61ecad87c8130d9a50a83dc37666571ec1fe.pdf,b107952d97d4cc5cedf644df1f939b50dccf3ecefda5c4d11cb0f7c073ae61ecad87c8130d9a50a83dc37666571ec1fe,POSW-1158,2026-02-26,(PDF_APROBADAS_FALLBACK),ok_pdf_aprobadas_fallback,OK_REGISTRADA_FALLBACK_PDF,7,,57.892,7,7,PDF_APROBADAS|SUBJECT,
20260425_210559_e7f2f245,2026-04-26T01:07:34,AAMkADkwZmQ0YTA5LWE0M2MtNDk3Ni1hMzUzLTE0OTQxZDcwZWExMgBGAAAAAADJoyAzIWZBQakanooks8Z-BwBz4_gG-XGLQKeK0wIDJ6A7AAV36zxOAABz4_gG-XGLQKeK0wIDJ6A7AAWVL1NZAAA=,Aprobado- Factura  -  257-76470 - Radicado 191103 - AGENCIA DE VIAJES Y TURISMO AVIATUR S.A.S - Dirección administrativa y financiera -Compras - NA,ad08600000180442600182000.pdf,fdc250d8352fcd94e41cef7d7267270fbcf72e0acc51ed7430da09139e4d56e26dce9896f08ba8e8c64e210a2a1933c2,25776470,2026-03-11,z08600000180442600182000.zip,ok,OK_REGISTRADA,7,,27.128,7,7,AIDX|SUBJECT,
20260425_210559_e7f2f245,2026-04-26T01:08:01,AAMkADkwZmQ0YTA5LWE0M2MtNDk3Ni1hMzUzLTE0OTQxZDcwZWExMgBGAAAAAADJoyAzIWZBQakanooks8Z-BwBz4_gG-XGLQKeK0wIDJ6A7AAV36zxOAABz4_gG-XGLQKeK0wIDJ6A7AAWVL1NYAAA=,Aprobado- Factura  -  257-76461 - Radicado 191015 - AGENCIA DE VIAJES Y TURISMO AVIATUR S.A.S - Red Férrea Atlántico - NA,ad08600000180442600177415.pdf,f64275c712398c0bb7b157d6590f17159c39d5471c4d15383889dd200b13c7f1ca7c5758e0f4d8e6fd99947b28d07ba8,25776461,2026-03-10,z08600000180442600177415.zip,ok,OK_REGISTRADA,7,,26.344,7,7,AIDX|SUBJECT,
20260425_210559_e7f2f245,2026-04-26T01:08:20,AAMkADkwZmQ0YTA5LWE0M2MtNDk3Ni1hMzUzLTE0OTQxZDcwZWExMgBGAAAAAADJoyAzIWZBQakanooks8Z-BwBz4_gG-XGLQKeK0wIDJ6A7AAV36zxOAABz4_gG-XGLQKeK0wIDJ6A7AAWVL1NXAAA=,Aprobado- Factura  -  257-76349 - Radicado 190953 - AGENCIA DE VIAJES Y TURISMO AVIATUR S.A.S - 328 SC_FDT_DAMASO - NA,Factura 257-76349.pdf,3c03ed974036259a429ed179eb8db08c25816fad9ba6ea5668ed481dfdb761d46effb672e63cd4e49cc71b2625f58e7a,ELEMENTO3124477972,2026-02-26,(PDF_APROBADAS_FALLBACK),ok_pdf_aprobadas_fallback,OK_REGISTRADA_FALLBACK_PDF,7,,19.854,7,7,PDF_APROBADAS|SUBJECT,
20260425_210559_e7f2f245,2026-04-26T01:08:47,AAMkADkwZmQ0YTA5LWE0M2MtNDk3Ni1hMzUzLTE0OTQxZDcwZWExMgBGAAAAAADJoyAzIWZBQakanooks8Z-BwBz4_gG-XGLQKeK0wIDJ6A7AAV36zxOAABz4_gG-XGLQKeK0wIDJ6A7AAWVL1NWAAA=,Aprobado- Factura  -  257-76422 - Radicado 190950 - AGENCIA DE VIAJES Y TURISMO AVIATUR S.A.S - 01-2025-327 TOYO T2 S1 - NA,ad08600000180442600166041.pdf,1a916898c7c8fceffa603dcaacd9f9ad7a8cc5d24c5e427e30e5099b74b41df863680b9be8a571bbb6451b3ade774941,25776422,2025-09-19,z08600000180442600166041.zip,ok,OK_REGISTRADA,7,,26.372,7,7,AIDX|SUBJECT,
20260425_210559_e7f2f245,2026-04-26T01:09:13,AAMkADkwZmQ0YTA5LWE0M2MtNDk3Ni1hMzUzLTE0OTQxZDcwZWExMgBGAAAAAADJoyAzIWZBQakanooks8Z-BwBz4_gG-XGLQKeK0wIDJ6A7AAV36zxOAABz4_gG-XGLQKeK0wIDJ6A7AAWVL1NVAAA=,Aprobado- Factura  -  257-76418 - Radicado 190938 - AGENCIA DE VIAJES Y TURISMO AVIATUR S.A.S - 01-2025-327 TOYO T2 S1 - NA,ad08600000180442600165222.pdf,39a1f5e4aa50cfc9e83687b2b396807d204fc76aacc029b21803fbeaf0fceaef3c7fae798b58afb46da6b570666bb704,25776418,2025-09-19,z08600000180442600165222.zip,ok,OK_REGISTRADA,7,,26.062,7,7,AIDX|SUBJECT,
20260425_210559_e7f2f245,2026-04-26T01:09:39,AAMkADkwZmQ0YTA5LWE0M2MtNDk3Ni1hMzUzLTE0OTQxZDcwZWExMgBGAAAAAADJoyAzIWZBQakanooks8Z-BwBz4_gG-XGLQKeK0wIDJ6A7AAV36zxOAABz4_gG-XGLQKeK0wIDJ6A7AAWVL1NUAAA=,Aprobado- Factura  -  257-76401 - Radicado 190877 - AGENCIA DE VIAJES Y TURISMO AVIATUR S.A.S - Cucutilla - Cornejo - NA,ad08600000180442600159144.pdf,b46fd21f6cef9bac192c3a79e183f977db44dc52f935d42fa0cd6bfda15642712c143ac60631b5dc76ffa252268687be,25776401,2025-09-19,z08600000180442600159144.zip,ok,OK_REGISTRADA,7,,25.894,7,7,AIDX|SUBJECT,
20260425_210559_e7f2f245,2026-04-26T01:10:05,AAMkADkwZmQ0YTA5LWE0M2MtNDk3Ni1hMzUzLTE0OTQxZDcwZWExMgBGAAAAAADJoyAzIWZBQakanooks8Z-BwBz4_gG-XGLQKeK0wIDJ6A7AAV36zxOAABz4_gG-XGLQKeK0wIDJ6A7AAWVL1NTAAA=,Aprobado- Factura  -  257-76393 - Radicado 190790 - AGENCIA DE VIAJES Y TURISMO AVIATUR S.A.S - Cucutilla - Cornejo - NA,ad08600000180442600154768.pdf,ece9907553a7759beee910274cf277d127fed9b29758bbeebdebab07887151387f622df2708325fe0efb385144c1a99e,25776393,2025-09-19,z08600000180442600154768.zip,ok,OK_REGISTRADA,7,,26.54,7,7,AIDX|SUBJECT,
20260425_210559_e7f2f245,2026-04-26T01:10:32,AAMkADkwZmQ0YTA5LWE0M2MtNDk3Ni1hMzUzLTE0OTQxZDcwZWExMgBGAAAAAADJoyAzIWZBQakanooks8Z-BwBz4_gG-XGLQKeK0wIDJ6A7AAV36zxOAABz4_gG-XGLQKeK0wIDJ6A7AAWVL1NSAAA=,Aprobado- Factura  -  257-76385 - Radicado 190757 - AGENCIA DE VIAJES Y TURISMO AVIATUR S.A.S - Dirección administrativa y financiera -Compras - NA,ad08600000180442600149623.pdf,ee1ad4a41980f7ab7a48e8fd2204ee4d680d3539d0d5e0949f49049d075d0bb930a3bab75d84e8285a39274171a66989,25776385,2025-09-19,z08600000180442600149623.zip,ok,OK_REGISTRADA,7,,26.783,7,7,AIDX|SUBJECT,
20260425_210559_e7f2f245,2026-04-26T01:10:58,AAMkADkwZmQ0YTA5LWE0M2MtNDk3Ni1hMzUzLTE0OTQxZDcwZWExMgBGAAAAAADJoyAzIWZBQakanooks8Z-BwBz4_gG-XGLQKeK0wIDJ6A7AAV36zxOAABz4_gG-XGLQKeK0wIDJ6A7AAWVL1NRAAA=,Aprobado- Factura  -  AFSV 634 - Radicado 191077 - CONTRERAS NUVAN WILSON - AMV Caquetá - NA,fv00176407700082600000322.pdf,08244c8caf45066927d7e4acee532462dd810bb29081523ee71c5da89023f6b69287b92b4e5331e290315337fcdc1cf4,AFSV634,2026-03-11,z00176407700082600000322.zip,ok,OK_REGISTRADA,7,,25.966,7,7,AIDX|SUBJECT,
20260425_210559_e7f2f245,2026-04-26T01:11:24,AAMkADkwZmQ0YTA5LWE0M2MtNDk3Ni1hMzUzLTE0OTQxZDcwZWExMgBGAAAAAADJoyAzIWZBQakanooks8Z-BwBz4_gG-XGLQKeK0wIDJ6A7AAV36zxOAABz4_gG-XGLQKeK0wIDJ6A7AAWVL1NQAAA=,Aprobado- Factura  -  FE-227 - Radicado 191108 - GRUPO EMPRESARIAL SAN LUIS SAS - Red Férrea Atlántico - NA,f77cab32362bcac46339346f74cd063c9e4505596c49020a0463ebb058dce36d7f5287ad7c4ce1775d00644e8091a039.pdf,f77cab32362bcac46339346f74cd063c9e4505596c49020a0463ebb058dce36d7f5287ad7c4ce1775d00644e8091a039,FE-227,2026-03-12,Attachment-FE227.zip,ok,OK_REGISTRADA,7,,26.039,7,7,AIDX|SUBJECT,
20260425_210559_e7f2f245,2026-04-26T01:11:53,AAMkADkwZmQ0YTA5LWE0M2MtNDk3Ni1hMzUzLTE0OTQxZDcwZWExMgBGAAAAAADJoyAzIWZBQakanooks8Z-BwBz4_gG-XGLQKeK0wIDJ6A7AAV36zxOAABz4_gG-XGLQKeK0wIDJ6A7AAWVL1NPAAA=,Aprobado- Factura  -  FE 1379 - Radicado 190866 - BRILLOS PELUQUERIA SPA 2018 - Icosaedro S.A.S. - NA,a19c20e0-3933-434d-b87d-908792aa485b.pdf,929d137b3d169d7a02ae059b3af25515fbac5830eba868ce9b83dec63538de9f4b692921c07f222dd437de30dfb8c464,FE1379,2027-01-21,a19c20e0-3933-434d-b87d-908792aa485b.zip,ok,OK_REGISTRADA,7,,28.53,7,7,AIDX|SUBJECT,
20260425_210559_e7f2f245,2026-04-26T01:12:19,AAMkADkwZmQ0YTA5LWE0M2MtNDk3Ni1hMzUzLTE0OTQxZDcwZWExMgBGAAAAAADJoyAzIWZBQakanooks8Z-BwBz4_gG-XGLQKeK0wIDJ6A7AAV36zxOAABz4_gG-XGLQKeK0wIDJ6A7AAWVL1NOAAA=,Aprobado- Factura  -  QASI - 11229 - Radicado 190855 - QUALITY AGENCY SAS - Nica Inmuebles S.A.S. - NA,fv09009241970612600000552.pdf,9c03d8a3847060ed433bfa3a4db8edbd8eeeee2515bd53d03b5a947662b3feb292e97bea1d7201bcf85cfad81defe9c4,QASI-11229,2026-03-02,ad09009241970612600000552.zip,ok,OK_REGISTRADA,7,,26.213,7,7,AIDX|SUBJECT,
20260425_210559_e7f2f245,2026-04-26T01:12:46,AAMkADkwZmQ0YTA5LWE0M2MtNDk3Ni1hMzUzLTE0OTQxZDcwZWExMgBGAAAAAADJoyAzIWZBQakanooks8Z-BwBz4_gG-XGLQKeK0wIDJ6A7AAV36zxOAABz4_gG-XGLQKeK0wIDJ6A7AAWVL1NNAAA=,Aprobado- Factura  -  FE34249 - Radicado 190801 - EDIFICIO INFINITUM PROPIEDAD HORIZONTAL - Nica Inmuebles S.A.S. - NA,ad090123443201626000085c9.pdf,024b00c14e8e9f997ee2267bea91ff4b41df8a379bee446f4a6874edc6e07590dd2a2e391160af62d9d569a82cab5331,FE34249,2025-06-04,z090123443201626000085c9.zip,ok,OK_REGISTRADA,7,,27.264,7,7,AIDX|SUBJECT,
20260425_210559_e7f2f245,2026-04-26T01:13:13,AAMkADkwZmQ0YTA5LWE0M2MtNDk3Ni1hMzUzLTE0OTQxZDcwZWExMgBGAAAAAADJoyAzIWZBQakanooks8Z-BwBz4_gG-XGLQKeK0wIDJ6A7AAV36zxOAABz4_gG-XGLQKeK0wIDJ6A7AAWVL1NMAAA=,Aprobado- Factura  -  FE10-55365 - Radicado 190761 - COMERCIAL PAPELERA SA - Icosaedro S.A.S. - NA,ad08605283960072600055365.pdf,81dbd147723ad527c2810111a100b822a04969ae2a8d48b5356df220d94702bf257a657db6e600bf77d28afb86c8a14d,FE10-55365,2026-02-28,z08605283960072600055365.zip,ok,OK_REGISTRADA,7,,27.151,7,7,AIDX|SUBJECT,
20260425_210559_e7f2f245,2026-04-26T01:13:41,AAMkADkwZmQ0YTA5LWE0M2MtNDk3Ni1hMzUzLTE0OTQxZDcwZWExMgBGAAAAAADJoyAzIWZBQakanooks8Z-BwBz4_gG-XGLQKeK0wIDJ6A7AAV36zxOAABz4_gG-XGLQKeK0wIDJ6A7AAWVL1NLAAA=,Aprobado- Factura  -  FE10-55146 - Radicado 190760 - COMERCIAL PAPELERA SA - Icosaedro S.A.S. - NA,ad08605283960072600055146.pdf,53029f4926dcf9d8f2cb5c36a20460d2ecee3e87cd955c5f5925dc63b58e2359380de2da06e36c9fce3c01108fda34d4,FE10-55146,2026-02-27,z08605283960072600055146.zip,ok,OK_REGISTRADA,7,,28.12,7,7,AIDX|SUBJECT,
20260425_210559_e7f2f245,2026-04-26T01:14:09,AAMkADkwZmQ0YTA5LWE0M2MtNDk3Ni1hMzUzLTE0OTQxZDcwZWExMgBGAAAAAADJoyAzIWZBQakanooks8Z-BwBz4_gG-XGLQKeK0wIDJ6A7AAV36zxOAABz4_gG-XGLQKeK0wIDJ6A7AAWVL1NKAAA=,Aprobado- Factura  -  061299102 - Radicado 190759 - SODIMAC COLOMBIA SA - Icosaedro S.A.S. - NA,ad09001163190272678120260302074836302.pdf,cb5034cac6413a808e97b2f2daae2a3e8d9370b36f0b0605678be69ac1eb85e5baad168bf64982a12cc2c32fcd955442,061299102,,ad09001163190272678120260302074836302.zip,ok,OK_REGISTRADA,7,,27.401,7,7,AIDX|SUBJECT,
20260425_210559_e7f2f245,2026-04-26T01:14:30,AAMkADkwZmQ0YTA5LWE0M2MtNDk3Ni1hMzUzLTE0OTQxZDcwZWExMgBGAAAAAADJoyAzIWZBQakanooks8Z-BwBz4_gG-XGLQKeK0wIDJ6A7AAV36zxOAABz4_gG-XGLQKeK0wIDJ6A7AAWVL1NJAAA=,Aprobado- Factura  -  BG 919 - Radicado 190664 - JHOAN SEBASTIAN PEÑUELA GOMEZ - Nica Inmuebles S.A.S. - NA,3. Factura pirlanes apto 2501.pdf,280aedb8ce5d6a17c8e91adeb0603d7de73177bd863f1c01eb3e70c81499a26761bff92fffd8b7782b5dc91375c438a5,BG919,2026-02-24,(PDF_APROBADAS_FALLBACK),ok_pdf_aprobadas_fallback,OK_REGISTRADA_FALLBACK_PDF,7,,20.874,7,7,PDF_APROBADAS|SUBJECT,
20260425_210559_e7f2f245,2026-04-26T01:15:31,AAMkADkwZmQ0YTA5LWE0M2MtNDk3Ni1hMzUzLTE0OTQxZDcwZWExMgBGAAAAAADJoyAzIWZBQakanooks8Z-BwBz4_gG-XGLQKeK0wIDJ6A7AAV36zxOAABz4_gG-XGLQKeK0wIDJ6A7AAWVL1NIAAA=,Aprobado- Factura  -  FE-252 - Radicado 190642 - SUNYAGRO SAS - Icosaedro S.A.S. - DIAN,c71142cf1240118806872db2dcdfded5d98129dfeb51ae8d111234ba18903a5e8e60f980f665415536e9db17d14a5b46.pdf,c71142cf1240118806872db2dcdfded5d98129dfeb51ae8d111234ba18903a5e8e60f980f665415536e9db17d14a5b46,FE-252,2026-02-20,(PDF_APROBADAS_FALLBACK),ok_pdf_aprobadas_fallback,OK_REGISTRADA_FALLBACK_PDF,7,,61.557,7,7,PDF_APROBADAS|SUBJECT,
20260425_210559_e7f2f245,2026-04-26T01:16:30,AAMkADkwZmQ0YTA5LWE0M2MtNDk3Ni1hMzUzLTE0OTQxZDcwZWExMgBGAAAAAADJoyAzIWZBQakanooks8Z-BwBz4_gG-XGLQKeK0wIDJ6A7AAV36zxOAABz4_gG-XGLQKeK0wIDJ6A7AAWVL1NHAAA=,Aprobado- Factura  -  CM05-141438 - Radicado 190641 - CRYSTAL S.A.S - Icosaedro S.A.S. - DIAN,e40e4564a1ef3a9e0b3b82b426d1155b7f78d623663c451e1293fe59c8a752566708462c14b115a019c10f742c14f488.pdf,e40e4564a1ef3a9e0b3b82b426d1155b7f78d623663c451e1293fe59c8a752566708462c14b115a019c10f742c14f488,CM05-141438,2026-02-23,(PDF_APROBADAS_FALLBACK),ok_pdf_aprobadas_fallback,OK_REGISTRADA_FALLBACK_PDF,7,,58.899,7,7,PDF_APROBADAS|SUBJECT,
20260425_210559_e7f2f245,2026-04-26T01:17:31,AAMkADkwZmQ0YTA5LWE0M2MtNDk3Ni1hMzUzLTE0OTQxZDcwZWExMgBGAAAAAADJoyAzIWZBQakanooks8Z-BwBz4_gG-XGLQKeK0wIDJ6A7AAV36zxOAABz4_gG-XGLQKeK0wIDJ6A7AAWVL1NGAAA=,Aprobado- Factura  -  1202- 100404276 - Radicado 190640 - SODIMAC COLOMBIA SA - Icosaedro S.A.S. - DIAN,629a24dbc89c09c3b1c7bc604e0211840136737c75a7e9077706f3251ec4392d9caf31f2b12203e6ac196806cc3595f1.pdf,629a24dbc89c09c3b1c7bc604e0211840136737c75a7e9077706f3251ec4392d9caf31f2b12203e6ac196806cc3595f1,COP50,2026-02-23,(PDF_APROBADAS_FALLBACK),ok_pdf_aprobadas_fallback,OK_REGISTRADA_FALLBACK_PDF,7,,60.532,7,7,PDF_APROBADAS|SUBJECT,
20260425_210559_e7f2f245,2026-04-26T01:18:36,AAMkADkwZmQ0YTA5LWE0M2MtNDk3Ni1hMzUzLTE0OTQxZDcwZWExMgBGAAAAAADJoyAzIWZBQakanooks8Z-BwBz4_gG-XGLQKeK0wIDJ6A7AAV36zxOAABz4_gG-XGLQKeK0wIDJ6A7AAWVL1NFAAA=,Aprobado- Factura  -  CM04-140574 - Radicado 190639 - CRYSTAL S.A.S - Icosaedro S.A.S. - DIAN,f8e236367a021399e87963c4969e7dbe281745de7e0cf9b914dcdf1d34653e039e6fa7069b520d9801916deb5d06b066.pdf,f8e236367a021399e87963c4969e7dbe281745de7e0cf9b914dcdf1d34653e039e6fa7069b520d9801916deb5d06b066,CM04-140574,2026-02-24,(PDF_APROBADAS_FALLBACK),ok_pdf_aprobadas_fallback,OK_REGISTRADA_FALLBACK_PDF,7,,65.473,7,7,PDF_APROBADAS|SUBJECT,
20260425_210559_e7f2f245,2026-04-26T01:19:36,AAMkADkwZmQ0YTA5LWE0M2MtNDk3Ni1hMzUzLTE0OTQxZDcwZWExMgBGAAAAAADJoyAzIWZBQakanooks8Z-BwBz4_gG-XGLQKeK0wIDJ6A7AAV36zxOAABz4_gG-XGLQKeK0wIDJ6A7AAWVL1NEAAA=,Aprobado- Factura  -  FE-25442 - Radicado 190638 - TDG TECHNOLOGIES SAS - Icosaedro S.A.S. - DIAN,bed11c2fc26f22e9c9e6f08fd3f3f2ef331bfb623cf8c3f3e195aba4d305c15dc8af07dbbac0591ae93cd5eddf4b3303.pdf,bed11c2fc26f22e9c9e6f08fd3f3f2ef331bfb623cf8c3f3e195aba4d305c15dc8af07dbbac0591ae93cd5eddf4b3303,FE-25442,2026-02-20,(PDF_APROBADAS_FALLBACK),ok_pdf_aprobadas_fallback,OK_REGISTRADA_FALLBACK_PDF,7,,59.579,7,7,PDF_APROBADAS|SUBJECT,
20260425_210559_e7f2f245,2026-04-26T01:20:41,AAMkADkwZmQ0YTA5LWE0M2MtNDk3Ni1hMzUzLTE0OTQxZDcwZWExMgBGAAAAAADJoyAzIWZBQakanooks8Z-BwBz4_gG-XGLQKeK0wIDJ6A7AAV36zxOAABz4_gG-XGLQKeK0wIDJ6A7AAWVL1NDAAA=,Aprobado- Factura  -  FVE-5486 - Radicado 190637 - L'ATELIER KAT ARNO SAS - Icosaedro S.A.S. - DIAN,97ffe450d615bfeeeed5a392f2799b1559a90b1a543d41778b504c1080ad4d3e2706651ff325fba48fa69caf5d76945b.pdf,97ffe450d615bfeeeed5a392f2799b1559a90b1a543d41778b504c1080ad4d3e2706651ff325fba48fa69caf5d76945b,FVE-5486,2026-02-17,(PDF_APROBADAS_FALLBACK),ok_pdf_aprobadas_fallback,OK_REGISTRADA_FALLBACK_PDF,7,,65.079,7,7,PDF_APROBADAS|SUBJECT,
20260425_210559_e7f2f245,2026-04-26T01:21:10,AAMkADkwZmQ0YTA5LWE0M2MtNDk3Ni1hMzUzLTE0OTQxZDcwZWExMgBGAAAAAADJoyAzIWZBQakanooks8Z-BwBz4_gG-XGLQKeK0wIDJ6A7AAV36zxOAABz4_gG-XGLQKeK0wIDJ6A7AAWVL1NCAAA=,Aprobado- Factura  -  E-219 - Radicado 190636 - ARTE Y COLOR PUBLICIDAD SAS - Icosaedro S.A.S. - NA,6fc0d81af7cf18ad3d9fd21b1cf8a9912c620e7cb64f26b7f00282c068aa19cd75a388341556f04b024bbc443fc8b6d6.pdf,6fc0d81af7cf18ad3d9fd21b1cf8a9912c620e7cb64f26b7f00282c068aa19cd75a388341556f04b024bbc443fc8b6d6,E-219,2026-02-16,arte y color.zip,ok,OK_REGISTRADA,7,,28.958,7,7,AIDX|SUBJECT,
20260425_210559_e7f2f245,2026-04-26T01:21:37,AAMkADkwZmQ0YTA5LWE0M2MtNDk3Ni1hMzUzLTE0OTQxZDcwZWExMgBGAAAAAADJoyAzIWZBQakanooks8Z-BwBz4_gG-XGLQKeK0wIDJ6A7AAV36zxOAABz4_gG-XGLQKeK0wIDJ6A7AAWVL1NBAAA=,Aprobado- Factura  -  1205- 100397712 - Radicado 190635 - SODIMAC COLOMBIA SA - Icosaedro S.A.S. - NA,d2a904361906b18fbba89d02b88884c3469e1eca810102c0e221ea2179973ef20d1967ffca63a467aab7308e9667888e.pdf,d2a904361906b18fbba89d02b88884c3469e1eca810102c0e221ea2179973ef20d1967ffca63a467aab7308e9667888e,1205100397712,2026-02-04,SODIMAC 61800.zip,ok,OK_REGISTRADA,7,,26.914,7,7,AIDX|SUBJECT,
20260425_210559_e7f2f245,2026-04-26T01:22:04,AAMkADkwZmQ0YTA5LWE0M2MtNDk3Ni1hMzUzLTE0OTQxZDcwZWExMgBGAAAAAADJoyAzIWZBQakanooks8Z-BwBz4_gG-XGLQKeK0wIDJ6A7AAV36zxOAABz4_gG-XGLQKeK0wIDJ6A7AAWVL1NAAAA=,Aprobado- Factura  -  FEFO674879 - Radicado 190604 - DECATHLON COLOMBIA SAS - Icosaedro S.A.S. - NA,ad090086827101026105694771.pdf,60ab00ffc1794c2dc534c486dccf02e7f4e3cdb28bab089480d57154d485fee7c86ab1ff065941538ecc9a76d0ea9773,FEFO674879,2026-02-23,z090086827101026105694771.zip,ok,OK_REGISTRADA,7,,27.122,7,7,AIDX|SUBJECT,
20260425_210559_e7f2f245,2026-04-26T01:22:24,AAMkADkwZmQ0YTA5LWE0M2MtNDk3Ni1hMzUzLTE0OTQxZDcwZWExMgBGAAAAAADJoyAzIWZBQakanooks8Z-BwBz4_gG-XGLQKeK0wIDJ6A7AAV36zxOAABz4_gG-XGLQKeK0wIDJ6A7AAWVL1M-AAA=,Aprobado- Póliza 012002315401 -  10122003069 - Radicado 190543 - SEGUROS GENERALES SURAMERICANA SA - Nica Inmuebles S.A.S. - ,2. Factura póliza Sura apto 702.pdf,96d84c8fb8eca9b205f61a4d35dee9afa09de0b6d908be708f6f029615d091908f643ff7bc5c8ca4a58a5070d4613805,COBRO17180576,2026-02-19,(PDF_APROBADAS_FALLBACK),ok_pdf_aprobadas_fallback,OK_REGISTRADA_FALLBACK_PDF,7,,19.868,7,7,PDF_APROBADAS|SUBJECT,
20260425_210559_e7f2f245,2026-04-26T01:22:45,AAMkADkwZmQ0YTA5LWE0M2MtNDk3Ni1hMzUzLTE0OTQxZDcwZWExMgBGAAAAAADJoyAzIWZBQakanooks8Z-BwBz4_gG-XGLQKeK0wIDJ6A7AAV36zxOAABz4_gG-XGLQKeK0wIDJ6A7AAWVL1M_AAA=,Aprobado- Factura  -  25 1432396 - Radicado 190534 - CHALLENGER SAS - Nica Inmuebles S.A.S. - NA,ad08600170050072601432396.pdf,251432396202602191200a451a9a0969723c6d9f3762b6abe02ab1b084624cc5857ba873161d40b5b8bf3b59f8a0e9c5,CONTADO240021101,2026-02-19,(PDF_APROBADAS_FALLBACK),ok_pdf_aprobadas_fallback,OK_REGISTRADA_FALLBACK_PDF,7,,21.159,7,7,PDF_APROBADAS|SUBJECT,
20260425_210559_e7f2f245,2026-04-26T01:23:12,AAMkADkwZmQ0YTA5LWE0M2MtNDk3Ni1hMzUzLTE0OTQxZDcwZWExMgBGAAAAAADJoyAzIWZBQakanooks8Z-BwBz4_gG-XGLQKeK0wIDJ6A7AAV36zxOAABz4_gG-XGLQKeK0wIDJ6A7AAWVL1M9AAA=,Aprobado- Factura  -  FVE5486 - Radicado 190500 - L'ATELIER KAT ARNO SAS - Icosaedro S.A.S. - NA,fv09016928580002600000628.pdf,97ffe450d615bfeeeed5a392f2799b1559a90b1a543d41778b504c1080ad4d3e2706651ff325fba48fa69caf5d76945b,FVE5486,2026-02-17,fv09016928580002600000628.zip,ok,OK_REGISTRADA,7,,27.155,7,7,AIDX|SUBJECT,
20260425_210559_e7f2f245,2026-04-26T01:23:38,AAMkADkwZmQ0YTA5LWE0M2MtNDk3Ni1hMzUzLTE0OTQxZDcwZWExMgBGAAAAAADJoyAzIWZBQakanooks8Z-BwBz4_gG-XGLQKeK0wIDJ6A7AAV36zxOAABz4_gG-XGLQKeK0wIDJ6A7AAWVL1M8AAA=,Aprobado- Factura  -  FV140 - Radicado 190491 - INVERSIONES ROMEZ SAS - Icosaedro S.A.S. - NA,ad09006686670852600000015.pdf,9c18cd8f571740543d7b31985df432a88d5f84849019adb57f8721f2b79ea7a20aefefe37195fc48f1caa5f80e37a573,FV140,2026-02-18,z09006686670852600000015.zip,ok,OK_REGISTRADA,7,,26.226,7,7,AIDX|SUBJECT,
20260425_210559_e7f2f245,2026-04-26T01:24:03,AAMkADkwZmQ0YTA5LWE0M2MtNDk3Ni1hMzUzLTE0OTQxZDcwZWExMgBGAAAAAADJoyAzIWZBQakanooks8Z-BwBz4_gG-XGLQKeK0wIDJ6A7AAV36zxOAABz4_gG-XGLQKeK0wIDJ6A7AAWVL1M7AAA=,Aprobado- Factura  -  EB 000341141738 - Radicado 190487 - ETB E.S.P. EMPRESA DE TELECOMUNICACIONES DE BOGOTA SA ESP - Nica Inmuebles S.A.S. - NA,6. Factura ETB febrero Apto 601.pdf,12054335553cb47cb38ccaac1d058baa41eb9fdc3c3e3b93b9e88edaddacdcb2e6ede9c8cccbbf2a69bccccb81fcb9cc,EB000341141738,2024-12-27,(PDF_APROBADAS_FALLBACK),ok_pdf_aprobadas_fallback,OK_REGISTRADA_FALLBACK_PDF,7,,25.171,7,7,PDF_APROBADAS|SUBJECT,
20260425_210559_e7f2f245,2026-04-26T01:24:27,AAMkADkwZmQ0YTA5LWE0M2MtNDk3Ni1hMzUzLTE0OTQxZDcwZWExMgBGAAAAAADJoyAzIWZBQakanooks8Z-BwBz4_gG-XGLQKeK0wIDJ6A7AAV36zxOAABz4_gG-XGLQKeK0wIDJ6A7AAWVL1M6AAA=,Aprobado- Factura de servicio público  -  61865483 - Radicado 190486 - VANTI SA ESP - Nica Inmuebles S.A.S. - ,5. Factura gas enero Apto 601.pdf,,APTO601,,(REGISTRO_MINIMO:sin_cufe_o_pdf_no_legible),ok_registro_minimo,REGISTRADA,7,,23.85,7,7,REGISTRO_MINIMO,sin_cufe_o_pdf_no_legible
20260425_210559_e7f2f245,2026-04-26T01:24:54,AAMkADkwZmQ0YTA5LWE0M2MtNDk3Ni1hMzUzLTE0OTQxZDcwZWExMgBGAAAAAADJoyAzIWZBQakanooks8Z-BwBz4_gG-XGLQKeK0wIDJ6A7AAV36zxOAABz4_gG-XGLQKeK0wIDJ6A7AAWVL1M5AAA=,Aprobado- Factura  -  FEV - 822 - Radicado 190485 - JAIRO ANCISAR BEJARANO RUIZ - Nica Inmuebles S.A.S. - NA,3. Factura instalación estufa apto 2501.pdf,d662ca809044c97cd1e39e5beed16f8a60ecedc15b740d6635ceed03456bfb0be68fc5db3f827d4687e596436d4d1d2a,FEV-822,2025-12-12,(PDF_APROBADAS_FALLBACK),ok_pdf_aprobadas_fallback,OK_REGISTRADA_FALLBACK_PDF,7,,27.206,7,7,PDF_APROBADAS|SUBJECT,
20260425_210559_e7f2f245,2026-04-26T01:25:21,AAMkADkwZmQ0YTA5LWE0M2MtNDk3Ni1hMzUzLTE0OTQxZDcwZWExMgBGAAAAAADJoyAzIWZBQakanooks8Z-BwBz4_gG-XGLQKeK0wIDJ6A7AAV36zxOAABz4_gG-XGLQKeK0wIDJ6A7AAWVL1M4AAA=,Aprobado- Factura  -  CCFE - 35 - Radicado 190455 - CASSIA CAFÉ SAS - Icosaedro S.A.S. - NA,ad10154321970892600000035.pdf,5cb8cc79fc3c275b0fb5a57366a7d5cfe93922afddd08defa692cb77ffcc228a7dcd573f2b554ade002d65dbe1446fd4,CCFE-35,2026-02-16,z10154321970892600000035.zip,ok,OK_REGISTRADA,7,,26.653,7,7,AIDX|SUBJECT,
20260425_210559_e7f2f245,2026-04-26T01:25:43,AAMkADkwZmQ0YTA5LWE0M2MtNDk3Ni1hMzUzLTE0OTQxZDcwZWExMgBGAAAAAADJoyAzIWZBQakanooks8Z-BwBz4_gG-XGLQKeK0wIDJ6A7AAV36zxOAABz4_gG-XGLQKeK0wIDJ6A7AAWVL1M3AAA=,Aprobado- Factura  -  887 - Radicado 190454 - CASSIA CAFÉ SAS - Icosaedro S.A.S. - NA,Loggro Factura - 887.pdf,caacaacafea1015432197d28acacacaaaeae3114834752facadeea887feca16022026125503ceecedadedceededce900,887,2026-02-16,(PDF_APROBADAS_FALLBACK),ok_pdf_aprobadas_fallback,OK_REGISTRADA_FALLBACK_PDF,7,,21.67,7,7,PDF_APROBADAS|SUBJECT,
20260425_210559_e7f2f245,2026-04-26T01:26:12,AAMkADkwZmQ0YTA5LWE0M2MtNDk3Ni1hMzUzLTE0OTQxZDcwZWExMgBGAAAAAADJoyAzIWZBQakanooks8Z-BwBz4_gG-XGLQKeK0wIDJ6A7AAV36zxOAABz4_gG-XGLQKeK0wIDJ6A7AAWVL1M2AAA=,Aprobado- Factura  -  FW - 387929 - Radicado 190342 - FTECH COLOMBIA SAS - Nica Inmuebles S.A.S. - NA,dian_FW387929.pdf,358e1295107b3956e9df5ac00f0a4706d03cefb3a64431a49e5557118d3fc9b52dbd6286d2097a9b7d59c591007fb88d,FW-387929,2026-02-11,FW387929.zip,ok,OK_REGISTRADA,7,,29.455,7,7,AIDX|SUBJECT,
20260425_210559_e7f2f245,2026-04-26T01:26:40,AAMkADkwZmQ0YTA5LWE0M2MtNDk3Ni1hMzUzLTE0OTQxZDcwZWExMgBGAAAAAADJoyAzIWZBQakanooks8Z-BwBz4_gG-XGLQKeK0wIDJ6A7AAV36zxOAABz4_gG-XGLQKeK0wIDJ6A7AAWVL1M1AAA=,Aprobado- Factura  -  FECH 29525 - Radicado 190323 - DROGUERIAS JULIAO SA - Icosaedro S.A.S. - NA,fv08901010630152600029525.pdf,78410e7bbea21e59b94a04f806cef2be37a3c004345d6f883c55ddde36bb8fc2aa124ef5652383758339893357db6e69,FECH29525,2025-10-07,z08901010630152600029525.zip,ok,OK_REGISTRADA,7,,28.025,7,7,AIDX|SUBJECT,
20260425_210559_e7f2f245,2026-04-26T01:26:58,AAMkADkwZmQ0YTA5LWE0M2MtNDk3Ni1hMzUzLTE0OTQxZDcwZWExMgBGAAAAAADJoyAzIWZBQakanooks8Z-BwBz4_gG-XGLQKeK0wIDJ6A7AAV36zxOAABz4_gG-XGLQKeK0wIDJ6A7AAWVL1M0AAA=,Aprobado- Factura  -  SIN - Radicado 191090 - COOPERATIVA DE AHORRO Y CREDITO UNIMOS - Cartago - Calarcá - NA,SIN_ADJUNTO_APROBADO,,SIN,,(REGISTRO_MINIMO:sin_pdf_o_imagen_aprobada),ok_registro_minimo,REGISTRADA,7,,17.693,7,7,REGISTRO_MINIMO,sin_pdf_o_imagen_aprobada
20260425_210559_e7f2f245,2026-04-26T01:27:16,AAMkADkwZmQ0YTA5LWE0M2MtNDk3Ni1hMzUzLTE0OTQxZDcwZWExMgBGAAAAAADJoyAzIWZBQakanooks8Z-BwBz4_gG-XGLQKeK0wIDJ6A7AAV36zxOAABz4_gG-XGLQKeK0wIDJ6A7AAWVL1MzAAA=,Aprobado- Factura  -  SIN   - Radicado 191088 - COOPERATIVA DE AHORRO Y CREDITO UNIMOS - TM Av. 68 - NA,SIN_ADJUNTO_APROBADO,,SIN,,(REGISTRO_MINIMO:sin_pdf_o_imagen_aprobada),ok_registro_minimo,REGISTRADA,7,,18.064,7,7,REGISTRO_MINIMO,sin_pdf_o_imagen_aprobada
20260425_210559_e7f2f245,2026-04-26T01:27:43,AAMkADkwZmQ0YTA5LWE0M2MtNDk3Ni1hMzUzLTE0OTQxZDcwZWExMgBGAAAAAADJoyAzIWZBQakanooks8Z-BwBz4_gG-XGLQKeK0wIDJ6A7AAV36zxOAABz4_gG-XGLQKeK0wIDJ6A7AAWVL1MyAAA=,Aprobado- Factura  -  FEED6237 - Radicado 191084 - EXTRA DOTACIONES SAS - Cartago - Calarcá - NA,ad09012824140852600000166.pdf,fa50063a2c70aa59e6d99e46ebea986fa11d3da34598acdabd537769466c8f4d957fbec96715da239087bb4f64dd09f4,FEED6237,2026-03-11,z09012824140852600000166.zip,ok,OK_REGISTRADA,7,,26.902,7,7,AIDX|SUBJECT,
20260425_210559_e7f2f245,2026-04-26T01:28:11,AAMkADkwZmQ0YTA5LWE0M2MtNDk3Ni1hMzUzLTE0OTQxZDcwZWExMgBGAAAAAADJoyAzIWZBQakanooks8Z-BwBz4_gG-XGLQKeK0wIDJ6A7AAV36zxOAABz4_gG-XGLQKeK0wIDJ6A7AAWVL1MxAAA=,Aprobado- Factura  -  FEED6236 - Radicado 191082 - EXTRA DOTACIONES SAS - 01-2025-327 TOYO T2 S1 - NA,ad09012824140852600000165.pdf,ae0dff30499a3df1119f7468de6c8b5f9bd5ac77070d5fef8071ed954a4c39d22ee8c8fbe5eeb9a8ba0bf73f4905e160,FEED6236,2026-03-11,z09012824140852600000165.zip,ok,OK_REGISTRADA,7,,27.743,7,7,AIDX|SUBJECT,
20260425_210559_e7f2f245,2026-04-26T01:28:29,AAMkADkwZmQ0YTA5LWE0M2MtNDk3Ni1hMzUzLTE0OTQxZDcwZWExMgBGAAAAAADJoyAzIWZBQakanooks8Z-BwBz4_gG-XGLQKeK0wIDJ6A7AAV36zxOAABz4_gG-XGLQKeK0wIDJ6A7AAWVL1MwAAA=,Aprobado- Factura  -  SIN  - Radicado 191087 - COOPERATIVA DE AHORRO Y CREDITO UNIMOS - Joyco Consultores S.A.S. - NA,SIN_ADJUNTO_APROBADO,,SIN,,(REGISTRO_MINIMO:sin_pdf_o_imagen_aprobada),ok_registro_minimo,REGISTRADA,7,,18.521,7,7,REGISTRO_MINIMO,sin_pdf_o_imagen_aprobada
20260425_210559_e7f2f245,2026-04-26T01:28:53,AAMkADkwZmQ0YTA5LWE0M2MtNDk3Ni1hMzUzLTE0OTQxZDcwZWExMgBGAAAAAADJoyAzIWZBQakanooks8Z-BwBz4_gG-XGLQKeK0wIDJ6A7AAV36zxOAABz4_gG-XGLQKeK0wIDJ6A7AAWVL1MvAAA=,Aprobado- Factura  -  FE6052854 - Radicado 191008 - EMERMEDICA S.A - Joyco Consultores S.A.S. - NA,COBRO MARZO.pdf,19582948ebef0d87726c28cf105189909b2f3a785b4404982640625a80e90c0404f7fe588b62213cd6475e15be5a5244,09-15681,2024-11-27,(PDF_APROBADAS_FALLBACK),ok_pdf_aprobadas_fallback,OK_REGISTRADA_FALLBACK_PDF,7,,23.485,7,7,PDF_APROBADAS|SUBJECT,
20260425_210559_e7f2f245,2026-04-26T01:29:19,AAMkADkwZmQ0YTA5LWE0M2MtNDk3Ni1hMzUzLTE0OTQxZDcwZWExMgBGAAAAAADJoyAzIWZBQakanooks8Z-BwBz4_gG-XGLQKeK0wIDJ6A7AAV36zxOAABz4_gG-XGLQKeK0wIDJ6A7AAWVL1MuAAA=,Aprobado- Factura  -  FEED6235 - Radicado 191081 - EXTRA DOTACIONES SAS - 198 TORCA_SB-PO - NA,ad09012824140852600000164.pdf,c33e0d3a1e83b21d368fce98858f9efc172134864f8ac16b2826422f98a5bd3c503b121575ce4251ada312a7e404b31a,FEED6235,2026-03-11,z09012824140852600000164.zip,ok,OK_REGISTRADA,7,,26.738,7,7,AIDX|SUBJECT,
20260425_210559_e7f2f245,2026-04-26T01:29:46,AAMkADkwZmQ0YTA5LWE0M2MtNDk3Ni1hMzUzLTE0OTQxZDcwZWExMgBGAAAAAADJoyAzIWZBQakanooks8Z-BwBz4_gG-XGLQKeK0wIDJ6A7AAV36zxOAABz4_gG-XGLQKeK0wIDJ6A7AAWVL1MtAAA=,Aprobado- Factura  -  FEED6234 - Radicado 191080 - EXTRA DOTACIONES SAS - 01-2025-327 TOYO T2 S1 - NA,ad09012824140852600000163.pdf,8bd4dc3878e64712b0908066b7891446d783219a6f9c26afa850fe0ec0b98d5eed1b4d06012038ac5e04e5735cff7790,FEED6234,2026-03-11,z09012824140852600000163.zip,ok,OK_REGISTRADA,7,,26.952,7,7,AIDX|SUBJECT,
20260425_210559_e7f2f245,2026-04-26T01:30:13,AAMkADkwZmQ0YTA5LWE0M2MtNDk3Ni1hMzUzLTE0OTQxZDcwZWExMgBGAAAAAADJoyAzIWZBQakanooks8Z-BwBz4_gG-XGLQKeK0wIDJ6A7AAV36zxOAABz4_gG-XGLQKeK0wIDJ6A7AAWVL1MsAAA=,Aprobado- Factura  -  FEED6233 - Radicado 191079 - EXTRA DOTACIONES SAS - 01-2025-327 TOYO T2 S1 - NA,ad09012824140852600000162.pdf,c90df330b4c8bb71e473c779a5431af2f019c526bc9a0b06a7ba711fb39289c7325ef98a4dcf7109558366a236d07120,FEED6233,2026-03-11,z09012824140852600000162.zip,ok,OK_REGISTRADA,7,,27.119,7,7,AIDX|SUBJECT,
20260425_210559_e7f2f245,2026-04-26T01:30:40,AAMkADkwZmQ0YTA5LWE0M2MtNDk3Ni1hMzUzLTE0OTQxZDcwZWExMgBGAAAAAADJoyAzIWZBQakanooks8Z-BwBz4_gG-XGLQKeK0wIDJ6A7AAV36zxOAABz4_gG-XGLQKeK0wIDJ6A7AAWVL1MrAAA=,Aprobado- Factura  -  POL16047877 - Radicado 191007 - COMPANIA DE SEGUROS BOLIVAR S.A - Joyco Consultores S.A.S. - NA,ad086000250302726447920260309123058235.pdf,4f5637e4dc9e474565484efde3545aef6a4a0a4973a26983ab624f0f8f87ce37b9835c4c9276be8a68030bf06c9429ea,POL16047877,2025-08-21,ad086000250302726447920260309123058235.zip,ok,OK_REGISTRADA,7,,26.924,7,7,AIDX|SUBJECT,
20260425_210559_e7f2f245,2026-04-26T01:31:08,AAMkADkwZmQ0YTA5LWE0M2MtNDk3Ni1hMzUzLTE0OTQxZDcwZWExMgBGAAAAAADJoyAzIWZBQakanooks8Z-BwBz4_gG-XGLQKeK0wIDJ6A7AAV36zxOAABz4_gG-XGLQKeK0wIDJ6A7AAWVL1MqAAA=,Aprobado- Factura  -  FEED6232 - Radicado 191078 - EXTRA DOTACIONES SAS - 01-2025-327 TOYO T2 S1 - NA,ad09012824140852600000161.pdf,92bc8ea9d18879fee376cd80c41a6653304e10ca33a9d8b22fe7a9db0dd47c6c9457afb7b579dc331d93031c51046cbf,FEED6232,2026-03-11,z09012824140852600000161.zip,ok,OK_REGISTRADA,7,,27.529,7,7,AIDX|SUBJECT,
20260425_210559_e7f2f245,2026-04-26T01:31:37,AAMkADkwZmQ0YTA5LWE0M2MtNDk3Ni1hMzUzLTE0OTQxZDcwZWExMgBGAAAAAADJoyAzIWZBQakanooks8Z-BwBz4_gG-XGLQKeK0wIDJ6A7AAV36zxOAABz4_gG-XGLQKeK0wIDJ6A7AAWVL1MpAAA=,Aprobado- Factura  -  FE 1989 - Radicado 190822 - SERVICIOS LOGISTICOS DE INGENIERIA SAS - 198 TORCA_SB-PO - NA,fv09007230230082600000040.pdf,eea3d9e2ac60c117e33154511535ffd834082a91cb2bf5cdc4146986b28de1bda8b12ed3ced423ee3ffa79f57bc0c272,FE1989,2026-02-26,z09007230230082600000040.zip,ok,OK_REGISTRADA,7,,29.045,7,7,AIDX|SUBJECT,
20260425_210559_e7f2f245,2026-04-26T01:32:04,AAMkADkwZmQ0YTA5LWE0M2MtNDk3Ni1hMzUzLTE0OTQxZDcwZWExMgBGAAAAAADJoyAzIWZBQakanooks8Z-BwBz4_gG-XGLQKeK0wIDJ6A7AAV36zxOAABz4_gG-XGLQKeK0wIDJ6A7AAWVL1MoAAA=,Aprobado- Factura  -  FEED6230 - Radicado 191076 - EXTRA DOTACIONES SAS - 06-2025-195 Mocoa Ambiental - NA,ad09012824140852600000159.pdf,66f8e610ef8a0921a97f8685514a96ae71de2fa4d33c5dd6b74dd41523a784170d696bbbb205a4d3f9d63323ea70f012,FEED6230,2026-03-11,z09012824140852600000159.zip,ok,OK_REGISTRADA,7,,27.009,7,7,AIDX|SUBJECT,
20260425_210559_e7f2f245,2026-04-26T01:32:31,AAMkADkwZmQ0YTA5LWE0M2MtNDk3Ni1hMzUzLTE0OTQxZDcwZWExMgBGAAAAAADJoyAzIWZBQakanooks8Z-BwBz4_gG-XGLQKeK0wIDJ6A7AAV36zxOAABz4_gG-XGLQKeK0wIDJ6A7AAWVL1MnAAA=,Aprobado- Factura  -  CL83200 - Radicado 191074 - SUMMAR PROCESOS S.A.S - Red Férrea Atlántico - NA,ad08001253130272626120260311095902956.pdf,21114fd0d60b5afcda6a47505ff730f29cb0cfabe2f466acab0df2ea2d73bc97e85107695f22e5c9da1fc3be60e80e4a,CL83200,2026-03-11,ad08001253130272626120260311095902956.zip,ok,OK_REGISTRADA,7,,27.289,7,7,AIDX|SUBJECT,
20260425_210559_e7f2f245,2026-04-26T01:33:31,AAMkADkwZmQ0YTA5LWE0M2MtNDk3Ni1hMzUzLTE0OTQxZDcwZWExMgBGAAAAAADJoyAzIWZBQakanooks8Z-BwBz4_gG-XGLQKeK0wIDJ6A7AAV36zxOAABz4_gG-XGLQKeK0wIDJ6A7AAWVL1MmAAA=,Aprobado- Factura  -  FVE-2106 - Radicado 191050 - JOYCO SAS BIC - Cesar Red Terciaria - DIAN,FVE2106_JOYCO SAS BIC_P1-804.pdf,6b3fab91f741ddc9c3cfd64f16c1ea424c026e8de16eeb0614f272d66a691631f6ca7b783dae48d6717597176137bb28,FVE-2106,2026-02-20,(PDF_APROBADAS_FALLBACK),ok_pdf_aprobadas_fallback,OK_REGISTRADA_FALLBACK_PDF,7,,59.757,7,7,PDF_APROBADAS|SUBJECT,
20260425_210559_e7f2f245,2026-04-26T01:34:32,AAMkADkwZmQ0YTA5LWE0M2MtNDk3Ni1hMzUzLTE0OTQxZDcwZWExMgBGAAAAAADJoyAzIWZBQakanooks8Z-BwBz4_gG-XGLQKeK0wIDJ6A7AAV36zxOAABz4_gG-XGLQKeK0wIDJ6A7AAWVL1MlAAA=,Aprobado- Factura  -  FP-15554 - Radicado 191049 - CONTINENTAL LTDA - Cesar Red Terciaria - DIAN,FP15554_CONTINENTAL LTDA_P1-803.pdf,b49aec694b2b9aca23e0e05f76b6f6a28273bc701fe7aefe606461faed1947ce6e336f63ba8d8143bd9a2992c9fe4bdb,FP-15554,2026-02-26,(PDF_APROBADAS_FALLBACK),ok_pdf_aprobadas_fallback,OK_REGISTRADA_FALLBACK_PDF,7,,60.526,7,7,PDF_APROBADAS|SUBJECT,
20260425_210559_e7f2f245,2026-04-26T01:35:01,AAMkADkwZmQ0YTA5LWE0M2MtNDk3Ni1hMzUzLTE0OTQxZDcwZWExMgBGAAAAAADJoyAzIWZBQakanooks8Z-BwBz4_gG-XGLQKeK0wIDJ6A7AAV36zxOAABz4_gG-XGLQKeK0wIDJ6A7AAWUtYhxAAA=,Aprobado- Factura  -  SKYB 9426 - Radicado 190983 - SKY MOTION SAS - Dirección administrativa y financiera -Infraestructura - NA,SKYB 9426.pdf,b64146a2d353dfbc8c04f44c31bcbb93158151bc7b936637a2bf6f160c2edf680bbaa90175d0102b52f23146d067e66c,SKYB9426,2026-03-31,z0901119460008260000055e.zip,ok,OK_REGISTRADA,7,,29.239,7,7,AIDX|SUBJECT,
20260425_210559_e7f2f245,2026-04-26T01:35:35,AAMkADkwZmQ0YTA5LWE0M2MtNDk3Ni1hMzUzLTE0OTQxZDcwZWExMgBGAAAAAADJoyAzIWZBQakanooks8Z-BwBz4_gG-XGLQKeK0wIDJ6A7AAV36zxOAABz4_gG-XGLQKeK0wIDJ6A7AAWUtYhwAAA=,Aprobado- Factura  -  FETR273 - Radicado 190992 - TRIDELCO SAS - TM Av. 68 - NA,2. Planilla de pago aportes TRIDELCO - Febrero-26.pdf,f208719f2c006b6683dbb74f8692540f5288ba735bfe07524a784a7343439e93d27299323b60bf6c37dcfc0cdaf97a2a,FETR273,2026-02-02,FETR273.zip,ok,OK_REGISTRADA,7,,34.561,7,7,AIDX|SUBJECT,
20260425_210559_e7f2f245,2026-04-26T01:36:02,AAMkADkwZmQ0YTA5LWE0M2MtNDk3Ni1hMzUzLTE0OTQxZDcwZWExMgBGAAAAAADJoyAzIWZBQakanooks8Z-BwBz4_gG-XGLQKeK0wIDJ6A7AAV36zxOAABz4_gG-XGLQKeK0wIDJ6A7AAWTLfRJAAA=,Aprobado- Factura  -  H4Z710822 - Radicado 191011 - D1 SAS - Transv. Libertador - NA,fv090027696202126H4Z710822.pdf,31b17c6c99c03f4996a03d77ab591ae2191405686a5f43f8bc1524f53976bc241e35676ae78104a47aac10e629e97c98,H8Y2178711,2026-03-10,090027696202126H8Y2178711.zip,ok,OK_REGISTRADA,7,,27.059,7,7,PDF_TOKEN:090027696202126H|SUBJECT,
20260425_210559_e7f2f245,2026-04-26T01:36:38,AAMkADkwZmQ0YTA5LWE0M2MtNDk3Ni1hMzUzLTE0OTQxZDcwZWExMgBGAAAAAADJoyAzIWZBQakanooks8Z-BwBz4_gG-XGLQKeK0wIDJ6A7AAV36zxOAABz4_gG-XGLQKeK0wIDJ6A7AAWTLfRIAAA=,Aprobado- Factura  -  FEAC 25700 - Radicado 190920 - ALQUILER DE COMPUTADORES SAS - Cesar Red Terciaria - NA,ANEXO%20FV%2025700%20CONSORCIO%20VIAL%20JJ.pdf,9919b0811c0ac2b39d43ca417c1cb7771e9fba098ed1ba5b59bd4c0863aaa6f300178ba60a5e059b7bfb2710248d0315,FEAC25700,,ad09001901350352600000348.zip,ok,OK_REGISTRADA,7,,35.329,7,7,AIDX|SUBJECT,
20260425_210559_e7f2f245,2026-04-26T01:37:11,AAMkADkwZmQ0YTA5LWE0M2MtNDk3Ni1hMzUzLTE0OTQxZDcwZWExMgBGAAAAAADJoyAzIWZBQakanooks8Z-BwBz4_gG-XGLQKeK0wIDJ6A7AAV36zxOAABz4_gG-XGLQKeK0wIDJ6A7AAWTLfRHAAA=,Aprobado- Factura  -  FETR274 - Radicado 190993 - TRIDELCO SAS - L.T. Guaymaral - NA,dian_FETR274.pdf,8fa6384390fa372aaecb64aef02ce7a285506b886efeecf8820c82104b989cdb7bfe64698b381b37ef558fc02856e5da,FETR274,2026-01-14,FETR274.zip,ok,OK_REGISTRADA,7,,32.916,7,7,AIDX|SUBJECT,
20260425_210559_e7f2f245,2026-04-26T01:37:43,AAMkADkwZmQ0YTA5LWE0M2MtNDk3Ni1hMzUzLTE0OTQxZDcwZWExMgBGAAAAAADJoyAzIWZBQakanooks8Z-BwBz4_gG-XGLQKeK0wIDJ6A7AAV36zxOAABz4_gG-XGLQKeK0wIDJ6A7AAWTLfRGAAA=,Aprobado- Factura  -  FEAC 25699 - Radicado 190919 - ALQUILER DE COMPUTADORES SAS - Cucutilla - Cornejo - NA,ANEXO FV 25699 CONSORCIO R&Q.pdf,40accfa20a59075405bf8bdf4b270430f591f19c35d7535c7453b737b217bd5b58dcf951053ce8722c3bf10d9ccc0daf,FEAC25699,,111d803d-e243-4848-9156-6ec56a19db91.zip,ok,OK_REGISTRADA,7,,32.643,7,7,AIDX|SUBJECT,
20260425_210559_e7f2f245,2026-04-26T01:38:16,AAMkADkwZmQ0YTA5LWE0M2MtNDk3Ni1hMzUzLTE0OTQxZDcwZWExMgBGAAAAAADJoyAzIWZBQakanooks8Z-BwBz4_gG-XGLQKeK0wIDJ6A7AAV36zxOAABz4_gG-XGLQKeK0wIDJ6A7AAWTLfRFAAA=,Aprobado- Factura  -  FEAC 25698 - Radicado 190918 - ALQUILER DE COMPUTADORES SAS - Dirección administrativa y financiera -Tics - NA,ANEXO FV 25698 JOYCO.pdf,110cfa1211a59da06b8c3c68f2240ea0a05e4e689cee5e72695d493c6d224bb9dc8e450a36a1d4a90c233f4d752c3ed0,FEAC25698,,4abef74f-ee3e-41d5-8066-f5ced7836260.zip,ok,OK_REGISTRADA,7,,33.211,7,7,AIDX|SUBJECT,
20260425_210559_e7f2f245,2026-04-26T01:38:46,AAMkADkwZmQ0YTA5LWE0M2MtNDk3Ni1hMzUzLTE0OTQxZDcwZWExMgBGAAAAAADJoyAzIWZBQakanooks8Z-BwBz4_gG-XGLQKeK0wIDJ6A7AAV36zxOAABz4_gG-XGLQKeK0wIDJ6A7AAWTLfREAAA=,Aprobado- Factura  -  FE 1990 - Radicado 190823 - SERVICIOS LOGISTICOS DE INGENIERIA SAS - Dirección administrativa y financiera -Tics - NA,fv09007230230082600000041.pdf,976ef2e3b0e86ff0b3fd4ad92c65b5bbdf293e9ea882c7def18f78a4d42598cac76d10305ea629cc0c3af1a3a813063b,FE1990,2026-02-26,z09007230230082600000041.zip,ok,OK_REGISTRADA,7,,29.231,7,7,AIDX|SUBJECT,
20260425_210559_e7f2f245,2026-04-26T01:39:14,AAMkADkwZmQ0YTA5LWE0M2MtNDk3Ni1hMzUzLTE0OTQxZDcwZWExMgBGAAAAAADJoyAzIWZBQakanooks8Z-BwBz4_gG-XGLQKeK0wIDJ6A7AAV36zxOAABz4_gG-XGLQKeK0wIDJ6A7AAWTLfRDAAA=,Aprobado- Factura  -  N2201532 - Radicado 190924 - SERVIENTREGA SA - Cartago - Calarcá - NA,Representacion grafica.pdf,28f813c1055b8f12844554af3c385a6e366f0fa89ca346e807c28bddaa8a7676ca44fe74957a4c6e180c9bab0a4d90c3,N2201532,2026-03-05,Factura-N2201532.zip,ok,OK_REGISTRADA,7,,28.371,7,7,AIDX|SUBJECT,
20260425_210559_e7f2f245,2026-04-26T01:39:43,AAMkADkwZmQ0YTA5LWE0M2MtNDk3Ni1hMzUzLTE0OTQxZDcwZWExMgBGAAAAAADJoyAzIWZBQakanooks8Z-BwBz4_gG-XGLQKeK0wIDJ6A7AAV36zxOAABz4_gG-XGLQKeK0wIDJ6A7AAWTLfRCAAA=,Aprobado- Factura  -  2592159 - Radicado 190925 - SERVIENTREGA SA - Cartago - Calarcá - NA,Representacion grafica.pdf,6c762eeb4a01c6c99d5cb43466b84ea5533c8ad45d2ac287443b445d0d86a228486f2149bd0e131a97cabefd377f0cf7,2592159,2026-03-05,NotaCredito-2592159.zip,ok,OK_REGISTRADA,7,,28.774,7,7,AIDX|SUBJECT,
20260425_210559_e7f2f245,2026-04-26T01:40:42,AAMkADkwZmQ0YTA5LWE0M2MtNDk3Ni1hMzUzLTE0OTQxZDcwZWExMgBGAAAAAADJoyAzIWZBQakanooks8Z-BwBz4_gG-XGLQKeK0wIDJ6A7AAV36zxOAABz4_gG-XGLQKeK0wIDJ6A7AAWTLfRBAAA=,Aprobado- Factura  -  FVE-1431 - Radicado 190960 - SERTELCON SAS - FAC - Pto. Salgar - DIAN,FVE1431.pdf,a82bbc87ae261af8d007efcafc506ac3ae8322a95c82afa890429a1067558daea93b758ee2dcc86fa121d905a96a7273,FVE-1431,2026-02-20,(PDF_APROBADAS_FALLBACK),ok_pdf_aprobadas_fallback,OK_REGISTRADA_FALLBACK_PDF,7,,59.492,7,7,PDF_APROBADAS|SUBJECT,
20260425_210559_e7f2f245,2026-04-26T01:41:11,AAMkADkwZmQ0YTA5LWE0M2MtNDk3Ni1hMzUzLTE0OTQxZDcwZWExMgBGAAAAAADJoyAzIWZBQakanooks8Z-BwBz4_gG-XGLQKeK0wIDJ6A7AAV36zxOAABz4_gG-XGLQKeK0wIDJ6A7AAWTLfRAAAA=,Aprobado- Factura  -  FE334019 - Radicado 190578 - LABORATORIO CLINICO COLMEDICOS IPS SAS - 01-2025-327 TOYO T2 S1 - NA,ad08000491040712615960460.pdf,bf9fbd7cc9abcc06cffc65a3ab0af5c3d7e2e4382f5969a0915a0c25f7698ce592a2b730331f618badc70102997979d8,FE334019,2026-01-01,ad08000491040712615960460.zip,ok,OK_REGISTRADA,7,,28.932,7,7,AIDX|SUBJECT,
20260425_210559_e7f2f245,2026-04-26T01:41:43,AAMkADkwZmQ0YTA5LWE0M2MtNDk3Ni1hMzUzLTE0OTQxZDcwZWExMgBGAAAAAADJoyAzIWZBQakanooks8Z-BwBz4_gG-XGLQKeK0wIDJ6A7AAV36zxOAABz4_gG-XGLQKeK0wIDJ6A7AAWTLfQ-AAA=,Aprobado- Factura  -  FVEC 1236 - Radicado 190978 - SISTEMAS INTEGRALES EN SALUD OCUPACIONAL LTDA - Joyco Consultores S.A.S. - NA,descarga.pdf,d4c986b7999a3d840001dce35c2539c889f21dff64306a5d1536d517999c4c69e56daacbe5d4d7a71669509a1812e977,FVEC1236,2026-03-07,z08300722080082600000092.zip,ok,OK_REGISTRADA,7,,31.578,7,7,AIDX|SUBJECT,
20260425_210559_e7f2f245,2026-04-26T01:42:10,AAMkADkwZmQ0YTA5LWE0M2MtNDk3Ni1hMzUzLTE0OTQxZDcwZWExMgBGAAAAAADJoyAzIWZBQakanooks8Z-BwBz4_gG-XGLQKeK0wIDJ6A7AAV36zxOAABz4_gG-XGLQKeK0wIDJ6A7AAWTLfQ_AAA=,Aprobado- Factura  -  9933100054685 - Radicado 190755 - SODIMAC COLOMBIA SA - 01-2025-327 TOYO T2 S1 - NA,fv0800242106021269933100054685.pdf,39af55153e8a23192781275483430cba92798d2600bfff8c57ed7091654b3697dafe6a6f324c89fe32d4380fc2ab3b92,9933100054685,2026-02-28,0800242106021269933100054685.zip,ok,OK_REGISTRADA,7,,27.392,7,7,AIDX|SUBJECT,
20260425_210559_e7f2f245,2026-04-26T01:43:13,AAMkADkwZmQ0YTA5LWE0M2MtNDk3Ni1hMzUzLTE0OTQxZDcwZWExMgBGAAAAAADJoyAzIWZBQakanooks8Z-BwBz4_gG-XGLQKeK0wIDJ6A7AAV36zxOAABz4_gG-XGLQKeK0wIDJ6A7AAWTLfQ9AAA=,Aprobado- Factura  -  FVE-2091 - Radicado 190966 - JOYCO SAS BIC - Cucutilla - Cornejo - DIAN,FVE-2091.pdf,25f18a32f821d9808d40e9d319a43ae2e2f7ba64bddc77b26e157b29b29810fef0541174b985676afdb304d33a081e91,FVE-2091,2026-02-19,(PDF_APROBADAS_FALLBACK),ok_pdf_aprobadas_fallback,OK_REGISTRADA_FALLBACK_PDF,7,,63.063,7,7,PDF_APROBADAS|SUBJECT,
20260425_210559_e7f2f245,2026-04-26T01:43:42,AAMkADkwZmQ0YTA5LWE0M2MtNDk3Ni1hMzUzLTE0OTQxZDcwZWExMgBGAAAAAADJoyAzIWZBQakanooks8Z-BwBz4_gG-XGLQKeK0wIDJ6A7AAV36zxOAABz4_gG-XGLQKeK0wIDJ6A7AAWTLfQ8AAA=,Aprobado- Factura  -  GS 6343 - Radicado 190929 - GRUPO COOREXPRESS SAS - L.T. Guaymaral - NA,fv090073374000826000000d4.pdf,beb77159f6c79c2d3b82b06e9d259c12ef6fa0fe248f9c33cb5636c02c580484d78733596815aae31352fabe5e70feee,GS6343,2026-03-05,z090073374000826000000d4.zip,ok,OK_REGISTRADA,7,,28.239,7,7,AIDX|SUBJECT,
20260425_210559_e7f2f245,2026-04-26T01:44:10,AAMkADkwZmQ0YTA5LWE0M2MtNDk3Ni1hMzUzLTE0OTQxZDcwZWExMgBGAAAAAADJoyAzIWZBQakanooks8Z-BwBz4_gG-XGLQKeK0wIDJ6A7AAV36zxOAABz4_gG-XGLQKeK0wIDJ6A7AAWRFvV3AAA=,Aprobado- Factura  -  MQ 511 - Radicado 190842 - MALOQUIN S.A.S - Red Férrea Atlántico - NA,fv09009710870082600000014.pdf,75952480b9243f48b8271e7b02238311701f136b0f25f1f89bda5b78b1b869dafb411175e6bf26e725aab5ac6869245d,MQ511,2026-03-04,z09009710870082600000014.zip,ok,OK_REGISTRADA,7,,28.403,7,7,AIDX|SUBJECT,
20260425_210559_e7f2f245,2026-04-26T01:44:38,AAMkADkwZmQ0YTA5LWE0M2MtNDk3Ni1hMzUzLTE0OTQxZDcwZWExMgBGAAAAAADJoyAzIWZBQakanooks8Z-BwBz4_gG-XGLQKeK0wIDJ6A7AAV36zxOAABz4_gG-XGLQKeK0wIDJ6A7AAWRFvV2AAA=,Aprobado- Factura  -  FE9074 - Radicado 190896 - ARREDONDO MADRID INGENIEROS CIVILES AIM S.A.S - 01-2025-327 TOYO T2 S1 - NA,fv0890929122008260000008c.pdf,e4891d1aea074a8aeed449f01184bcb1e140388a282f971774970158cdfcecf6f871ab4b81c46ba270a8959471addf19,FE9074,2024-07-03,z0890929122008260000008c.zip,ok,OK_REGISTRADA,7,,27.991,7,7,AIDX|SUBJECT,
20260425_210559_e7f2f245,2026-04-26T01:45:07,AAMkADkwZmQ0YTA5LWE0M2MtNDk3Ni1hMzUzLTE0OTQxZDcwZWExMgBGAAAAAADJoyAzIWZBQakanooks8Z-BwBz4_gG-XGLQKeK0wIDJ6A7AAV36zxOAABz4_gG-XGLQKeK0wIDJ6A7AAWRFvV1AAA=,Aprobado- Factura  -  FE 18082 - Radicado 190942 - INVERSIONES RANCHO Y LEÑA SAS - Cucutilla - Cornejo - NA,adfv0901143340000260000310C.pdf,34706785e668d2945e15ea61a3931f202399ecd9df4a173afe66b9a300cecfbc529cd7abe82ddec213ee9fb4614b6e09,FE18082,2026-01-16,zfv0901143340000260000310C.zip,ok,OK_REGISTRADA,7,,28.622,7,7,AIDX|SUBJECT,
20260425_210559_e7f2f245,2026-04-26T01:45:35,AAMkADkwZmQ0YTA5LWE0M2MtNDk3Ni1hMzUzLTE0OTQxZDcwZWExMgBGAAAAAADJoyAzIWZBQakanooks8Z-BwBz4_gG-XGLQKeK0wIDJ6A7AAV36zxOAABz4_gG-XGLQKeK0wIDJ6A7AAWRFvV0AAA=,Aprobado- Factura  -  C20A 9743 - Radicado 190249 - COMIDAS VARPEL SAS - Gerencia - NA,fv09008089260152600009743.pdf,3dd63fa13e2b066075ca009bbb2d28d82bc49a5429ba1dd7197edae3e2772c0bb9fe319a8dcf1b226ed68088ae766786,C20,2024-05-07,z09008089260152600009743.zip,ok,OK_REGISTRADA,7,,28.656,7,7,AIDX|SUBJECT,
20260425_210559_e7f2f245,2026-04-26T01:46:04,AAMkADkwZmQ0YTA5LWE0M2MtNDk3Ni1hMzUzLTE0OTQxZDcwZWExMgBGAAAAAADJoyAzIWZBQakanooks8Z-BwBz4_gG-XGLQKeK0wIDJ6A7AAV36zxOAABz4_gG-XGLQKeK0wIDJ6A7AAWRFvVzAAA=,Aprobado- Factura  -  FVN - 400052 - Radicado 190878 - VICTORIA BERNAL TRUJILLO - Cucutilla - Cornejo - NA,ad00517994950002600880205.pdf,2076c73b611de7bfa4a82435a0cd0f9258b810ef515500ff0344bbf2a5d64c37e6212b7f1265d0f3461b61c40c02e06e,FVN-400052,2024-10-18,DE_FVN400052.zip,ok,OK_REGISTRADA,7,,28.625,7,7,AIDX|SUBJECT,
20260425_210559_e7f2f245,2026-04-26T01:46:27,AAMkADkwZmQ0YTA5LWE0M2MtNDk3Ni1hMzUzLTE0OTQxZDcwZWExMgBGAAAAAADJoyAzIWZBQakanooks8Z-BwBz4_gG-XGLQKeK0wIDJ6A7AAV36zxOAABz4_gG-XGLQKeK0wIDJ6A7AAWRFvVyAAA=,Aprobado- Factura  -  BP 563  - Radicado 190900 - GRUPO INNOVA BP SAS - 01-2025-327 TOYO T2 S1 - NA,CONSORCIO CONSULTECNICOS -JOYCO FV 563.pdf,ad0f37dab9d77a4afbaf40ce63c0718dd41fb0a7959f20106069e0809745a09720f0224c87bb1c982717f7efb05585b8,BP563,2027-09-22,(PDF_APROBADAS_FALLBACK),ok_pdf_aprobadas_fallback,OK_REGISTRADA_FALLBACK_PDF,7,,22.894,7,7,PDF_APROBADAS|SUBJECT,
20260425_210559_e7f2f245,2026-04-26T01:46:50,AAMkADkwZmQ0YTA5LWE0M2MtNDk3Ni1hMzUzLTE0OTQxZDcwZWExMgBGAAAAAADJoyAzIWZBQakanooks8Z-BwBz4_gG-XGLQKeK0wIDJ6A7AAV36zxOAABz4_gG-XGLQKeK0wIDJ6A7AAWRFvVxAAA=,Aprobado- Factura  -  BP 564 - Radicado 190899 - GRUPO INNOVA BP SAS - 01-2025-327 TOYO T2 S1 - NA,190898.pdf,3961633273c8344ca5e7257e172cfc167dc9cba6df91765384443d933bc3acef0914d6026766474f523f9310fb215f15,BP564,2027-09-22,(PDF_APROBADAS_FALLBACK),ok_pdf_aprobadas_fallback,OK_REGISTRADA_FALLBACK_PDF,7,,23.385,7,7,PDF_APROBADAS|SUBJECT,
20260425_210559_e7f2f245,2026-04-26T01:47:18,AAMkADkwZmQ0YTA5LWE0M2MtNDk3Ni1hMzUzLTE0OTQxZDcwZWExMgBGAAAAAADJoyAzIWZBQakanooks8Z-BwBz4_gG-XGLQKeK0wIDJ6A7AAV36zxOAABz4_gG-XGLQKeK0wIDJ6A7AAWRFvVwAAA=,Aprobado- Factura  -  EN 9897 - Radicado 190933 - ENSAFE SAS - 01-2025-327 TOYO T2 S1 - NA,65a50bd9-9450-4da6-a8b6-1535b37c1a47.pdf,f0a5c6676d1a1362617b74b5dfac9e75db06f0ce42ec2ef955923be8d0ad072a0bfeb63c226a186b9959647a6ee5829c,EN9897,2026-03-05,65a50bd9-9450-4da6-a8b6-1535b37c1a47.zip,ok,OK_REGISTRADA,7,,28.101,7,7,AIDX|SUBJECT,
20260425_210559_e7f2f245,2026-04-26T01:47:48,AAMkADkwZmQ0YTA5LWE0M2MtNDk3Ni1hMzUzLTE0OTQxZDcwZWExMgBGAAAAAADJoyAzIWZBQakanooks8Z-BwBz4_gG-XGLQKeK0wIDJ6A7AAV36zxOAABz4_gG-XGLQKeK0wIDJ6A7AAWRFvVvAAA=,Aprobado- Factura  -  EN 9896 - Radicado 190932 - ENSAFE SAS - Dirección administrativa y financiera -Compras - NA,190932.pdf,574d32e3915e0a87dd8b6fd626384c3458615ac8e7b03c44e40d050bcf70aed7f75ccd6b6cf60dcca60e62282a6b91f3,EN9896,2026-03-05,fe7d8a94-196c-4ff1-95cd-43fd77758001.zip,ok,OK_REGISTRADA,7,,29.721,7,7,AIDX|SUBJECT,
20260425_210559_e7f2f245,2026-04-26T01:48:19,AAMkADkwZmQ0YTA5LWE0M2MtNDk3Ni1hMzUzLTE0OTQxZDcwZWExMgBGAAAAAADJoyAzIWZBQakanooks8Z-BwBz4_gG-XGLQKeK0wIDJ6A7AAV36zxOAABz4_gG-XGLQKeK0wIDJ6A7AAWRFvVuAAA=,Aprobado- Factura  -  EN 9895 - Radicado 190931 - ENSAFE SAS - 01-2025-327 TOYO T2 S1 - NA,54a2ed2d-6c2d-4b93-ad7d-cd9fdc70a095.pdf,b8c75d1d091873fbce7e8e49fbf3cdb2a0d8469945b5290b9ef21174d2627e8da6d0c74beaa062a9119106e7e14ecac3,EN9895,2026-03-05,54a2ed2d-6c2d-4b93-ad7d-cd9fdc70a095.zip,ok,OK_REGISTRADA,7,,31.246,7,7,AIDX|SUBJECT,
20260425_210559_e7f2f245,2026-04-26T01:48:48,AAMkADkwZmQ0YTA5LWE0M2MtNDk3Ni1hMzUzLTE0OTQxZDcwZWExMgBGAAAAAADJoyAzIWZBQakanooks8Z-BwBz4_gG-XGLQKeK0wIDJ6A7AAV36zxOAABz4_gG-XGLQKeK0wIDJ6A7AAWRFvVtAAA=,Aprobado- Factura  -  EN 9894 - Radicado 190930 - ENSAFE SAS - Dirección administrativa y financiera -Compras - NA,05f272a1-a905-4d88-bfc0-ee8e526dd44b.pdf,e8c10ba48315c1426a2f877486f1f00e35c8091c7e7a3d676458f69c882efc1aaee04527de8cf4dde6e566c6a9c16cea,EN9894,2026-03-05,05f272a1-a905-4d88-bfc0-ee8e526dd44b.zip,ok,OK_REGISTRADA,7,,29.061,7,7,AIDX|SUBJECT,
20260425_210559_e7f2f245,2026-04-26T01:49:18,AAMkADkwZmQ0YTA5LWE0M2MtNDk3Ni1hMzUzLTE0OTQxZDcwZWExMgBGAAAAAADJoyAzIWZBQakanooks8Z-BwBz4_gG-XGLQKeK0wIDJ6A7AAV36zxOAABz4_gG-XGLQKeK0wIDJ6A7AAWRFvVsAAA=,Aprobado- Factura  -  A515149584 - Radicado 190886 - SERVIENTREGA SA - Pto. Gaitán – Pte. Arimena - NA,Representacion grafica.pdf,67d4f0b929c253a07d0a5a33db17cd6a007f3c3200a25d57ace29be74345068ac5db5c55185a6d0458de50f876080a00,A515149584,2026-03-04,Factura-A515149584.zip,ok,OK_REGISTRADA,7,,30.233,7,7,AIDX|SUBJECT,
20260425_210559_e7f2f245,2026-04-26T01:49:42,AAMkADkwZmQ0YTA5LWE0M2MtNDk3Ni1hMzUzLTE0OTQxZDcwZWExMgBGAAAAAADJoyAzIWZBQakanooks8Z-BwBz4_gG-XGLQKeK0wIDJ6A7AAV36zxOAABz4_gG-XGLQKeK0wIDJ6A7AAWRFvVrAAA=,Aprobado- Factura  -  G 2481 - Radicado 190868 - TRANSPORTES MULTIMODAL GROUP SAS - Bicentenario - NA,G2481-CONSORCIO VIAL BICENTENARIO.pdf,,G2481,,(REGISTRO_MINIMO:sin_cufe_o_pdf_no_legible),ok_registro_minimo,REGISTRADA,7,,23.262,7,7,REGISTRO_MINIMO,sin_cufe_o_pdf_no_legible
20260425_210559_e7f2f245,2026-04-26T01:50:09,AAMkADkwZmQ0YTA5LWE0M2MtNDk3Ni1hMzUzLTE0OTQxZDcwZWExMgBGAAAAAADJoyAzIWZBQakanooks8Z-BwBz4_gG-XGLQKeK0wIDJ6A7AAV36zxOAABz4_gG-XGLQKeK0wIDJ6A7AAWRFvVqAAA=,Aprobado- Factura  -  HYSB 927874 - Radicado 190843 - H&S COMERCIALIZADORA SAS - Dirección administrativa y financiera -Compras - NA,fv09005163740082600004b60.pdf,6bbc6143e879e6029262ee122951079a7a81f103d4d993815cf9ca7b1c78478a843b046fb1101c8e460876489a7e9313,HYSB927874,2026-03-03,z09005163740082600004b60.zip,ok,OK_REGISTRADA,7,,27.525,7,7,AIDX|SUBJECT,
20260425_210559_e7f2f245,2026-04-26T01:50:36,AAMkADkwZmQ0YTA5LWE0M2MtNDk3Ni1hMzUzLTE0OTQxZDcwZWExMgBGAAAAAADJoyAzIWZBQakanooks8Z-BwBz4_gG-XGLQKeK0wIDJ6A7AAV36zxOAABz4_gG-XGLQKeK0wIDJ6A7AAWRFvVpAAA=,Aprobado- Factura  -  HYSB 928100 - Radicado 190835 - H&S COMERCIALIZADORA SAS - Dirección administrativa y financiera -Compras - NA,fv09005163740082600004d3c.pdf,43e756cbec547dc80b361a82863c95c586d1783dc1c4d630fd20de16b4cb97c9bd7c503d09fd6ab2272df2f56d2398dc,HYSB928100,2026-03-04,z09005163740082600004d3c.zip,ok,OK_REGISTRADA,7,,27.018,7,7,AIDX|SUBJECT,
20260425_210559_e7f2f245,2026-04-26T01:51:04,AAMkADkwZmQ0YTA5LWE0M2MtNDk3Ni1hMzUzLTE0OTQxZDcwZWExMgBGAAAAAADJoyAzIWZBQakanooks8Z-BwBz4_gG-XGLQKeK0wIDJ6A7AAV36zxOAABz4_gG-XGLQKeK0wIDJ6A7AAWRFvVoAAA=,Aprobado- Factura  -  RH5374 - Radicado 190926 - JUAN FRANCISCO LOPEZ MONTERO - Red Férrea Atlántico - NA,fv12639652232600005374.pdf,0362a00a61fcaa2c816588ff3785aed607fbe220d0c9a8ebdd1c378c1318515f5214a4caded0bf951cc67c8c95ea371b,RH5374,2026-03-05,fv12639652232600005374.zip,ok,OK_REGISTRADA,7,,27.734,7,7,AIDX|SUBJECT,
20260425_210559_e7f2f245,2026-04-26T01:51:33,AAMkADkwZmQ0YTA5LWE0M2MtNDk3Ni1hMzUzLTE0OTQxZDcwZWExMgBGAAAAAADJoyAzIWZBQakanooks8Z-BwBz4_gG-XGLQKeK0wIDJ6A7AAV36zxOAABz4_gG-XGLQKeK0wIDJ6A7AAWRFvVnAAA=,Aprobado- Factura  -  N2201531 - Radicado 190922 - SERVIENTREGA SA - Cartago - Calarcá - NA,190921.pdf,62ade328b666f635df8704e1026f7793ffce347a461efcd180ccb9a18d26ac5beb47f83f6911920fdc0a3633e092edc2,N2201531,2026-03-05,Factura-N2201531.zip,ok,OK_REGISTRADA,7,,28.935,7,7,AIDX|SUBJECT,
20260425_210559_e7f2f245,2026-04-26T01:52:01,AAMkADkwZmQ0YTA5LWE0M2MtNDk3Ni1hMzUzLTE0OTQxZDcwZWExMgBGAAAAAADJoyAzIWZBQakanooks8Z-BwBz4_gG-XGLQKeK0wIDJ6A7AAV36zxOAABz4_gG-XGLQKeK0wIDJ6A7AAWRFvVmAAA=,Aprobado- Factura  -  FVE 435 - Radicado 190889 - SINERGING SAS - L.T. Guaymaral - NA,fv0900782914008260000000b.pdf,e79c6a6afd0bd6913932c8fb3044f6adf302a1dfa40fb3c4ee5886ce99937c4dad5c6dc7e9f4a539e142074a53a16c9b,FVE435,2026-05-03,z0900782914008260000000b.zip,ok,OK_REGISTRADA,7,,28.361,7,7,AIDX|SUBJECT,
20260425_210559_e7f2f245,2026-04-26T01:52:33,AAMkADkwZmQ0YTA5LWE0M2MtNDk3Ni1hMzUzLTE0OTQxZDcwZWExMgBGAAAAAADJoyAzIWZBQakanooks8Z-BwBz4_gG-XGLQKeK0wIDJ6A7AAV36zxOAABz4_gG-XGLQKeK0wIDJ6A7AAWP5PuZAAA=,Aprobado- Factura  -  FE 1985 - Radicado 190818 - SERVICIOS LOGISTICOS DE INGENIERIA SAS - Dirección administrativa y financiera -Compras - NA,fv0900723023008260000003c.pdf,a94f2934530c268c19ade9823a7bf5caddc9a0f1b7e5b29d3b185ee5698bfa73e66aa02c5ad888085aa734d4577dc6b4,FE1985,2026-02-26,z0900723023008260000003c.zip,ok,OK_REGISTRADA,7,,31.697,7,7,AIDX|SUBJECT,
20260425_210559_e7f2f245,2026-04-26T01:53:07,AAMkADkwZmQ0YTA5LWE0M2MtNDk3Ni1hMzUzLTE0OTQxZDcwZWExMgBGAAAAAADJoyAzIWZBQakanooks8Z-BwBz4_gG-XGLQKeK0wIDJ6A7AAV36zxOAABz4_gG-XGLQKeK0wIDJ6A7AAWP5PuYAAA=,Aprobado- Factura  -  FE 1975 - Radicado 190807 - SERVICIOS LOGISTICOS DE INGENIERIA SAS - 199 SC_ 277-00-FAC CADEC N 1 - NA,fv09007230230082600000032.pdf,2d3d337e05bb72aca5e27c0f53a81e47e58384d6f6df75703fc2c679fc7bb462aacfc1c5c5e11d5710578e8293592d03,FE1975,2026-02-26,z09007230230082600000032.zip,ok,OK_REGISTRADA,7,,33.805,7,7,AIDX|SUBJECT,
20260425_210559_e7f2f245,2026-04-26T01:53:34,AAMkADkwZmQ0YTA5LWE0M2MtNDk3Ni1hMzUzLTE0OTQxZDcwZWExMgBGAAAAAADJoyAzIWZBQakanooks8Z-BwBz4_gG-XGLQKeK0wIDJ6A7AAV36zxOAABz4_gG-XGLQKeK0wIDJ6A7AAWP5PuXAAA=,Aprobado- Factura  -  FVE 2113 - Radicado 190804 - JOYCO SAS BIC - Cartago - Calarcá - NA,fv0860067561008260000003c.pdf,fb799ae13e904729b98b514ffc5525371b7b038a2e2e8651312f7fe2594772b88bdbcf2156c2473aba5d274b3aad421f,FVE2113,2026-03-04,z0860067561008260000003c.zip,ok,OK_REGISTRADA,7,,27.57,7,7,AIDX|SUBJECT,
20260425_210559_e7f2f245,2026-04-26T01:54:02,AAMkADkwZmQ0YTA5LWE0M2MtNDk3Ni1hMzUzLTE0OTQxZDcwZWExMgBGAAAAAADJoyAzIWZBQakanooks8Z-BwBz4_gG-XGLQKeK0wIDJ6A7AAV36zxOAABz4_gG-XGLQKeK0wIDJ6A7AAWP5PuWAAA=,Aprobado- Factura  -  FV 1235 - Radicado 190867 - SUDEN SAS - L.T. Guaymaral - NA,fv09013917410082600000025.pdf,9f714edef7828abfdaae27285188092705aea46c6598daebba335270339adebedbdf2b23933284323eb4b4eadf925878,FV1235,2026-03-04,z09013917410082600000025.zip,ok,OK_REGISTRADA,7,,27.387,7,7,AIDX|SUBJECT,
20260425_210559_e7f2f245,2026-04-26T01:54:31,AAMkADkwZmQ0YTA5LWE0M2MtNDk3Ni1hMzUzLTE0OTQxZDcwZWExMgBGAAAAAADJoyAzIWZBQakanooks8Z-BwBz4_gG-XGLQKeK0wIDJ6A7AAV36zxOAABz4_gG-XGLQKeK0wIDJ6A7AAWP5PuVAAA=,Aprobado- Factura  -  FHM6851 - Radicado 190837 - JUAN FRANCISCO LOPEZ MONTERO - Red Férrea Atlántico - NA,fv12639652232600006851.pdf,0474b99122462265d1febae90c482ee6019e225be3a9d7787f0f1c1420996922cde3a364772ed385f8cfae07ee51aff9,FHM6851,2026-03-04,fv12639652232600006851.zip,ok,OK_REGISTRADA,7,,29.595,7,7,AIDX|SUBJECT,
20260425_210559_e7f2f245,2026-04-26T01:55:01,AAMkADkwZmQ0YTA5LWE0M2MtNDk3Ni1hMzUzLTE0OTQxZDcwZWExMgBGAAAAAADJoyAzIWZBQakanooks8Z-BwBz4_gG-XGLQKeK0wIDJ6A7AAV36zxOAABz4_gG-XGLQKeK0wIDJ6A7AAWP5PuUAAA=,Aprobado- Factura  -  CO728 - Radicado 190745 - CONSULOBRAS SAS - Cartago - Calarcá - NA,800060834_CO728.pdf,1450fa0e1c6afb321f9e3d14c3c011ff09799e2eeb2c836e32e6ae65066024404158d78ea7ac40f10fd5302120e73351,CO728,2024-07-19,800060834_CO728.zip,ok,OK_REGISTRADA,7,,29.14,7,7,AIDX|SUBJECT,
20260425_210559_e7f2f245,2026-04-26T01:55:27,AAMkADkwZmQ0YTA5LWE0M2MtNDk3Ni1hMzUzLTE0OTQxZDcwZWExMgBGAAAAAADJoyAzIWZBQakanooks8Z-BwBz4_gG-XGLQKeK0wIDJ6A7AAV36zxOAABz4_gG-XGLQKeK0wIDJ6A7AAWP5PuTAAA=,Aprobado- Factura  -  FVE 2112 - Radicado 190803 - JOYCO SAS BIC - TM Av. 68 - NA,fv0860067561008260000003b.pdf,ef79f5b1df644cdcd1b6bc7760c4c6ded1986a4e190ffe02ca2fb542ecd2da2f0ce032d5a7b4885a4e89f20cb56ebd80,FVE2112,2026-03-04,z0860067561008260000003b.zip,ok,OK_REGISTRADA,7,,26.949,7,7,AIDX|SUBJECT,
20260425_210559_e7f2f245,2026-04-26T01:55:57,AAMkADkwZmQ0YTA5LWE0M2MtNDk3Ni1hMzUzLTE0OTQxZDcwZWExMgBGAAAAAADJoyAzIWZBQakanooks8Z-BwBz4_gG-XGLQKeK0wIDJ6A7AAV36zxOAABz4_gG-XGLQKeK0wIDJ6A7AAWP5PuSAAA=,Aprobado- Factura  -  R1142941915 - Radicado 190799 - COMCEL SA - Dirección administrativa y financiera -Infraestructura - NA,fv0800153993015261142941915.pdf,8f31c000e4de8857c9f0073b15952a36c5fdc4ed4a69351f5b3b664c57c68f03cca19b6362e42249bedf7c836b40ae3e,R1142941915,2024-08-22,z0800153993015261142941915.zip,ok,OK_REGISTRADA,7,,29.927,7,7,AIDX|SUBJECT,
20260425_210559_e7f2f245,2026-04-26T01:56:21,AAMkADkwZmQ0YTA5LWE0M2MtNDk3Ni1hMzUzLTE0OTQxZDcwZWExMgBGAAAAAADJoyAzIWZBQakanooks8Z-BwBz4_gG-XGLQKeK0wIDJ6A7AAV36zxOAABz4_gG-XGLQKeK0wIDJ6A7AAWP5PuRAAA=,Aprobado- Factura  -  EB 000341736232 - Radicado 190798 - ETB E.S.P. EMPRESA DE TELECOMUNICACIONES DE BOGOTA SA ESP - Dirección administrativa y financiera -Infraestructura - NA,Tu Factura ETB Marzo de 2026.pdf,cb60cbd3cbcbbb82bb1beaa9aeefc5c3d48db2dfa4d8d812055944817cb61e37accbcecb6c9dbccccb2980fb9cfc779e,EB000341736232,2024-12-27,(PDF_APROBADAS_FALLBACK),ok_pdf_aprobadas_fallback,OK_REGISTRADA_FALLBACK_PDF,7,,23.503,7,7,PDF_APROBADAS|SUBJECT,
20260425_210559_e7f2f245,2026-04-26T01:56:54,AAMkADkwZmQ0YTA5LWE0M2MtNDk3Ni1hMzUzLTE0OTQxZDcwZWExMgBGAAAAAADJoyAzIWZBQakanooks8Z-BwBz4_gG-XGLQKeK0wIDJ6A7AAV36zxOAABz4_gG-XGLQKeK0wIDJ6A7AAWP5PuQAAA=,Aprobado- Factura  -  FCII 1189925 - Radicado 190741 - TELESENTINEL LTDA - Reserva Ventura S.A.S. - NA,Pagos.pdf,8d0fe2bf403321625b82e3c6ceebddadfe61cbef0670e1c07c2e5803345c7700c58078f5f6409c523f28f9d484b421a8,FCII1189925,,z08000148750072601189925.zip,ok,OK_REGISTRADA,7,,32.973,7,7,AIDX|SUBJECT,
20260425_210559_e7f2f245,2026-04-26T01:57:22,AAMkADkwZmQ0YTA5LWE0M2MtNDk3Ni1hMzUzLTE0OTQxZDcwZWExMgBGAAAAAADJoyAzIWZBQakanooks8Z-BwBz4_gG-XGLQKeK0wIDJ6A7AAV36zxOAABz4_gG-XGLQKeK0wIDJ6A7AAWP5PuPAAA=,Aprobado- Factura  -  RH5364 - Radicado 190796 - JUAN FRANCISCO LOPEZ MONTERO - Red Férrea Atlántico - NA,fv12639652232600005364.pdf,af222b6b5bc8b043e159cc28ae38600e9780336c0671b66535be632de6c08fba874f48a477514cd7cc56829e0a3e5ae2,RH5364,2026-03-03,fv12639652232600005364.zip,ok,OK_REGISTRADA,7,,28.372,7,7,AIDX|SUBJECT,
20260425_210559_e7f2f245,2026-04-26T01:57:51,AAMkADkwZmQ0YTA5LWE0M2MtNDk3Ni1hMzUzLTE0OTQxZDcwZWExMgBGAAAAAADJoyAzIWZBQakanooks8Z-BwBz4_gG-XGLQKeK0wIDJ6A7AAV36zxOAABz4_gG-XGLQKeK0wIDJ6A7AAWP5PuOAAA=,Aprobado- Factura  -  PG 270 - Radicado 190785 - PRAGMAC SAS - TM Av. 68 - NA,507a7a6a-0618-4a95-b5a6-a2871ebeb1a0.pdf,7474a8fcbd4f9b01b11a4ad642ee60338814625f3734fe4f366b45d767a9f33908cefc366a5993ddc3366d7f5f0600e4,PG270,2026-11-26,507a7a6a-0618-4a95-b5a6-a2871ebeb1a0.zip,ok,OK_REGISTRADA,7,,28.877,7,7,AIDX|SUBJECT,
20260425_210559_e7f2f245,2026-04-26T01:58:21,AAMkADkwZmQ0YTA5LWE0M2MtNDk3Ni1hMzUzLTE0OTQxZDcwZWExMgBGAAAAAADJoyAzIWZBQakanooks8Z-BwBz4_gG-XGLQKeK0wIDJ6A7AAV36zxOAABz4_gG-XGLQKeK0wIDJ6A7AAWP5PuNAAA=,Aprobado- Factura  -  AYA 170576 - Radicado 190786 - A Y A RADIOCOMUNICACIONES SAS - Cartago - Calarcá - NA,ad08002221770162600029a50.pdf,08dff0f4b85985e8fa58234d91d95823a2d4948f8e1114b004fa7290c4ad6bd29cd5fcefcf48fa48b99d286a9daf0aae,AYA170576,2024-04-03,z08002221770162600029a50.zip,ok,OK_REGISTRADA,7,,29.402,7,7,AIDX|SUBJECT,
20260425_210559_e7f2f245,2026-04-26T01:58:48,AAMkADkwZmQ0YTA5LWE0M2MtNDk3Ni1hMzUzLTE0OTQxZDcwZWExMgBGAAAAAADJoyAzIWZBQakanooks8Z-BwBz4_gG-XGLQKeK0wIDJ6A7AAV36zxOAABz4_gG-XGLQKeK0wIDJ6A7AAWP5PuMAAA=,Aprobado- Factura  -  FHM6848 - Radicado 190788 - JUAN FRANCISCO LOPEZ MONTERO - Red Férrea Atlántico - NA,fv12639652232600006848.pdf,9c89892905880cb98b3e05dbe49016387600e74f442a6cea409d50ef89fa61b6dbe36e8aa1e58b5d8395ac6a7f2beb10,FHM6848,2026-03-03,fv12639652232600006848.zip,ok,OK_REGISTRADA,7,,27.935,7,7,AIDX|SUBJECT,
20260425_210559_e7f2f245,2026-04-26T01:59:16,AAMkADkwZmQ0YTA5LWE0M2MtNDk3Ni1hMzUzLTE0OTQxZDcwZWExMgBGAAAAAADJoyAzIWZBQakanooks8Z-BwBz4_gG-XGLQKeK0wIDJ6A7AAV36zxOAABz4_gG-XGLQKeK0wIDJ6A7AAWPXudJAAA=,Aprobado- Factura  -  FE 11052 - Radicado 190736 - HOTEL PALONEGRO EDUARDO PAREDES - 328 SC_FDT_DAMASO - NA,FE11052.pdf,dcabcc9b5fb35557d6d31ff86013c369e68c0a7a67f78b8a316673e14d683e6191f26b0878420611e5333850fd4d2de5,FE11052,2025-09-26,fv00189163590002600002B2C_attached.zip,ok,OK_REGISTRADA,7,,27.779,7,7,AIDX|SUBJECT,
20260425_210559_e7f2f245,2026-04-26T01:59:39,AAMkADkwZmQ0YTA5LWE0M2MtNDk3Ni1hMzUzLTE0OTQxZDcwZWExMgBGAAAAAADJoyAzIWZBQakanooks8Z-BwBz4_gG-XGLQKeK0wIDJ6A7AAV36zxOAABz4_gG-XGLQKeK0wIDJ6A7AAWPXudIAAA=,Aprobado- Factura  -  JDC99228 - Radicado 190764 - FUNDACION UNIVERSITARIA JUAN DE CASTELLANOS - Dirección administrativa y financiera -Compras - NA,JOYCO S.A.S. BIC.pdf,240a81b94e3ced71506f394a04f284fb372c627653ff498610e74577d96308bf14bd7af3946fa0ba465fad9cf6eab14f,JDC99228,2026-02-27,(PDF_APROBADAS_FALLBACK),ok_pdf_aprobadas_fallback,OK_REGISTRADA_FALLBACK_PDF,7,,22.462,7,7,PDF_APROBADAS|SUBJECT,
20260425_210559_e7f2f245,2026-04-26T02:00:08,AAMkADkwZmQ0YTA5LWE0M2MtNDk3Ni1hMzUzLTE0OTQxZDcwZWExMgBGAAAAAADJoyAzIWZBQakanooks8Z-BwBz4_gG-XGLQKeK0wIDJ6A7AAV36zxOAABz4_gG-XGLQKeK0wIDJ6A7AAWPXudHAAA=,Aprobado- Factura  -  EIE - 20364 - Radicado 190783 - E.I.E.ECHEVERRY INGENIERIA Y ENSAYOS SAS - Dirección administrativa y financiera -Compras - NA,9ea0549b-12b4-474c-bbbe-fed1fd5bbea1.pdf,bcddc9804eed6d2783fc5bc06d77303551b09dad41051f7dcc21a7118991e1679265532dc8ea15dfdc2a8ae43febacfa,EIE-20364,2026-09-03,9ea0549b-12b4-474c-bbbe-fed1fd5bbea1.zip,ok,OK_REGISTRADA,7,,29.185,7,7,AIDX|SUBJECT,
20260425_210559_e7f2f245,2026-04-26T02:00:37,AAMkADkwZmQ0YTA5LWE0M2MtNDk3Ni1hMzUzLTE0OTQxZDcwZWExMgBGAAAAAADJoyAzIWZBQakanooks8Z-BwBz4_gG-XGLQKeK0wIDJ6A7AAV36zxOAABz4_gG-XGLQKeK0wIDJ6A7AAWPXudGAAA=,Aprobado- Factura  -  IK17 25331 - Radicado 190778 - ESTIBOL SAS - Dirección administrativa y financiera -Compras - NA,ad08605083820072600025331.pdf,703c23d79b76336e5c33278c90aa1463873e558d084e9d11cbdd560bcfdc4e8eaa11f1e0c30a4a3405d1b4079e6a6853,IK1725331,2025-03-06,z08605083820072600025331.zip,ok,OK_REGISTRADA,7,,28.904,7,7,AIDX|SUBJECT,
20260425_210559_e7f2f245,2026-04-26T02:01:07,AAMkADkwZmQ0YTA5LWE0M2MtNDk3Ni1hMzUzLTE0OTQxZDcwZWExMgBGAAAAAADJoyAzIWZBQakanooks8Z-BwBz4_gG-XGLQKeK0wIDJ6A7AAV36zxOAABz4_gG-XGLQKeK0wIDJ6A7AAWPXudFAAA=,Aprobado- Factura  -  EN 9867 - Radicado 190754 - ENSAFE SAS - 01-2025-327 TOYO T2 S1 - NA,8ef0159c-19b8-4bc6-ae67-f44e631d9d39.pdf,8b41669096e0e8a76579292848019c25ce134661aa0f578bfe6ea8917102fbba7700d2acaea0ca854c8f536c4faab8e9,EN9867,2026-03-02,8ef0159c-19b8-4bc6-ae67-f44e631d9d39.zip,ok,OK_REGISTRADA,7,,30.235,7,7,AIDX|SUBJECT,
20260425_210559_e7f2f245,2026-04-26T02:01:37,AAMkADkwZmQ0YTA5LWE0M2MtNDk3Ni1hMzUzLTE0OTQxZDcwZWExMgBGAAAAAADJoyAzIWZBQakanooks8Z-BwBz4_gG-XGLQKeK0wIDJ6A7AAV36zxOAABz4_gG-XGLQKeK0wIDJ6A7AAWPXudEAAA=,Aprobado- Factura  -  EN 9866 - Radicado 190753 - ENSAFE SAS - 01-2025-327 TOYO T2 S1 - NA,190753.pdf,d55a632e3482f74998b28640b20b5263eecc5ec62b1773cbd0e58e496a0913505eb33d4e140a293519b02f6721df398c,EN9866,2026-03-02,b13645fc-76b1-4490-877d-8d48a1411769.zip,ok,OK_REGISTRADA,7,,30.442,7,7,AIDX|SUBJECT,
20260425_210559_e7f2f245,2026-04-26T02:02:05,AAMkADkwZmQ0YTA5LWE0M2MtNDk3Ni1hMzUzLTE0OTQxZDcwZWExMgBGAAAAAADJoyAzIWZBQakanooks8Z-BwBz4_gG-XGLQKeK0wIDJ6A7AAV36zxOAABz4_gG-XGLQKeK0wIDJ6A7AAWPXudDAAA=,Aprobado- Factura  -  EN 9865 - Radicado 190752 - ENSAFE SAS - 01-2025-327 TOYO T2 S1 - NA,67accb59-f216-40af-92cb-8f2c605a68db.pdf,011a1bcbd13f8e0989a1fd77ec79846c778f0a922ec0e19ce0636bdf4fd27c9ab41b2d9fe2cb88128f32cd7c411988b4,EN9865,2026-03-02,67accb59-f216-40af-92cb-8f2c605a68db.zip,ok,OK_REGISTRADA,7,,27.878,7,7,AIDX|SUBJECT,
20260425_210559_e7f2f245,2026-04-26T02:02:34,AAMkADkwZmQ0YTA5LWE0M2MtNDk3Ni1hMzUzLTE0OTQxZDcwZWExMgBGAAAAAADJoyAzIWZBQakanooks8Z-BwBz4_gG-XGLQKeK0wIDJ6A7AAV36zxOAABz4_gG-XGLQKeK0wIDJ6A7AAWPXudCAAA=,Aprobado- Factura  -  AFSV 486 - Radicado 190777 - CONTRERAS NUVAN WILSON - AMV Caquetá - NA,fv00176407700082600000266.pdf,f942e38c4cdb23c247a9df1371196c0778986e411d0f26057a4979b97425ce0f3a4b693649b033e9559b67d74ead8b1e,AFSV486,2026-03-03,z00176407700082600000266.zip,ok,OK_REGISTRADA,7,,28.97,7,7,AIDX|SUBJECT,
20260425_210559_e7f2f245,2026-04-26T02:03:04,AAMkADkwZmQ0YTA5LWE0M2MtNDk3Ni1hMzUzLTE0OTQxZDcwZWExMgBGAAAAAADJoyAzIWZBQakanooks8Z-BwBz4_gG-XGLQKeK0wIDJ6A7AAV36zxOAABz4_gG-XGLQKeK0wIDJ6A7AAWPXudBAAA=,Aprobado- Factura  -  FE 112 - Radicado 190774 - INGTECNOVA SAS - Dirección Comercial - Desarrollo de Negocios - NA,fv0901642556008260000000b.pdf,de1e1bfc1c50fff4839da81a60c3cfaab487d51b6c73d7e8973933d13b7fdbc241452b9c44cd473e17107aae40331622,FE112,2026-03-13,z0901642556008260000000b.zip,ok,OK_REGISTRADA,7,,30.074,7,7,AIDX|SUBJECT,
20260425_210559_e7f2f245,2026-04-26T02:03:32,AAMkADkwZmQ0YTA5LWE0M2MtNDk3Ni1hMzUzLTE0OTQxZDcwZWExMgBGAAAAAADJoyAzIWZBQakanooks8Z-BwBz4_gG-XGLQKeK0wIDJ6A7AAV36zxOAABz4_gG-XGLQKeK0wIDJ6A7AAWPXudAAAA=,Aprobado- Factura  -  NACL591719 - Radicado 190762 - SEGURIDAD ATLAS LTDA - Cartago - Calarcá - NA,ad0890312749064260000591719.pdf,e7a8414814c326a38cac3ebb57b70d09b42a206487c1d74972b47a3a89c0279044d3c7f8db331c542569b22247db23c3,NACL591719,2005-12-15,z0890312749064260000591719.zip,ok,OK_REGISTRADA,7,,27.882,7,7,AIDX|SUBJECT,
20260425_210559_e7f2f245,2026-04-26T02:04:02,AAMkADkwZmQ0YTA5LWE0M2MtNDk3Ni1hMzUzLTE0OTQxZDcwZWExMgBGAAAAAADJoyAzIWZBQakanooks8Z-BwBz4_gG-XGLQKeK0wIDJ6A7AAV36zxOAABz4_gG-XGLQKeK0wIDJ6A7AAWOhfxNAAA=,Aprobado- Factura  -  CO729 - Radicado 190758 - CONSULOBRAS SAS - 01-2025-327 TOYO T2 S1 - NA,800060834_CO729.pdf,0c9a3c4180010c79e6096ab195a602af1a3ee7ba439427db2fa98c4424c239a029a294301b05583bbdc03a3f139c25b7,24SS111B2009,2024-07-19,800060834_CO729.zip,ok,OK_REGISTRADA,7,,29.259,7,7,AIDX|SUBJECT,
20260425_210559_e7f2f245,2026-04-26T02:04:31,AAMkADkwZmQ0YTA5LWE0M2MtNDk3Ni1hMzUzLTE0OTQxZDcwZWExMgBGAAAAAADJoyAzIWZBQakanooks8Z-BwBz4_gG-XGLQKeK0wIDJ6A7AAV36zxOAABz4_gG-XGLQKeK0wIDJ6A7AAWOhfxMAAA=,Aprobado- Factura  -  FE29 - Radicado 190756 - MARIA PAULINA CARDONA BERMEO - 01-2025-327 TOYO T2 S1 - NA,dian_FE29.pdf,3254eb198cc427060fc6a9b86f2f4d1921316389dd03dfeb2586e62f8c085411e0dec6423c0f38f9248eafd340f4cd41,FE29,2025-02-21,FE29.zip,ok,OK_REGISTRADA,7,,29.366,7,7,AIDX|SUBJECT,
20260425_210559_e7f2f245,2026-04-26T02:04:59,AAMkADkwZmQ0YTA5LWE0M2MtNDk3Ni1hMzUzLTE0OTQxZDcwZWExMgBGAAAAAADJoyAzIWZBQakanooks8Z-BwBz4_gG-XGLQKeK0wIDJ6A7AAV36zxOAABz4_gG-XGLQKeK0wIDJ6A7AAWOhfxLAAA=,Aprobado- Factura  -  FVE - 41546 - Radicado 190737 - DISTRIBUIDORA COMPUINKPRES SAS - Cucutilla - Cornejo - NA,ad090124811405726000011ee.pdf,db4c4bad5a7852e49cbcadaa444c4f5383bb94ee36e7b6e952772b289ffe48c4d0a5c6e159b65d54924f82b16ade969b,FVE-41546,2025-01-29,ad090124811405726000011ee.zip,ok,OK_REGISTRADA,7,,28.155,7,7,AIDX|SUBJECT,
20260425_210559_e7f2f245,2026-04-26T02:05:28,AAMkADkwZmQ0YTA5LWE0M2MtNDk3Ni1hMzUzLTE0OTQxZDcwZWExMgBGAAAAAADJoyAzIWZBQakanooks8Z-BwBz4_gG-XGLQKeK0wIDJ6A7AAV36zxOAABz4_gG-XGLQKeK0wIDJ6A7AAWOhfxKAAA=,Aprobado- Factura  -  SVIT 31345 - Radicado 190740 - SURFLINK SAS - AMV Caquetá - NA,fv0901798042008260000269c.pdf,1218900b514dce146d46c7261414776b8effd045d58e4810e765638800be42ad9086c913ba8856d4ffff441e03d7b31f,SVIT31345,2026-03-01,z0901798042008260000269c.zip,ok,OK_REGISTRADA,7,,28.565,7,7,AIDX|SUBJECT,
20260425_210559_e7f2f245,2026-04-26T02:06:00,AAMkADkwZmQ0YTA5LWE0M2MtNDk3Ni1hMzUzLTE0OTQxZDcwZWExMgBGAAAAAADJoyAzIWZBQakanooks8Z-BwBz4_gG-XGLQKeK0wIDJ6A7AAV36zxOAABz4_gG-XGLQKeK0wIDJ6A7AAWOhfxJAAA=,Aprobado- Factura  -  F4911342589 - Radicado 190748 - DOLLARCITY SURAMERICA COMERCIAL SAS - Cucutilla - Cornejo - NA,fv090094324302126F4911342589.pdf,b6304d4f02e41304d6d9c046d407ee31e023f0709caca1f823107acbaa3348109a7a21834e658c155a92e9f8a44dfbb6,F4911342589,2026-03-02,090094324302126F4911342589.zip,ok,OK_REGISTRADA,7,,32.534,7,7,AIDX|SUBJECT,
20260425_210559_e7f2f245,2026-04-26T02:07:07,AAMkADkwZmQ0YTA5LWE0M2MtNDk3Ni1hMzUzLTE0OTQxZDcwZWExMgBGAAAAAADJoyAzIWZBQakanooks8Z-BwBz4_gG-XGLQKeK0wIDJ6A7AAV36zxOAABz4_gG-XGLQKeK0wIDJ6A7AAWOhfxIAAA=,Aprobado- Factura  -  1048 - Radicado 190597 - ESTUDIOS Y DISEÑOS INGENIERIA SAS - Cucutilla - Cornejo - DIAN,e2b93fe097606f7adc7fbd404a4e52845f163eb3a33b325d4d6fde34842c6a5f9cca67abeb78efb93d6efe1d1d2ca5da.pdf,e2b93fe097606f7adc7fbd404a4e52845f163eb3a33b325d4d6fde34842c6a5f9cca67abeb78efb93d6efe1d1d2ca5da,1048,2026-02-24,(PDF_APROBADAS_FALLBACK),ok_pdf_aprobadas_fallback,OK_REGISTRADA_FALLBACK_PDF,7,,67.216,7,7,PDF_APROBADAS|SUBJECT,
20260425_210559_e7f2f245,2026-04-26T02:07:32,AAMkADkwZmQ0YTA5LWE0M2MtNDk3Ni1hMzUzLTE0OTQxZDcwZWExMgBGAAAAAADJoyAzIWZBQakanooks8Z-BwBz4_gG-XGLQKeK0wIDJ6A7AAV36zxOAABz4_gG-XGLQKeK0wIDJ6A7AAWOhfxHAAA=,Aprobado- Factura  -  E 6026244010 - Radicado 190728 - COMCEL SA - Pto. Gaitán – Pte. Arimena - NA,2026-02-26-13-04_Factura_8.22534051.pdf,ccea8001539937cca23cdadbacdaacacdadcdadcdaddeccac1111badeccdeccdecccdacdacdacdafacaeeccadeeae602,E6026244010,2026-02-11,(PDF_APROBADAS_FALLBACK),ok_pdf_aprobadas_fallback,OK_REGISTRADA_FALLBACK_PDF,7,,24.454,7,7,PDF_APROBADAS|SUBJECT,
20260425_210559_e7f2f245,2026-04-26T02:08:01,AAMkADkwZmQ0YTA5LWE0M2MtNDk3Ni1hMzUzLTE0OTQxZDcwZWExMgBGAAAAAADJoyAzIWZBQakanooks8Z-BwBz4_gG-XGLQKeK0wIDJ6A7AAV36zxOAABz4_gG-XGLQKeK0wIDJ6A7AAWOhfxGAAA=,Aprobado- Factura  -  FE 32828 - Radicado 190731 - COOPERATIVA DE TRANSPORTADORES DEL PUTUMAYO LIMITADA - 06-2025-195 Mocoa Ambiental - NA,190730.pdf,80b510a1e15d76a9d9764173e4b10f3f9a863606f187ebebd7f23b93563468f386c0aebbbb3ef8a4a67a3c75343f77dc,FE32828,2026-02-27,z089120179600826000000b9.zip,ok,OK_REGISTRADA,7,,29.455,7,7,AIDX|SUBJECT,
20260425_210559_e7f2f245,2026-04-26T02:08:30,AAMkADkwZmQ0YTA5LWE0M2MtNDk3Ni1hMzUzLTE0OTQxZDcwZWExMgBGAAAAAADJoyAzIWZBQakanooks8Z-BwBz4_gG-XGLQKeK0wIDJ6A7AAV36zxOAABz4_gG-XGLQKeK0wIDJ6A7AAWNANFqAAA=,Aprobado- Factura  -  CFEV1764 - Radicado 190713 - COMERCIALIZADORA DE TECNOLOGIAS DIGITALES & EXTENSIVAS C.T.D.E - S.A.S - Red Férrea Atlántico - NA,ad09015563110852600000201.pdf,2122f0f69f548e15cf5210ffab26f9c19b4c37249e07451b47ca51490bbca488a82d12ea41083cf73f09a6368bfe02c5,CFEV1764,2026-02-27,z09015563110852600000201.zip,ok,OK_REGISTRADA,7,,28.383,7,7,AIDX|SUBJECT,
20260425_210559_e7f2f245,2026-04-26T02:08:57,AAMkADkwZmQ0YTA5LWE0M2MtNDk3Ni1hMzUzLTE0OTQxZDcwZWExMgBGAAAAAADJoyAzIWZBQakanooks8Z-BwBz4_gG-XGLQKeK0wIDJ6A7AAV36zxOAABz4_gG-XGLQKeK0wIDJ6A7AAWNANFpAAA=,Aprobado- Factura  -  FB5 12688 - Radicado 190708 - FERRECENTRO MUNDIAL SAS ZOMAC - Dirección administrativa y financiera -Compras - NA,ad09010635380792600012688.pdf,095a60402dab203ba3e06e7ceec66bcf72c68ce24e0b0f74e77bf5cafcfe54cc23108ff2d4f7049674a03084db2555df,FB512688,,z09010635380792600012688.zip,ok,OK_REGISTRADA,7,,27.394,7,7,AIDX|SUBJECT,
20260425_210559_e7f2f245,2026-04-26T02:09:26,AAMkADkwZmQ0YTA5LWE0M2MtNDk3Ni1hMzUzLTE0OTQxZDcwZWExMgBGAAAAAADJoyAzIWZBQakanooks8Z-BwBz4_gG-XGLQKeK0wIDJ6A7AAV36zxOAABz4_gG-XGLQKeK0wIDJ6A7AAWNANFoAAA=,Aprobado- Factura  -  X2572557195 - Radicado 190715 - COLOMBIANA DE COMERCIO S.A - 01-2025-327 TOYO T2 S1 - NA,ad08909009430062600440BE4.pdf,56317b0f533cba5ac9d847044daa0e7ccbfd1729deff8c2c756eea4f7951d546827002030ec82d5a7cbdd76db3a43c65,X2572557195,2026-02-27,ad08909009430062600440BE4.zip,ok,OK_REGISTRADA,7,,28.745,7,7,AIDX|SUBJECT,
20260425_210559_e7f2f245,2026-04-26T02:09:55,AAMkADkwZmQ0YTA5LWE0M2MtNDk3Ni1hMzUzLTE0OTQxZDcwZWExMgBGAAAAAADJoyAzIWZBQakanooks8Z-BwBz4_gG-XGLQKeK0wIDJ6A7AAV36zxOAABz4_gG-XGLQKeK0wIDJ6A7AAWNANFnAAA=,Aprobado- Factura  -  257-76377 - Radicado 190716 - AGENCIA DE VIAJES Y TURISMO AVIATUR S.A.S - Cesar Red Terciaria - NA,ad08600000180442600143289.pdf,46e9f792108726ed514b31f67fb9f03b30dfa0a2a1ab640f48db10f8b00bc29d19c7072dfea489ed27684cda3a5fa4d4,25776377,2026-02-27,z08600000180442600143289.zip,ok,OK_REGISTRADA,7,,28.978,7,7,AIDX|SUBJECT,
20260425_210559_e7f2f245,2026-04-26T02:10:28,AAMkADkwZmQ0YTA5LWE0M2MtNDk3Ni1hMzUzLTE0OTQxZDcwZWExMgBGAAAAAADJoyAzIWZBQakanooks8Z-BwBz4_gG-XGLQKeK0wIDJ6A7AAV36zxOAABz4_gG-XGLQKeK0wIDJ6A7AAWNANFmAAA=,Aprobado- Factura  -  257-76365 - Radicado 190704 - AGENCIA DE VIAJES Y TURISMO AVIATUR S.A.S - Cesar Red Terciaria - NA,ad08600000180442600141237.pdf,18f08facddcff08dfe7b81e8662ab93af7961b65ca82b4e275ddcaa5dd7528b52101960c77edc64055e842a35d2d3569,25776365,2026-02-26,z08600000180442600141237.zip,ok,OK_REGISTRADA,7,,32.996,7,7,AIDX|SUBJECT,
20260425_210559_e7f2f245,2026-04-26T02:11:31,AAMkADkwZmQ0YTA5LWE0M2MtNDk3Ni1hMzUzLTE0OTQxZDcwZWExMgBGAAAAAADJoyAzIWZBQakanooks8Z-BwBz4_gG-XGLQKeK0wIDJ6A7AAV36zxOAABz4_gG-XGLQKeK0wIDJ6A7AAWMd0iOAAA=,Aprobado- Factura  -  POSW-1080 - Radicado 190674 - LAUREL HOTELS SAS - Dirección administrativa y financiera -Compras - DIAN,fd701e78c2519f4d80f95005353e1329a53837831474b1d4aa6762ed0bcc7ac920516d8ab53e04ad2b2cc2479bada8a6.pdf,fd701e78c2519f4d80f95005353e1329a53837831474b1d4aa6762ed0bcc7ac920516d8ab53e04ad2b2cc2479bada8a6,POSW-1080,2026-02-14,(PDF_APROBADAS_FALLBACK),ok_pdf_aprobadas_fallback,OK_REGISTRADA_FALLBACK_PDF,7,,62.935,7,7,PDF_APROBADAS|SUBJECT,
20260425_210559_e7f2f245,2026-04-26T02:12:00,AAMkADkwZmQ0YTA5LWE0M2MtNDk3Ni1hMzUzLTE0OTQxZDcwZWExMgBGAAAAAADJoyAzIWZBQakanooks8Z-BwBz4_gG-XGLQKeK0wIDJ6A7AAV36zxOAABz4_gG-XGLQKeK0wIDJ6A7AAWMd0iNAAA=,Aprobado- Factura  -  MQ 504 - Radicado 190710 - MALOQUIN S.A.S - Red Férrea Atlántico - NA,fv0900971087008260000000c.pdf,c326dd1d446152bf72be28e647f810dc0713b7520dbee904ba402728393f1b36ac2e06d687d5b0228fd854b45ad310be,MQ504,2026-02-04,z0900971087008260000000c.zip,ok,OK_REGISTRADA,7,,29.08,7,7,AIDX|SUBJECT,
20260425_210559_e7f2f245,2026-04-26T02:12:33,AAMkADkwZmQ0YTA5LWE0M2MtNDk3Ni1hMzUzLTE0OTQxZDcwZWExMgBGAAAAAADJoyAzIWZBQakanooks8Z-BwBz4_gG-XGLQKeK0wIDJ6A7AAV36zxOAABz4_gG-XGLQKeK0wIDJ6A7AAWMd0iMAAA=,Aprobado- Factura  -  E6031664262 - Radicado 190657 - COMCEL SA - Dirección administrativa y financiera -Infraestructura - NA,fv0800153993015266031664262.pdf,4c494ec9ab9c714992851339e07f8580a4d89ea928bdd64e3e3dc5c1c2e115fdb5cb2a8e2e4c2116ea51a48e8ca2a42f,8215760661,2024-08-22,z0800153993015266031664262.zip,ok,OK_REGISTRADA,7,,33.315,7,7,AIDX|SUBJECT,
20260425_210559_e7f2f245,2026-04-26T02:13:02,AAMkADkwZmQ0YTA5LWE0M2MtNDk3Ni1hMzUzLTE0OTQxZDcwZWExMgBGAAAAAADJoyAzIWZBQakanooks8Z-BwBz4_gG-XGLQKeK0wIDJ6A7AAV36zxOAABz4_gG-XGLQKeK0wIDJ6A7AAWMd0iLAAA=,Aprobado- Factura  -  FPP - 453626 - Radicado 190623 - PEOPLE PASS SAS - Joyco Consultores S.A.S. - NA,190623.pdf,7830d219205ba44b2bf94bf2904b823bedd5b63006d7ee6d25bb4b4d4613a067cad803b716d4c0f9c616925e8ef21d83,FPP-453626,2025-08-21,z09002099560072600453626.zip,ok,OK_REGISTRADA,7,,28.473,7,7,AIDX|SUBJECT,
20260425_210559_e7f2f245,2026-04-26T02:13:29,AAMkADkwZmQ0YTA5LWE0M2MtNDk3Ni1hMzUzLTE0OTQxZDcwZWExMgBGAAAAAADJoyAzIWZBQakanooks8Z-BwBz4_gG-XGLQKeK0wIDJ6A7AAV36zxOAABz4_gG-XGLQKeK0wIDJ6A7AAWMd0iKAAA=,Aprobado- Factura  -  FE-58754 - Radicado 190574 - BUK COL S.A.S - Cartago - Calarcá - NA,FA FE-58754 - PDF-4624646.pdf,2d279dae913c9bea0b29fe3ea48354cdf97aa5562d80df90ea17726beac92bfabde33a0cf2c5f32152583001126fc144,FE-58754,2026-02-07,Document_4624646.zip,ok,OK_REGISTRADA,7,,27.685,7,7,AIDX|SUBJECT,
20260425_210559_e7f2f245,2026-04-26T02:13:57,AAMkADkwZmQ0YTA5LWE0M2MtNDk3Ni1hMzUzLTE0OTQxZDcwZWExMgBGAAAAAADJoyAzIWZBQakanooks8Z-BwBz4_gG-XGLQKeK0wIDJ6A7AAV36zxOAABz4_gG-XGLQKeK0wIDJ6A7AAWMd0iJAAA=,Aprobado- Factura  -  FE-58771 - Radicado 190573 - BUK COL S.A.S - 01-2025-327 TOYO T2 S1 - NA,FA FE-58771 - PDF-4624680.pdf,120765adb657f0d7b97d45f6b847368e7b6dc1f81d23159dcc5537ada27fd430a438b0bc98e67ec4f9d523af1e4664e3,FE-58771,2026-02-07,Document_4624680.zip,ok,OK_REGISTRADA,7,,27.773,7,7,AIDX|SUBJECT,
20260425_210559_e7f2f245,2026-04-26T02:14:25,AAMkADkwZmQ0YTA5LWE0M2MtNDk3Ni1hMzUzLTE0OTQxZDcwZWExMgBGAAAAAADJoyAzIWZBQakanooks8Z-BwBz4_gG-XGLQKeK0wIDJ6A7AAV36zxOAABz4_gG-XGLQKeK0wIDJ6A7AAWMd0iIAAA=,Aprobado- Factura  -  FE-58767 - Radicado 190572 - BUK COL S.A.S - Tolima Red Terciaria - NA,FA FE-58767 - PDF-4624672.pdf,b7268df7b4017b34883cc91b3df9d4f9a760418ea866a4dec45e14aa15b30f42ba4c2a5b9ad42e2dc0a2ccdfa7e690e4,FE-58767,2026-02-07,Document_4624672.zip,ok,OK_REGISTRADA,7,,28.17,7,7,AIDX|SUBJECT,
20260425_210559_e7f2f245,2026-04-26T02:14:53,AAMkADkwZmQ0YTA5LWE0M2MtNDk3Ni1hMzUzLTE0OTQxZDcwZWExMgBGAAAAAADJoyAzIWZBQakanooks8Z-BwBz4_gG-XGLQKeK0wIDJ6A7AAV36zxOAABz4_gG-XGLQKeK0wIDJ6A7AAWMd0iHAAA=,Aprobado- Factura  -  FE-58757 - Radicado 190571 - BUK COL S.A.S - Red Férrea Atlántico - NA,FA FE-58757 - PDF-4624652.pdf,ecea6d2851fefa13fc2399bba396d418ebbc3fa65b6030d819432bf65830623ab96556a551114d3ef11484818cae6275,FE-58757,2026-02-07,Document_4624652.zip,ok,OK_REGISTRADA,7,,27.409,7,7,AIDX|SUBJECT,
20260425_210559_e7f2f245,2026-04-26T02:15:26,AAMkADkwZmQ0YTA5LWE0M2MtNDk3Ni1hMzUzLTE0OTQxZDcwZWExMgBGAAAAAADJoyAzIWZBQakanooks8Z-BwBz4_gG-XGLQKeK0wIDJ6A7AAV36zxOAABz4_gG-XGLQKeK0wIDJ6A7AAWMd0iGAAA=,Aprobado- Factura  -  FEAC 25662 - Radicado 190677 - ALQUILER DE COMPUTADORES SAS - Tolima Red Terciaria - NA,ANEXO%20FV%2025662%20CONSORCIO%20VIAL%20JJ.pdf,360e19c6bdc8e2d30236fcb83638bf6a79205270a0d91d2062de3c9cf2e99a41cf7e4d2be1b8eafec1f5336385939c97,FEAC25662,,ad09001901350352600000330.zip,ok,OK_REGISTRADA,7,,33.009,7,7,AIDX|SUBJECT,
20260425_210559_e7f2f245,2026-04-26T02:15:48,AAMkADkwZmQ0YTA5LWE0M2MtNDk3Ni1hMzUzLTE0OTQxZDcwZWExMgBGAAAAAADJoyAzIWZBQakanooks8Z-BwBz4_gG-XGLQKeK0wIDJ6A7AAV36zxOAABz4_gG-XGLQKeK0wIDJ6A7AAWMd0iFAAA=,Aprobado- Factura  -  FE 2659 - Radicado 190673 - IPSEL SAS - 01-2025-327 TOYO T2 S1 - NA,FE-2659 CONSORCIO CONSULTECNICOS- Impresion..pdf,3f053b7bfbc3b878ebbb552151ff8861e09debe5b0090f942f5a96c397dee31a39d6c00b774e7066e8788e61e14f4ef1,FE2659,2026-02-26,(PDF_APROBADAS_FALLBACK),ok_pdf_aprobadas_fallback,OK_REGISTRADA_FALLBACK_PDF,7,,22.741,7,7,PDF_APROBADAS|SUBJECT,
20260425_210559_e7f2f245,2026-04-26T02:17:09,AAMkADkwZmQ0YTA5LWE0M2MtNDk3Ni1hMzUzLTE0OTQxZDcwZWExMgBGAAAAAADJoyAzIWZBQakanooks8Z-BwBz4_gG-XGLQKeK0wIDJ6A7AAV36zxOAABz4_gG-XGLQKeK0wIDJ6A7AAWMd0iEAAA=,Aprobado- Factura  -  FE 2658 - Radicado 190672 - IPSEL SAS - Cartago - Calarcá - NA,FE-2658 CONSORCIO INTERVIAL ANDINO - Impresion..pdf,feb37b2d057b1197adeb4bf9af1a3499abcfdf36b3af00a33ff1bb704e7d16c5ad3752241fb50f11f440aa270c856b20,FE2658,2026-02-26,(PDF_APROBADAS_FALLBACK),ok_pdf_aprobadas_fallback,OK_REGISTRADA_FALLBACK_PDF,7,,80.173,7,7,PDF_APROBADAS|SUBJECT,
20260425_210559_e7f2f245,2026-04-26T02:17:38,AAMkADkwZmQ0YTA5LWE0M2MtNDk3Ni1hMzUzLTE0OTQxZDcwZWExMgBGAAAAAADJoyAzIWZBQakanooks8Z-BwBz4_gG-XGLQKeK0wIDJ6A7AAV36zxOAABz4_gG-XGLQKeK0wIDJ6A7AAWMd0iDAAA=,Aprobado- Factura  -  FE 2660 - Radicado 190671 - IPSEL SAS - Dirección administrativa y financiera -Tics - NA,fv09004003280082600000099.pdf,a9a1ada0fac6d9ae9c1772f88ee1f60f81a45f599eae80d5ec1ac558edf4ffc840f56591112738e717dcc48f5b82ee89,FE2660,2026-03-28,z09004003280082600000099.zip,ok,OK_REGISTRADA,7,,29.242,7,7,AIDX|SUBJECT,
20260425_210559_e7f2f245,2026-04-26T02:18:06,AAMkADkwZmQ0YTA5LWE0M2MtNDk3Ni1hMzUzLTE0OTQxZDcwZWExMgBGAAAAAADJoyAzIWZBQakanooks8Z-BwBz4_gG-XGLQKeK0wIDJ6A7AAV36zxOAABz4_gG-XGLQKeK0wIDJ6A7AAWMd0iCAAA=,Aprobado- Factura  -  FE 2657 - Radicado 190670 - IPSEL SAS - Dirección administrativa y financiera -Tics - NA,fv09004003280082600000096.pdf,d5249bf26f0d4600d9b7c41de941dc40d0200211e52aa035272760c2b958bb7ab5c6967d2a104c9b5852d1956206956d,FE2657,2026-03-28,z09004003280082600000096.zip,ok,OK_REGISTRADA,7,,28.101,7,7,AIDX|SUBJECT,
20260425_210559_e7f2f245,2026-04-26T02:18:33,AAMkADkwZmQ0YTA5LWE0M2MtNDk3Ni1hMzUzLTE0OTQxZDcwZWExMgBGAAAAAADJoyAzIWZBQakanooks8Z-BwBz4_gG-XGLQKeK0wIDJ6A7AAV36zxOAABz4_gG-XGLQKeK0wIDJ6A7AAWMd0iBAAA=,Aprobado- Factura  -  FE 2656 - Radicado 190668 - IPSEL SAS - Dirección administrativa y financiera -Tics - NA,fv09004003280082600000095.pdf,0434708df25f12cea4e6f60ed789d49c502d485f81afd3c6c16c820820b24d7e77669fb4677eb811f006499e2c221eed,FE2656,2026-03-28,z09004003280082600000095.zip,ok,OK_REGISTRADA,7,,27.366,7,7,AIDX|SUBJECT,
20260425_210559_e7f2f245,2026-04-26T02:19:01,AAMkADkwZmQ0YTA5LWE0M2MtNDk3Ni1hMzUzLTE0OTQxZDcwZWExMgBGAAAAAADJoyAzIWZBQakanooks8Z-BwBz4_gG-XGLQKeK0wIDJ6A7AAV36zxOAABz4_gG-XGLQKeK0wIDJ6A7AAWMd0iAAAA=,Aprobado- Factura  -  FE 2655 - Radicado 190667 - IPSEL SAS - Dirección administrativa y financiera -Tics - NA,descarga.pdf,85a4e2465530a57abc24881aae89af25a1f256abc1321ed855a5d4fd1d51381a1614cf84e6b7206baa2b0ede76250726,FE2655,2026-02-26,z09004003280082600000094.zip,ok,OK_REGISTRADA,7,,27.851,7,7,AIDX|SUBJECT,
20260425_210559_e7f2f245,2026-04-26T02:19:30,AAMkADkwZmQ0YTA5LWE0M2MtNDk3Ni1hMzUzLTE0OTQxZDcwZWExMgBGAAAAAADJoyAzIWZBQakanooks8Z-BwBz4_gG-XGLQKeK0wIDJ6A7AAV36zxOAABz4_gG-XGLQKeK0wIDJ6A7AAWLrZJyAAA=,Aprobado- Factura  -  FE-58756 - Radicado 190570 - BUK COL S.A.S - Transv. Libertador - NA,FA FE-58756 - PDF-4624650.pdf,cd48c5df45dc370ec61c6a75577e31dcf24bef6d125cad402092ff0f6a5449ba4eebba5c7fe242602f94dec4bd365f32,FE-58756,2026-02-07,Document_4624650.zip,ok,OK_REGISTRADA,7,,28.919,7,7,AIDX|SUBJECT,
20260425_210559_e7f2f245,2026-04-26T02:19:58,AAMkADkwZmQ0YTA5LWE0M2MtNDk3Ni1hMzUzLTE0OTQxZDcwZWExMgBGAAAAAADJoyAzIWZBQakanooks8Z-BwBz4_gG-XGLQKeK0wIDJ6A7AAV36zxOAABz4_gG-XGLQKeK0wIDJ6A7AAWLrZJxAAA=,Aprobado- Factura  -  FE9053 - Radicado 190630 - ARREDONDO MADRID INGENIEROS CIVILES AIM S.A.S - 01-2025-327 TOYO T2 S1 - NA,fv08909291220082600000077.pdf,8f0e8a68b2b7001d01af2764dd3e3941179f80d2b6d09e6d7cf26372a03b2f3b54fd9371e8cf3113ab88eca3e756d3bb,FE9053,2024-07-03,z08909291220082600000077.zip,ok,OK_REGISTRADA,7,,27.956,7,7,AIDX|SUBJECT,
20260425_210559_e7f2f245,2026-04-26T02:20:28,AAMkADkwZmQ0YTA5LWE0M2MtNDk3Ni1hMzUzLTE0OTQxZDcwZWExMgBGAAAAAADJoyAzIWZBQakanooks8Z-BwBz4_gG-XGLQKeK0wIDJ6A7AAV36zxOAABz4_gG-XGLQKeK0wIDJ6A7AAWLrZJwAAA=,Aprobado- Póliza 1500000900101 -  POL15978795 - Radicado 190680 - SEGUROS COMERCIALES BOLIVAR S.A. - Joyco Consultores S.A.S. - ,ad08600025030272698820260226162519142.pdf,5d4d9054727c5fbcdb731c372b605f8c22db9c9f950671c4d80b0aa8ca92c41698866b29235a199c28a14fffac2038db,POL15978795,2025-08-21,ad08600025030272698820260226162519142.zip,ok,OK_REGISTRADA,7,,30.165,7,7,AIDX|SUBJECT,
20260425_210559_e7f2f245,2026-04-26T02:20:57,AAMkADkwZmQ0YTA5LWE0M2MtNDk3Ni1hMzUzLTE0OTQxZDcwZWExMgBGAAAAAADJoyAzIWZBQakanooks8Z-BwBz4_gG-XGLQKeK0wIDJ6A7AAV36zxOAABz4_gG-XGLQKeK0wIDJ6A7AAWLrZJvAAA=,Aprobado- Factura  -  FE-58753 - Radicado 190569 - BUK COL S.A.S - TM Av. 68 - NA,FA FE-58753 - PDF-4624644.pdf,fc4fe38ff8882baa7d2cf430eae489eff84e5405f8f183f3bc33b2f91d57c70e1145c07899e57fcb47d6c6d0f12ec6f1,FE-58753,2026-02-07,Document_4624644.zip,ok,OK_REGISTRADA,7,,28.654,7,7,AIDX|SUBJECT,
20260425_210559_e7f2f245,2026-04-26T02:21:26,AAMkADkwZmQ0YTA5LWE0M2MtNDk3Ni1hMzUzLTE0OTQxZDcwZWExMgBGAAAAAADJoyAzIWZBQakanooks8Z-BwBz4_gG-XGLQKeK0wIDJ6A7AAV36zxOAABz4_gG-XGLQKeK0wIDJ6A7AAWLrZJuAAA=,Aprobado- Factura  -  FE-58751 - Radicado 190568 - BUK COL S.A.S - Pto. Gaitán – Pte. Arimena - NA,FA FE-58751 - PDF-4624640.pdf,af9a4fa54539488cc8bfb2593aa536fb6897f973292be7151c893231bb93560973e420e17b1a9be39710c724e920ee0d,FE-58751,2026-02-07,Document_4624640.zip,ok,OK_REGISTRADA,7,,29.521,7,7,AIDX|SUBJECT,
20260425_210559_e7f2f245,2026-04-26T02:21:55,AAMkADkwZmQ0YTA5LWE0M2MtNDk3Ni1hMzUzLTE0OTQxZDcwZWExMgBGAAAAAADJoyAzIWZBQakanooks8Z-BwBz4_gG-XGLQKeK0wIDJ6A7AAV36zxOAABz4_gG-XGLQKeK0wIDJ6A7AAWLrZJtAAA=,Aprobado- Factura  -  FE-58750 - Radicado 190567 - BUK COL S.A.S - Cucutilla - Cornejo - NA,FA FE-58750 - PDF-4624638.pdf,094781228931ecd2c3bf4bfd7ccfcaa69bad77097e971ebd44fd8cd7011bbd1e9875100a3f443c485f65b2336486463b,FE-58750,2026-02-07,Document_4624638.zip,ok,OK_REGISTRADA,7,,28.848,7,7,AIDX|SUBJECT,
20260425_210559_e7f2f245,2026-04-26T02:22:23,AAMkADkwZmQ0YTA5LWE0M2MtNDk3Ni1hMzUzLTE0OTQxZDcwZWExMgBGAAAAAADJoyAzIWZBQakanooks8Z-BwBz4_gG-XGLQKeK0wIDJ6A7AAV36zxOAABz4_gG-XGLQKeK0wIDJ6A7AAWLrZJsAAA=,Aprobado- Factura  -  FE-58747 - Radicado 190566 - BUK COL S.A.S - Dirección administrativa y financiera -Talento Humano - NA,FA FE-58747 - PDF-4624632.pdf,49bb1bdb1ad728eb9eb88fd31b61d9c085286ac2b66678b1c376720fde416c54d2ef6aac50f44861cdf89a276e6bab69,FE-58747,2026-02-07,Document_4624632.zip,ok,OK_REGISTRADA,7,,27.879,7,7,AIDX|SUBJECT,
20260425_210559_e7f2f245,2026-04-26T02:22:55,AAMkADkwZmQ0YTA5LWE0M2MtNDk3Ni1hMzUzLTE0OTQxZDcwZWExMgBGAAAAAADJoyAzIWZBQakanooks8Z-BwBz4_gG-XGLQKeK0wIDJ6A7AAV36zxOAABz4_gG-XGLQKeK0wIDJ6A7AAWLrZJrAAA=,Aprobado- Factura  -  BG 643921 - Radicado 190560 - RECORDAR PREVISION EXEQUIAL TOTAL SAS - 01-2025-327 TOYO T2 S1 - NA,ad08001921050072600643921.pdf,326799f186c0da7e8ff7a705e4296e2d48dbbc781086901ee7a4865952cbeb15b86046c152d60bc55859287a6220ddd2,BG643921,2026-02-23,z08001921050072600643921.zip,ok,OK_REGISTRADA,7,,31.583,7,7,AIDX|SUBJECT,
20260425_210559_e7f2f245,2026-04-26T02:23:27,AAMkADkwZmQ0YTA5LWE0M2MtNDk3Ni1hMzUzLTE0OTQxZDcwZWExMgBGAAAAAADJoyAzIWZBQakanooks8Z-BwBz4_gG-XGLQKeK0wIDJ6A7AAV36zxOAABz4_gG-XGLQKeK0wIDJ6A7AAWLrZJqAAA=,Aprobado- Factura  -  BG 643920 - Radicado 190559 - RECORDAR PREVISION EXEQUIAL TOTAL SAS - Red Férrea Atlántico - NA,ad08001921050072600643920.pdf,76db2b10f77bd83f98e9f4928b9df130e03372ef5a4528bc531eb6ba207b578c042579d10fa5dd5a873872b658fe94b1,BG643920,2026-02-23,z08001921050072600643920.zip,ok,OK_REGISTRADA,7,,32.123,7,7,AIDX|SUBJECT,
20260425_210559_e7f2f245,2026-04-26T02:23:57,AAMkADkwZmQ0YTA5LWE0M2MtNDk3Ni1hMzUzLTE0OTQxZDcwZWExMgBGAAAAAADJoyAzIWZBQakanooks8Z-BwBz4_gG-XGLQKeK0wIDJ6A7AAV36zxOAABz4_gG-XGLQKeK0wIDJ6A7AAWLrZJpAAA=,Aprobado- Factura  -  BG 643919 - Radicado 190558 - RECORDAR PREVISION EXEQUIAL TOTAL SAS - Cucutilla - Cornejo - NA,ad08001921050072600643919.pdf,a9edda5d9a7146e76d950cf30688dc8ea65969fcd29ddc80666d9fa9577322c825e64e4960e2d33d71498b9a4e27620c,BG643919,2026-02-23,z08001921050072600643919.zip,ok,OK_REGISTRADA,7,,30.383,7,7,AIDX|SUBJECT,
20260425_210559_e7f2f245,2026-04-26T02:24:28,AAMkADkwZmQ0YTA5LWE0M2MtNDk3Ni1hMzUzLTE0OTQxZDcwZWExMgBGAAAAAADJoyAzIWZBQakanooks8Z-BwBz4_gG-XGLQKeK0wIDJ6A7AAV36zxOAABz4_gG-XGLQKeK0wIDJ6A7AAWLrZJoAAA=,Aprobado- Factura  -  BG 643918 - Radicado 190557 - RECORDAR PREVISION EXEQUIAL TOTAL SAS - Dirección administrativa y financiera -Talento Humano - NA,ad08001921050072600643918.pdf,c857fcfe11297b7852a4c5673c3e8afdd7441efaa203977324f9be966dd56c1ccce19f2dbada29eab02b88cbe7424681,BG643918,2026-02-23,z08001921050072600643918.zip,ok,OK_REGISTRADA,7,,31.282,7,7,AIDX|SUBJECT,
20260425_210559_e7f2f245,2026-04-26T02:25:00,AAMkADkwZmQ0YTA5LWE0M2MtNDk3Ni1hMzUzLTE0OTQxZDcwZWExMgBGAAAAAADJoyAzIWZBQakanooks8Z-BwBz4_gG-XGLQKeK0wIDJ6A7AAV36zxOAABz4_gG-XGLQKeK0wIDJ6A7AAWLrZJnAAA=,Aprobado- Factura  -  BG 643917 - Radicado 190556 - RECORDAR PREVISION EXEQUIAL TOTAL SAS - TM Av. 68 - NA,ad08001921050072600643917.pdf,52af54023173e0caa403c71b58b312b99d7f7f394aef260fe22719e3b8480cc29b507f89c5afef875c0253d4a557715e,BG643917,2026-02-23,z08001921050072600643917.zip,ok,OK_REGISTRADA,7,,31.352,7,7,AIDX|SUBJECT,
20260425_210559_e7f2f245,2026-04-26T02:25:29,AAMkADkwZmQ0YTA5LWE0M2MtNDk3Ni1hMzUzLTE0OTQxZDcwZWExMgBGAAAAAADJoyAzIWZBQakanooks8Z-BwBz4_gG-XGLQKeK0wIDJ6A7AAV36zxOAABz4_gG-XGLQKeK0wIDJ6A7AAWLrZJmAAA=,Aprobado- Factura  -  OO3066 - Radicado 190554 - OLANO&OLANO ABOGADOS SAS - Dirección administrativa y financiera -Talento Humano - NA,dian_OO3066.pdf,127cd376f9a63785ec5d1f989f983e345329cc4aa23b9ea1aee7677e62ef8ee69403278277273da9bc7a8e94573bad33,OO3066,2026-02-03,OO3066.zip,ok,OK_REGISTRADA,7,,29.33,7,7,AIDX|SUBJECT,
20260425_210559_e7f2f245,2026-04-26T02:26:33,AAMkADkwZmQ0YTA5LWE0M2MtNDk3Ni1hMzUzLTE0OTQxZDcwZWExMgBGAAAAAADJoyAzIWZBQakanooks8Z-BwBz4_gG-XGLQKeK0wIDJ6A7AAV36zxOAABz4_gG-XGLQKeK0wIDJ6A7AAWLrZJlAAA=,Aprobado- Factura  -  FH-192407 - Radicado 190222 - JARDINES DE PAZ SA - Dirección administrativa y financiera -Talento Humano - DIAN,FH192407 - copia.pdf,41d7266a276dc6e3a6315479db84b489e439213b81179c969fba68c202bb8fc8f0e55966bae18653ffd87a370125e4e1,FH-192407,2026-01-21,(PDF_APROBADAS_FALLBACK),ok_pdf_aprobadas_fallback,OK_REGISTRADA_FALLBACK_PDF,7,,63.813,7,7,PDF_APROBADAS|SUBJECT,
20260425_210559_e7f2f245,2026-04-26T02:27:33,AAMkADkwZmQ0YTA5LWE0M2MtNDk3Ni1hMzUzLTE0OTQxZDcwZWExMgBGAAAAAADJoyAzIWZBQakanooks8Z-BwBz4_gG-XGLQKeK0wIDJ6A7AAV36zxOAABz4_gG-XGLQKeK0wIDJ6A7AAWLrZJkAAA=,Aprobado- Factura  -  FH-192394 - Radicado 190221 - JARDINES DE PAZ SA - Dirección administrativa y financiera -Talento Humano - DIAN,FH192394 - copia.pdf,1c0bd202c59fddfdf204af682d0b7a2dea8212a59f893fb8d2dc747f97cc5271f8a2e35a6669d3834074156e1356b5da,FH-192394,2026-01-13,(PDF_APROBADAS_FALLBACK),ok_pdf_aprobadas_fallback,OK_REGISTRADA_FALLBACK_PDF,7,,60.414,7,7,PDF_APROBADAS|SUBJECT,
20260425_210559_e7f2f245,2026-04-26T02:28:00,AAMkADkwZmQ0YTA5LWE0M2MtNDk3Ni1hMzUzLTE0OTQxZDcwZWExMgBGAAAAAADJoyAzIWZBQakanooks8Z-BwBz4_gG-XGLQKeK0wIDJ6A7AAV36zxOAABz4_gG-XGLQKeK0wIDJ6A7AAWLrZJjAAA=,Aprobado- Factura de servicio público  -  1477410897 - Radicado 190633 - EPM - 01-2025-327 TOYO T2 S1 - ,CASA RAFAEL LAYOS BUGA.pdf,ceedeccaacc00caca00caca00ca1511ca16621dc119588469caeaedecaaedecaceedecca2194ca24134decceacecc181,7824956,2025-10-28,(PDF_APROBADAS_FALLBACK),ok_pdf_aprobadas_fallback,OK_REGISTRADA_FALLBACK_PDF,7,,26.3,7,7,PDF_APROBADAS|SUBJECT,
20260425_210559_e7f2f245,2026-04-26T02:28:26,AAMkADkwZmQ0YTA5LWE0M2MtNDk3Ni1hMzUzLTE0OTQxZDcwZWExMgBGAAAAAADJoyAzIWZBQakanooks8Z-BwBz4_gG-XGLQKeK0wIDJ6A7AAV36zxOAABz4_gG-XGLQKeK0wIDJ6A7AAWLrZJiAAA=,Aprobado- Factura de servicio público  -  7824956 - Radicado 190632 - EPM - 01-2025-327 TOYO T2 S1 - ,CASA BUGA LAYOS}.pdf,decceacecc181113bbacaafdeaaaaedfacadde09ca0830daecaaca434aefacadc25caf25bdecaae433c285808013c13a,7824956,2025-11-27,(PDF_APROBADAS_FALLBACK),ok_pdf_aprobadas_fallback,OK_REGISTRADA_FALLBACK_PDF,7,,26.523,7,7,PDF_APROBADAS|SUBJECT,
20260425_210559_e7f2f245,2026-04-26T02:28:55,AAMkADkwZmQ0YTA5LWE0M2MtNDk3Ni1hMzUzLTE0OTQxZDcwZWExMgBGAAAAAADJoyAzIWZBQakanooks8Z-BwBz4_gG-XGLQKeK0wIDJ6A7AAV36zxOAABz4_gG-XGLQKeK0wIDJ6A7AAWLrZJhAAA=,Aprobado- Factura  -  FELG 512735 - Radicado 190665 - LEGON TELECOMUNICACIONES S.A.S. - Cartagena - Palestina - NA,fv0800179562008260000c10c.pdf,95ad81a80184fc9df749a31547694d3b23cee8e1ea1796a6ecb627e69e3215012dba049cd0c7507bc588ed81b2f13053,FELG512735,2026-03-16,z0800179562008260000c10c.zip,ok,OK_REGISTRADA,7,,28.787,7,7,AIDX|SUBJECT,
20260425_210559_e7f2f245,2026-04-26T02:29:26,AAMkADkwZmQ0YTA5LWE0M2MtNDk3Ni1hMzUzLTE0OTQxZDcwZWExMgBGAAAAAADJoyAzIWZBQakanooks8Z-BwBz4_gG-XGLQKeK0wIDJ6A7AAV36zxOAABz4_gG-XGLQKeK0wIDJ6A7AAWLrZJgAAA=,Aprobado- Factura  -  FE - 123102 - Radicado 190662 - FERRETERIA Y DEPOSITOS DE MATERIALES CATATUMBO SAS - Cucutilla - Cornejo - NA,FES-FE123102.pdf,af95111dc820ce7c2b4e5665790dbc698fc8dc0ee46a2c47aa32b7fa3ef7af42e95fc061cb5898f9b5bffd283326a89b,FE-123102,2026-02-26,fv09014169410002600004051.zip,ok,OK_REGISTRADA,7,,30.933,7,7,AIDX|SUBJECT,
20260425_210559_e7f2f245,2026-04-26T02:29:48,AAMkADkwZmQ0YTA5LWE0M2MtNDk3Ni1hMzUzLTE0OTQxZDcwZWExMgBGAAAAAADJoyAzIWZBQakanooks8Z-BwBz4_gG-XGLQKeK0wIDJ6A7AAV36zxOAABz4_gG-XGLQKeK0wIDJ6A7AAWLrZJfAAA=,Aprobado- Factura  -  PALE 2278 - Radicado 190656 - PALESTINA ECOHOTEL CENTRO DE CONVENCIONES LTDA - Dirección administrativa y financiera -Compras - NA,FACTURA JOYCO-2.pdf,d32cf8a19bf70291339ba72b61d8897ce7e2d25c28898f15514b8a6a77898557e4b66c0ba397ef2258f01eaaf3038159,PALE2278,2026-02-25,(PDF_APROBADAS_FALLBACK),ok_pdf_aprobadas_fallback,OK_REGISTRADA_FALLBACK_PDF,7,,22.544,7,7,PDF_APROBADAS|SUBJECT,
20260425_210559_e7f2f245,2026-04-26T02:30:16,AAMkADkwZmQ0YTA5LWE0M2MtNDk3Ni1hMzUzLTE0OTQxZDcwZWExMgBGAAAAAADJoyAzIWZBQakanooks8Z-BwBz4_gG-XGLQKeK0wIDJ6A7AAV36zxOAABz4_gG-XGLQKeK0wIDJ6A7AAWLrZJeAAA=,Aprobado- Factura  -  83774 - Radicado 190612 - NATIVOS AEROPUERTO INTERNACIONAL MATECAÑA SAS - Cartagena - Palestina - NA,ad09014597440852600002868.pdf,911b7178e66eb64e03428edcda292160309cd9f72d45716b28b8210ee6e498e648f8778c3d526baa3c2b9cd652de64a2,83774,2026-02-24,z09014597440852600002868.zip,ok,OK_REGISTRADA,7,,27.624,7,7,AIDX|SUBJECT,
20260425_210559_e7f2f245,2026-04-26T02:30:40,AAMkADkwZmQ0YTA5LWE0M2MtNDk3Ni1hMzUzLTE0OTQxZDcwZWExMgBGAAAAAADJoyAzIWZBQakanooks8Z-BwBz4_gG-XGLQKeK0wIDJ6A7AAV36zxOAABz4_gG-XGLQKeK0wIDJ6A7AAWLrZJdAAA=,Aprobado- Factura  -  AKD-736125671254 - Radicado 190634 - NITRO - Transv. Libertador - NA,287050116.pdf,cceaaaaaeadacae266976eaf1503111071bcbafacaedeefeecaeceaaadaaca533083414fecadefacac25feb2026edefa,AKD-736125671254,,(PDF_APROBADAS_FALLBACK),ok_pdf_aprobadas_fallback,OK_REGISTRADA_FALLBACK_PDF,7,,24.107,7,7,PDF_APROBADAS|SUBJECT,
20260425_210559_e7f2f245,2026-04-26T02:31:07,AAMkADkwZmQ0YTA5LWE0M2MtNDk3Ni1hMzUzLTE0OTQxZDcwZWExMgBGAAAAAADJoyAzIWZBQakanooks8Z-BwBz4_gG-XGLQKeK0wIDJ6A7AAV36zxOAABz4_gG-XGLQKeK0wIDJ6A7AAWLrZJcAAA=,Aprobado- Factura  -  I6C7295908 - Radicado 190624 - D1 SAS - Cucutilla - Cornejo - NA,fv090027696202126I6C7295908.pdf,d3b8fcec8c4a5207e7cf94d9bd297c2e59f9dc67a6c7f2dfb139c3abf62bfb8198d159345a2ecee0cbcadeb2c766db24,I6C6134911,2026-02-25,090027696202126I6C6134911.zip,ok,OK_REGISTRADA,7,,26.608,7,7,PDF_TOKEN:090027696202126I|SUBJECT,
20260425_210559_e7f2f245,2026-04-26T02:31:36,AAMkADkwZmQ0YTA5LWE0M2MtNDk3Ni1hMzUzLTE0OTQxZDcwZWExMgBGAAAAAADJoyAzIWZBQakanooks8Z-BwBz4_gG-XGLQKeK0wIDJ6A7AAV36zxOAABz4_gG-XGLQKeK0wIDJ6A7AAWLrZJbAAA=,Aprobado- Factura  -  DSV 2895 - Radicado 190622 - DIOCESIS DE SAN VICENTE DEL CAGUAN - AMV Caquetá - NA,fv0860535066008260000006f.pdf,4613d9ace4b5706ab987082c39d8c7de0422b1008d2f053f0ca9c432a40085cca690fac28f278c9d56df14ff6fd1c9af,DSV2895,2026-02-25,z0860535066008260000006f.zip,ok,OK_REGISTRADA,7,,29.376,7,7,AIDX|SUBJECT,
20260425_210559_e7f2f245,2026-04-26T02:32:04,AAMkADkwZmQ0YTA5LWE0M2MtNDk3Ni1hMzUzLTE0OTQxZDcwZWExMgBGAAAAAADJoyAzIWZBQakanooks8Z-BwBz4_gG-XGLQKeK0wIDJ6A7AAV36zxOAABz4_gG-XGLQKeK0wIDJ6A7AAWLa1a7AAA=,Aprobado- Factura  -  X2762555863 - Radicado 190626 - COLOMBIANA DE COMERCIO S.A - Dirección administrativa y financiera -Compras - NA,ad0890900943006260041BE4D.pdf,e7c4f9ac4a7c869ad5678ccbf60c614372086ddfddcfabc614e0a1e9ba7c281cc113692c1991df9a691e9fec2fecb724,X2762555863,2026-02-25,ad0890900943006260041BE4D.zip,ok,OK_REGISTRADA,7,,27.876,7,7,AIDX|SUBJECT,
20260425_210559_e7f2f245,2026-04-26T02:32:28,AAMkADkwZmQ0YTA5LWE0M2MtNDk3Ni1hMzUzLTE0OTQxZDcwZWExMgBGAAAAAADJoyAzIWZBQakanooks8Z-BwBz4_gG-XGLQKeK0wIDJ6A7AAV36zxOAABz4_gG-XGLQKeK0wIDJ6A7AAWLa1a6AAA=,Aprobado- Factura de servicio público  -  384484827-0 - Radicado 190593 - ENEL COLOMBIA SA ESP - Dirección administrativa y financiera -Infraestructura - ,Enel17 de Febrero de 2026.pdf,1353012ed1a38110353106423336aecabceeac2669763f1503e3fca1503badceaedeecaeaaeca35125140051caa900ca,ECONOMICA3514,2026-02-17,(PDF_APROBADAS_FALLBACK),ok_pdf_aprobadas_fallback,OK_REGISTRADA_FALLBACK_PDF,7,,23.946,7,7,PDF_APROBADAS|SUBJECT,
20260425_210559_e7f2f245,2026-04-26T02:33:28,AAMkADkwZmQ0YTA5LWE0M2MtNDk3Ni1hMzUzLTE0OTQxZDcwZWExMgBGAAAAAADJoyAzIWZBQakanooks8Z-BwBz4_gG-XGLQKeK0wIDJ6A7AAV36zxOAABz4_gG-XGLQKeK0wIDJ6A7AAWJfl0mAAA=,Aprobado- Factura  -  HYU-0000018088 - Radicado 190607 - HOTEL YURUPARY - Dirección administrativa y financiera -Compras - DIAN,HYU18088.pdf,215f3099e42f1cc24d9e6ef1cefceaba1f284268ab8e7368e5d26a93dad5c360a2377e1f13733831e8fdc9a05e6c1580,HYU-0000018088,2026-02-23,(PDF_APROBADAS_FALLBACK),ok_pdf_aprobadas_fallback,OK_REGISTRADA_FALLBACK_PDF,7,,60.12,7,7,PDF_APROBADAS|SUBJECT,
20260425_210559_e7f2f245,2026-04-26T02:33:50,AAMkADkwZmQ0YTA5LWE0M2MtNDk3Ni1hMzUzLTE0OTQxZDcwZWExMgBGAAAAAADJoyAzIWZBQakanooks8Z-BwBz4_gG-XGLQKeK0wIDJ6A7AAV36zxOAABz4_gG-XGLQKeK0wIDJ6A7AAWJfl0lAAA=,Aprobado- Factura  -  FEHM - 757 - Radicado 190606 - HOTEL MONTERREY MOCOA - Dirección administrativa y financiera -Compras - NA,FEHM - 757-1.pdf,63fd35472be3d095dc490145126dfaf95e473c76b19ed2ca0e123a32c25e4d6da1bb0767165bf3a1468b295a1d2f8aa6,FEHM-757,2025-05-05,(PDF_APROBADAS_FALLBACK),ok_pdf_aprobadas_fallback,OK_REGISTRADA_FALLBACK_PDF,7,,21.792,7,7,PDF_APROBADAS|SUBJECT,
20260425_210559_e7f2f245,2026-04-26T02:34:20,AAMkADkwZmQ0YTA5LWE0M2MtNDk3Ni1hMzUzLTE0OTQxZDcwZWExMgBGAAAAAADJoyAzIWZBQakanooks8Z-BwBz4_gG-XGLQKeK0wIDJ6A7AAV36zxOAABz4_gG-XGLQKeK0wIDJ6A7AAWJfl0kAAA=,Aprobado- Factura  -  FVE107489 - Radicado 190602 - PROVEXPRESS SAS - Dirección administrativa y financiera -Tics - NA,FVE107489.pdf,0ba3f0b2f3cb7331829ec5cfe15af2f654a1ae2231c9dad18b46f9997f7bb8e255f66036c349b7892243e0d4085b7e3d,FVE107489,2024-05-28,900800595_FVE107489.zip,ok,OK_REGISTRADA,7,,30.424,7,7,AIDX|SUBJECT,
20260425_210559_e7f2f245,2026-04-26T02:34:50,AAMkADkwZmQ0YTA5LWE0M2MtNDk3Ni1hMzUzLTE0OTQxZDcwZWExMgBGAAAAAADJoyAzIWZBQakanooks8Z-BwBz4_gG-XGLQKeK0wIDJ6A7AAV36zxOAABz4_gG-XGLQKeK0wIDJ6A7AAWJfl0jAAA=,Aprobado- Factura  -  FE1-4697 - Radicado 190585 - PAPELERIA DASHIKA - Cucutilla - Cornejo - NA,ad00055351890572600000a71.pdf,237f2b45b6143fb3d9f5af96145cc4631a7e6755ee37c5b23d180059037515106b2f19d7e3e57a0abb0e189058074ac9,FE1-4697,2026-02-23,ad00055351890572600000a71.zip,ok,OK_REGISTRADA,7,,29.663,7,7,AIDX|SUBJECT,
20260425_210559_e7f2f245,2026-04-26T02:35:18,AAMkADkwZmQ0YTA5LWE0M2MtNDk3Ni1hMzUzLTE0OTQxZDcwZWExMgBGAAAAAADJoyAzIWZBQakanooks8Z-BwBz4_gG-XGLQKeK0wIDJ6A7AAV36zxOAABz4_gG-XGLQKeK0wIDJ6A7AAWJfl0iAAA=,Aprobado- Factura  -  DISL 2428 - Radicado 190590 - JR PRODUCTOS Y SERVICIOS S.A.S - Red Férrea Atlántico - NA,13b5d59a-7b6f-4793-893e-7e714150c141.pdf,2296aae2ae3745c9144df9524a0622da7aee66088c6b146f38a71a2412005f125609d8c53318a21de4a276599cfa32ca,DISL2428,2026-02-24,13b5d59a-7b6f-4793-893e-7e714150c141.zip,ok,OK_REGISTRADA,7,,27.932,7,7,AIDX|SUBJECT,
20260425_210559_e7f2f245,2026-04-26T02:35:46,AAMkADkwZmQ0YTA5LWE0M2MtNDk3Ni1hMzUzLTE0OTQxZDcwZWExMgBGAAAAAADJoyAzIWZBQakanooks8Z-BwBz4_gG-XGLQKeK0wIDJ6A7AAV36zxOAABz4_gG-XGLQKeK0wIDJ6A7AAWJfl0hAAA=,Aprobado- Factura  -  CAMR17238 - Radicado 190587 - DISTRIBUIDORA BOSCONIA - Red Férrea Atlántico - NA,CAMR17238.pdf,7e1c1c855018fbc80929d7d10512016de9a954497fccef6b05f1ef90f6ca2510dcbedab9022a55b39bd1ba8dbe6302ad,CAMR17238,2026-02-24,Factura CAMR17238.zip,ok,OK_REGISTRADA,7,,28.424,7,7,AIDX|SUBJECT,
20260425_210559_e7f2f245,2026-04-26T02:36:20,AAMkADkwZmQ0YTA5LWE0M2MtNDk3Ni1hMzUzLTE0OTQxZDcwZWExMgBGAAAAAADJoyAzIWZBQakanooks8Z-BwBz4_gG-XGLQKeK0wIDJ6A7AAV36zxOAABz4_gG-XGLQKeK0wIDJ6A7AAWJfl0gAAA=,Aprobado- Factura  -  FE 3948 - Radicado 190536 - CETA SAS BIC - Cucutilla - Cornejo - NA,fv09011660040082600000075.pdf,8e0a1a838d49099c07f9d87b577291ca1b939dd8995f71fb7ce076c3ba8d692961a7ea5af8ceaf1b71332de6a852c06d,FE3948,2026-03-22,z09011660040082600000075.zip,ok,OK_REGISTRADA,7,,33.627,7,7,AIDX|SUBJECT,
20260425_210559_e7f2f245,2026-04-26T02:36:50,AAMkADkwZmQ0YTA5LWE0M2MtNDk3Ni1hMzUzLTE0OTQxZDcwZWExMgBGAAAAAADJoyAzIWZBQakanooks8Z-BwBz4_gG-XGLQKeK0wIDJ6A7AAV36zxOAABz4_gG-XGLQKeK0wIDJ6A7AAWJfl0fAAA=,Aprobado- Factura  -  FVE106766 - Radicado 190360 - PROVEXPRESS SAS - Pto. Gaitán – Pte. Arimena - NA,FVE106766.pdf,404edc810e5ef5533207b36f956a6c2d9d00f500588fbdd7dde1b1f950a2804f734184daba1d8dfab3684700b07f3be9,FVE106766,2024-05-28,900800595_FVE106766.zip,ok,OK_REGISTRADA,7,,30.499,7,7,AIDX|SUBJECT,
20260425_210559_e7f2f245,2026-04-26T02:37:19,AAMkADkwZmQ0YTA5LWE0M2MtNDk3Ni1hMzUzLTE0OTQxZDcwZWExMgBGAAAAAADJoyAzIWZBQakanooks8Z-BwBz4_gG-XGLQKeK0wIDJ6A7AAV36zxOAABz4_gG-XGLQKeK0wIDJ6A7AAWJfl0eAAA=,Aprobado- Factura  -  PVE106765 - Radicado 190361 - PROVEXPRESS SAS - Cartago - Calarcá - NA,FVE106765.pdf,ff82810845fdc0694a7bacb991dd083b097be0d22eac05db5b93fcc6eca5902e318df5da9f3eacef5799a10b3465eb3d,PVE106765,2024-05-28,900800595_FVE106765.zip,ok,OK_REGISTRADA,7,,28.959,7,7,AIDX|SUBJECT,
20260425_210559_e7f2f245,2026-04-26T02:37:48,AAMkADkwZmQ0YTA5LWE0M2MtNDk3Ni1hMzUzLTE0OTQxZDcwZWExMgBGAAAAAADJoyAzIWZBQakanooks8Z-BwBz4_gG-XGLQKeK0wIDJ6A7AAV36zxOAABz4_gG-XGLQKeK0wIDJ6A7AAWJfl0dAAA=,Aprobado- Factura  -  FVE106772 - Radicado 190365 - PROVEXPRESS SAS - TM Av. 68 - NA,FVE106772.pdf,5e054581d3fa9ec42bca0f44e635cfbad0f1030ff05b5b9fb2ee3cfbbb3f7df9a94174ade34a2b64acf72adb1313ff31,FVE106772,2024-05-28,900800595_FVE106772.zip,ok,OK_REGISTRADA,7,,28.921,7,7,AIDX|SUBJECT,
20260425_210559_e7f2f245,2026-04-26T02:38:18,AAMkADkwZmQ0YTA5LWE0M2MtNDk3Ni1hMzUzLTE0OTQxZDcwZWExMgBGAAAAAADJoyAzIWZBQakanooks8Z-BwBz4_gG-XGLQKeK0wIDJ6A7AAV36zxOAABz4_gG-XGLQKeK0wIDJ6A7AAWJfl0cAAA=,Aprobado- Factura  -  FVE106768 - Radicado 190363 - PROVEXPRESS SAS - Transv. Libertador - NA,FVE106768.pdf,c8c5ad431de0a853ffb0e733029b6632686ea4d4321e53771055940034bfe2ccfbcafe3a68bc2e7c14f097520997f28f,FVE106768,2024-05-28,900800595_FVE106768.zip,ok,OK_REGISTRADA,7,,29.428,7,7,AIDX|SUBJECT,
20260425_210559_e7f2f245,2026-04-26T02:38:47,AAMkADkwZmQ0YTA5LWE0M2MtNDk3Ni1hMzUzLTE0OTQxZDcwZWExMgBGAAAAAADJoyAzIWZBQakanooks8Z-BwBz4_gG-XGLQKeK0wIDJ6A7AAV36zxOAABz4_gG-XGLQKeK0wIDJ6A7AAWJfl0bAAA=,Aprobado- Factura  -  FVE106771 - Radicado 190364 - PROVEXPRESS SAS - 01-2025-327 TOYO T2 S1 - NA,FVE106771.pdf,5d675c464797e1948726d5987e23400b1af57525a12c6ad767f550a784c0a960441500ed4d7f8751e101eeca497b5287,FVE106771,2024-05-28,900800595_FVE106771.zip,ok,OK_REGISTRADA,7,,28.812,7,7,AIDX|SUBJECT,
20260425_210559_e7f2f245,2026-04-26T02:39:18,AAMkADkwZmQ0YTA5LWE0M2MtNDk3Ni1hMzUzLTE0OTQxZDcwZWExMgBGAAAAAADJoyAzIWZBQakanooks8Z-BwBz4_gG-XGLQKeK0wIDJ6A7AAV36zxOAABz4_gG-XGLQKeK0wIDJ6A7AAWJfl0aAAA=,Aprobado- Factura  -  FVE106769 - Radicado 190362 - PROVEXPRESS SAS - Red Férrea Atlántico - NA,FVE106769.pdf,e63f4e2c9ccec982fdeffd499a6b4deaf2918554d5bb808d62e19cbe42a4e304c3c95298af5f82706468c5763980b4d9,FVE106769,2024-05-28,900800595_FVE106769.zip,ok,OK_REGISTRADA,7,,31.106,7,7,AIDX|SUBJECT,
20260425_210559_e7f2f245,2026-04-26T02:39:47,AAMkADkwZmQ0YTA5LWE0M2MtNDk3Ni1hMzUzLTE0OTQxZDcwZWExMgBGAAAAAADJoyAzIWZBQakanooks8Z-BwBz4_gG-XGLQKeK0wIDJ6A7AAV36zxOAABz4_gG-XGLQKeK0wIDJ6A7AAWJfl0ZAAA=,Aprobado- Factura  -  FVE106773 - Radicado 190366 - PROVEXPRESS SAS - Dirección administrativa y financiera -Tics - NA,FVE106773.pdf,32e241312dfac0b04f89819efd38ed82e114df39701130ecfdfede2beffcbf35021646d84a0b401065edb3112230f194,FVE106773,2024-05-28,900800595_FVE106773.zip,ok,OK_REGISTRADA,7,,29.679,7,7,AIDX|SUBJECT,
20260425_210559_e7f2f245,2026-04-26T02:40:17,AAMkADkwZmQ0YTA5LWE0M2MtNDk3Ni1hMzUzLTE0OTQxZDcwZWExMgBGAAAAAADJoyAzIWZBQakanooks8Z-BwBz4_gG-XGLQKeK0wIDJ6A7AAV36zxOAABz4_gG-XGLQKeK0wIDJ6A7AAWJfl0YAAA=,Aprobado- Factura  -  FVE106770 - Radicado 190367 - PROVEXPRESS SAS - 328 SC_FDT_DAMASO - NA,FVE106770.pdf,5431fec783ca4449e3311d20d1c39fe224c85d3d236462110096185b505ce8106664036f3d7bbd4533bf07f1c777d7e7,FVE106770,2024-05-28,900800595_FVE106770.zip,ok,OK_REGISTRADA,7,,29.763,7,7,AIDX|SUBJECT,
20260425_210559_e7f2f245,2026-04-26T02:40:43,AAMkADkwZmQ0YTA5LWE0M2MtNDk3Ni1hMzUzLTE0OTQxZDcwZWExMgBGAAAAAADJoyAzIWZBQakanooks8Z-BwBz4_gG-XGLQKeK0wIDJ6A7AAV36zxOAABz4_gG-XGLQKeK0wIDJ6A7AAWJfl0XAAA=,Aprobado- Factura de servicio público  -  1088524911 - Radicado 190552 - CENTRALES ELECTRICAS DEL NORTE DE SANTANDER S.A. EMPRESA DE SERVICIOS PUBLICOS - Cucutilla - Cornejo - ,Sin título (3).pdf,eeac2989047a529743dbcd3171201ca8880590cbeca173cecaacc1323776ddaeccda673480ecce193343afaacada8880,AL115,2026-02-17,(PDF_APROBADAS_FALLBACK),ok_pdf_aprobadas_fallback,OK_REGISTRADA_FALLBACK_PDF,7,,25.71,7,7,PDF_APROBADAS|SUBJECT,
20260425_210559_e7f2f245,2026-04-26T02:41:06,AAMkADkwZmQ0YTA5LWE0M2MtNDk3Ni1hMzUzLTE0OTQxZDcwZWExMgBGAAAAAADJoyAzIWZBQakanooks8Z-BwBz4_gG-XGLQKeK0wIDJ6A7AAV36zxOAABz4_gG-XGLQKeK0wIDJ6A7AAWJfl0WAAA=,Aprobado- Factura de servicio público  -  10149596 - Radicado 190245 - ACUEDUCTO AGUA Y ALCANTARILLADO DE BOGOTA - Dirección administrativa y financiera -Infraestructura - NA,Recibo acueducto corte fabrero..pdf,,10149596,,(REGISTRO_MINIMO:filtro_no_factura),ok_registro_minimo,REGISTRADA,7,,22.772,7,7,REGISTRO_MINIMO,filtro_no_factura
20260425_210559_e7f2f245,2026-04-26T02:41:31,AAMkADkwZmQ0YTA5LWE0M2MtNDk3Ni1hMzUzLTE0OTQxZDcwZWExMgBGAAAAAADJoyAzIWZBQakanooks8Z-BwBz4_gG-XGLQKeK0wIDJ6A7AAV36zxOAABz4_gG-XGLQKeK0wIDJ6A7AAWJfl0VAAA=,Aprobado- Factura de servicio público  -  12300070 - Radicado 190581 - ACUEDUCTO AGUA Y ALCANTARILLADO DE BOGOTA - Dirección administrativa y financiera -Infraestructura - ,20260223153144413.pdf,,20260223153144413,,(REGISTRO_MINIMO:sin_cufe_o_pdf_no_legible),ok_registro_minimo,REGISTRADA,7,,25.366,7,7,REGISTRO_MINIMO,sin_cufe_o_pdf_no_legible
20260425_210559_e7f2f245,2026-04-26T02:42:32,AAMkADkwZmQ0YTA5LWE0M2MtNDk3Ni1hMzUzLTE0OTQxZDcwZWExMgBGAAAAAADJoyAzIWZBQakanooks8Z-BwBz4_gG-XGLQKeK0wIDJ6A7AAV36zxOAABz4_gG-XGLQKeK0wIDJ6A7AAWJfl0UAAA=,Aprobado- Factura  -  CBFC-23 - Radicado 190583 - BARRIOS DORADO CLAUDIA REGINA - Transv. Libertador - DIAN,a6292639a91b8daaeb5be9c3de8527772f789bcc554db4667e95f3c289e94994b37746cb327b70c78dcc90d1bc1f1a73.pdf,a6292639a91b8daaeb5be9c3de8527772f789bcc554db4667e95f3c289e94994b37746cb327b70c78dcc90d1bc1f1a73,CBFC-23,2026-02-23,(PDF_APROBADAS_FALLBACK),ok_pdf_aprobadas_fallback,OK_REGISTRADA_FALLBACK_PDF,7,,61.339,7,7,PDF_APROBADAS|SUBJECT,
20260425_210559_e7f2f245,2026-04-26T02:42:57,AAMkADkwZmQ0YTA5LWE0M2MtNDk3Ni1hMzUzLTE0OTQxZDcwZWExMgBGAAAAAADJoyAzIWZBQakanooks8Z-BwBz4_gG-XGLQKeK0wIDJ6A7AAV36zxOAABz4_gG-XGLQKeK0wIDJ6A7AAWJfl0TAAA=,Aprobado- Factura  -  21359670 - Radicado 190555 - TIGO - 01-2025-327 TOYO T2 S1 - NA,900092385_18764098297031_BOPU131435325_01.pdf,abcdefa2026cc23faccceccc2393143802cccecccfacaeeccadeeadeecffecaeedcfaca2026021880000000000032295,21359670,2026-02-18,(PDF_APROBADAS_FALLBACK),ok_pdf_aprobadas_fallback,OK_REGISTRADA_FALLBACK_PDF,7,,24.382,7,7,PDF_APROBADAS|SUBJECT,
20260425_210559_e7f2f245,2026-04-26T02:43:23,AAMkADkwZmQ0YTA5LWE0M2MtNDk3Ni1hMzUzLTE0OTQxZDcwZWExMgBGAAAAAADJoyAzIWZBQakanooks8Z-BwBz4_gG-XGLQKeK0wIDJ6A7AAV36zxOAABz4_gG-XGLQKeK0wIDJ6A7AAWJfl0SAAA=,Aprobado- Factura de servicio público  -   60717813 - Radicado 190579 - AIR-E S.A.S - Red Férrea Atlántico - ,AIR-E 60717813 feb26.pdf,,60717813,,(REGISTRO_MINIMO:sin_cufe_o_pdf_no_legible),ok_registro_minimo,REGISTRADA,7,,25.873,7,7,REGISTRO_MINIMO,sin_cufe_o_pdf_no_legible
20260425_210559_e7f2f245,2026-04-26T02:43:57,AAMkADkwZmQ0YTA5LWE0M2MtNDk3Ni1hMzUzLTE0OTQxZDcwZWExMgBGAAAAAADJoyAzIWZBQakanooks8Z-BwBz4_gG-XGLQKeK0wIDJ6A7AAV36zxOAABz4_gG-XGLQKeK0wIDJ6A7AAWJfl0RAAA=,Aprobado- Factura  -  CRM 827 - Radicado 190575 - YANET BENAVIDES GONZALEZ - 06-2025-195 Mocoa Ambiental - NA,CRM 827.pdf,60d0ca7710fd43ea3204ee998f26de18b8f5a9d387385b87dfa6563f0e57e7478bca54af629aa598ff6dcb226704bbca,CRM827,2026-02-22,(PDF_APROBADAS_FALLBACK),ok_pdf_aprobadas_fallback,OK_REGISTRADA_FALLBACK_PDF,7,,34.043,7,7,PDF_APROBADAS|SUBJECT,
20260425_210559_e7f2f245,2026-04-26T02:44:29,AAMkADkwZmQ0YTA5LWE0M2MtNDk3Ni1hMzUzLTE0OTQxZDcwZWExMgBGAAAAAADJoyAzIWZBQakanooks8Z-BwBz4_gG-XGLQKeK0wIDJ6A7AAV36zxOAABz4_gG-XGLQKeK0wIDJ6A7AAWJfl0QAAA=,Aprobado- Factura  -  AFSV 343 - Radicado 190546 - CONTRERAS NUVAN WILSON - AMV Caquetá - NA,fv001764077000826000001b3.pdf,5e05654f9ee78bcbe074f8b2b106f3de63d8abe081c454509238e90120a13346e267c71785052ded84af288840b5e6b0,AFSV343,2026-02-23,z001764077000826000001b3.zip,ok,OK_REGISTRADA,7,,32.298,7,7,AIDX|SUBJECT,
20260425_210559_e7f2f245,2026-04-26T02:45:00,AAMkADkwZmQ0YTA5LWE0M2MtNDk3Ni1hMzUzLTE0OTQxZDcwZWExMgBGAAAAAADJoyAzIWZBQakanooks8Z-BwBz4_gG-XGLQKeK0wIDJ6A7AAV36zxOAABz4_gG-XGLQKeK0wIDJ6A7AAWJfl0PAAA=,Aprobado- Factura  -  ML11343 - Radicado 190345 - MCAD TRAINING & CONSULTING SAS - 01-2025-327 TOYO T2 S1 - NA,ad09015102630442600000492.pdf,b656177f2c072b93caa9f2e2d01b05df74f3d33b0a1ba527d23d41f63e0ef9085c80785657b47215594bb818c29fc29d,ML11343,2023-12-14,z09015102630442600000492.zip,ok,OK_REGISTRADA,7,,30.67,7,7,AIDX|SUBJECT,
20260425_210559_e7f2f245,2026-04-26T02:45:30,AAMkADkwZmQ0YTA5LWE0M2MtNDk3Ni1hMzUzLTE0OTQxZDcwZWExMgBGAAAAAADJoyAzIWZBQakanooks8Z-BwBz4_gG-XGLQKeK0wIDJ6A7AAV36zxOAABz4_gG-XGLQKeK0wIDJ6A7AAWJfl0OAAA=,Aprobado- Factura  -  FE21221 - Radicado 190407 - NIMBUTECH SAS - Dirección administrativa y financiera -Tics - NA,fv09006729530002600006909.pdf,24778405d9eed1401f2580fad0434c22b497b69dd1f39e8618bbffcf60006662c0179f475e0b2b338988300fffa4594c,FE21221,2025-05-02,fv09006729530002600006909.zip,ok,OK_REGISTRADA,7,,30.821,7,7,AIDX|SUBJECT,
20260425_210559_e7f2f245,2026-04-26T02:46:03,AAMkADkwZmQ0YTA5LWE0M2MtNDk3Ni1hMzUzLTE0OTQxZDcwZWExMgBGAAAAAADJoyAzIWZBQakanooks8Z-BwBz4_gG-XGLQKeK0wIDJ6A7AAV36zxOAABz4_gG-XGLQKeK0wIDJ6A7AAWJfl0NAAA=,Aprobado- Factura  -  FVE107016 - Radicado 190432 - PROVEXPRESS SAS - Dirección administrativa y financiera -Tics - NA,FVE107016.pdf,f904d00d6f7ed16277ca16bfd14f00cc0332cd129cd0c2a6a9cb17b3aa2476e18b769e83e4bf6c51bd27441cca92a7b1,FVE107016,2024-05-28,900800595_FVE107016.zip,ok,OK_REGISTRADA,7,,32.334,7,7,AIDX|SUBJECT,
20260425_210559_e7f2f245,2026-04-26T02:46:33,AAMkADkwZmQ0YTA5LWE0M2MtNDk3Ni1hMzUzLTE0OTQxZDcwZWExMgBGAAAAAADJoyAzIWZBQakanooks8Z-BwBz4_gG-XGLQKeK0wIDJ6A7AAV36zxOAABz4_gG-XGLQKeK0wIDJ6A7AAWJfl0MAAA=,Aprobado- Factura  -  FVE107261 - Radicado 190495 - PROVEXPRESS SAS - Dirección administrativa y financiera -Tics - NA,FVE107261.pdf,8580bed3e2a1096968f0041ff41064c826cc3b3c7975eac07d81746db04a72414c166f91b088e8fa85f313d62ab64a6e,FVE107261,2024-05-28,900800595_FVE107261.zip,ok,OK_REGISTRADA,7,,30.707,7,7,AIDX|SUBJECT,
20260425_210559_e7f2f245,2026-04-26T02:47:03,AAMkADkwZmQ0YTA5LWE0M2MtNDk3Ni1hMzUzLTE0OTQxZDcwZWExMgBGAAAAAADJoyAzIWZBQakanooks8Z-BwBz4_gG-XGLQKeK0wIDJ6A7AAV36zxOAABz4_gG-XGLQKeK0wIDJ6A7AAWHvAfhAAA=,Aprobado- Factura  -  99111540159 - Radicado 190477 - SODIMAC COLOMBIA SA - 01-2025-327 TOYO T2 S1 - NA,fv08002421060212699111540159.pdf,aaed171a53b2f1f9df38c3967213a56b5968d631d4c8ed2f28e76a8b0526f693e77ba0a997767a86e749e322699c0bb7,99111540159,2026-02-18,08002421060212699111540159.zip,ok,OK_REGISTRADA,7,,29.661,7,7,AIDX|SUBJECT,
20260425_210559_e7f2f245,2026-04-26T02:48:03,AAMkADkwZmQ0YTA5LWE0M2MtNDk3Ni1hMzUzLTE0OTQxZDcwZWExMgBGAAAAAADJoyAzIWZBQakanooks8Z-BwBz4_gG-XGLQKeK0wIDJ6A7AAV36zxOAABz4_gG-XGLQKeK0wIDJ6A7AAWHvAfgAAA=,Aprobado- Factura  -  B-1551 - Radicado 190476 - INGENIERIA Y LABORATORIO DE MATERIALES SAS - FAC - Pto. Salgar - DIAN,081b99508c7bc1cc2d976f5c51776e241192bab939dae608411be8d092876a930ad901a96be7ded7f42720144e70b5d0.pdf,,B-1551,,(REGISTRO_MINIMO:sin_match_dian_pdf_sin_cufe),ok_registro_minimo,REGISTRADA,7,,60.322,7,7,REGISTRO_MINIMO,sin_match_dian_pdf_sin_cufe
20260425_210559_e7f2f245,2026-04-26T02:48:37,AAMkADkwZmQ0YTA5LWE0M2MtNDk3Ni1hMzUzLTE0OTQxZDcwZWExMgBGAAAAAADJoyAzIWZBQakanooks8Z-BwBz4_gG-XGLQKeK0wIDJ6A7AAV36zxOAABz4_gG-XGLQKeK0wIDJ6A7AAWHvAffAAA=,Aprobado- Factura  -  BOG39881 - Radicado 190538 - ALMACEN GENERAL DE DEPOSITO SA - Dirección administrativa y financiera -Compras - NA,BOG39881.pdf,76b3d036eae4eb75e1d7bb9e282e8a135f89f5a0d33e36ce9d6f29b35b3491c587f080099dd5bb3681b3431122b34de2,BOG39881,2026-01-30,860020382_BOG39881.zip,ok,OK_REGISTRADA,7,,33.32,7,7,AIDX|SUBJECT,
20260425_210559_e7f2f245,2026-04-26T02:49:07,AAMkADkwZmQ0YTA5LWE0M2MtNDk3Ni1hMzUzLTE0OTQxZDcwZWExMgBGAAAAAADJoyAzIWZBQakanooks8Z-BwBz4_gG-XGLQKeK0wIDJ6A7AAV36zxOAABz4_gG-XGLQKeK0wIDJ6A7AAWHvAfeAAA=,Aprobado- Factura  -  257-76297 - Radicado 190494 - AGENCIA DE VIAJES Y TURISMO AVIATUR S.A.S - Cartago - Calarcá - NA,ad08600000180442600120044.pdf,64d86271f555224e2e7052891107afa64b05085309a24b772721bc4477ab19276ba13aa8cd84d501a6f8d09861f881a3,25776297,2026-02-19,z08600000180442600120044.zip,ok,OK_REGISTRADA,7,,29.969,7,7,AIDX|SUBJECT,
20260425_210559_e7f2f245,2026-04-26T02:49:36,AAMkADkwZmQ0YTA5LWE0M2MtNDk3Ni1hMzUzLTE0OTQxZDcwZWExMgBGAAAAAADJoyAzIWZBQakanooks8Z-BwBz4_gG-XGLQKeK0wIDJ6A7AAV36zxOAABz4_gG-XGLQKeK0wIDJ6A7AAWHvAfdAAA=,Aprobado- Factura  -  257-76296 - Radicado 190493 - AGENCIA DE VIAJES Y TURISMO AVIATUR S.A.S - Dirección administrativa y financiera -Compras - NA,ad08600000180442600119986.pdf,de4683a2e6ec28d25d782a3e0fb3fcdd15a89962a591a57d3d20be8f2e8e37290325d73cff6c612ae20ff985f1454127,25776296,2026-02-19,z08600000180442600119986.zip,ok,OK_REGISTRADA,7,,29.363,7,7,AIDX|SUBJECT,
20260425_210559_e7f2f245,2026-04-26T02:50:40,AAMkADkwZmQ0YTA5LWE0M2MtNDk3Ni1hMzUzLTE0OTQxZDcwZWExMgBGAAAAAADJoyAzIWZBQakanooks8Z-BwBz4_gG-XGLQKeK0wIDJ6A7AAV36zxOAABz4_gG-XGLQKeK0wIDJ6A7AAWHvAfcAAA=,Aprobado- Factura  -  FE-100 - Radicado 190489 - GONZALEZ TILANO ANDREA - Dirección administrativa y financiera -Compras - DIAN,PDF-1022097841-FE100.pdf,ec7d54854ecee27f6c0b48b8a11400090e3ec7d419de744dffc641fb24696d7abf490d4560906f69f3396b954a712123,FE-100,2026-02-19,(PDF_APROBADAS_FALLBACK),ok_pdf_aprobadas_fallback,OK_REGISTRADA_FALLBACK_PDF,7,,63.567,7,7,PDF_APROBADAS|SUBJECT,
20260425_210559_e7f2f245,2026-04-26T02:51:09,AAMkADkwZmQ0YTA5LWE0M2MtNDk3Ni1hMzUzLTE0OTQxZDcwZWExMgBGAAAAAADJoyAzIWZBQakanooks8Z-BwBz4_gG-XGLQKeK0wIDJ6A7AAV36zxOAABz4_gG-XGLQKeK0wIDJ6A7AAWHvAfbAAA=,Aprobado- Factura  -  257-76289 - Radicado 190478 - AGENCIA DE VIAJES Y TURISMO AVIATUR S.A.S - Dirección administrativa y financiera -Compras - NA,ad08600000180442600118000.pdf,df08fd97ca59d105e421765a00340a00c8f64efe145e5923190bfeae87a1bedb8bdfecc8eca9eda2cd580c5e769431eb,25776289,2026-02-18,z08600000180442600118000.zip,ok,OK_REGISTRADA,7,,29.788,7,7,AIDX|SUBJECT,
20260425_210559_e7f2f245,2026-04-26T02:51:40,AAMkADkwZmQ0YTA5LWE0M2MtNDk3Ni1hMzUzLTE0OTQxZDcwZWExMgBGAAAAAADJoyAzIWZBQakanooks8Z-BwBz4_gG-XGLQKeK0wIDJ6A7AAV36zxOAABz4_gG-XGLQKeK0wIDJ6A7AAWHvAfaAAA=,Aprobado- Factura  -  EN 9823 - Radicado 190515 - ENSAFE SAS - Dirección administrativa y financiera -Compras - NA,03d57e9b-df3c-4507-80f3-520af2c95339.pdf,1e326cbb84a19198ca550bb37b1815979658bacbbaf02d8709870b729f938a864fb58393184ed9c2c24c7610ed64c50f,EN9823,2026-02-19,03d57e9b-df3c-4507-80f3-520af2c95339.zip,ok,OK_REGISTRADA,7,,30.615,7,7,AIDX|SUBJECT,
20260425_210559_e7f2f245,2026-04-26T02:52:10,AAMkADkwZmQ0YTA5LWE0M2MtNDk3Ni1hMzUzLTE0OTQxZDcwZWExMgBGAAAAAADJoyAzIWZBQakanooks8Z-BwBz4_gG-XGLQKeK0wIDJ6A7AAV36zxOAABz4_gG-XGLQKeK0wIDJ6A7AAWHvAfZAAA=,Aprobado- Factura  -  FVE 2102 - Radicado 190525 - JOYCO SAS BIC - Pto. Gaitán – Pte. Arimena - NA,fv08600675610082600000031.pdf,0833286feae47ded2b82cf916a9104607e7faa6257c284914e188356f9c7e36636e9f4dfa3935d5b8e31f5d29db7a520,FVE2102,2026-02-20,z08600675610082600000031.zip,ok,OK_REGISTRADA,7,,29.785,7,7,AIDX|SUBJECT,
20260425_210559_e7f2f245,2026-04-26T02:52:41,AAMkADkwZmQ0YTA5LWE0M2MtNDk3Ni1hMzUzLTE0OTQxZDcwZWExMgBGAAAAAADJoyAzIWZBQakanooks8Z-BwBz4_gG-XGLQKeK0wIDJ6A7AAV36zxOAABz4_gG-XGLQKeK0wIDJ6A7AAWHvAfYAAA=,Aprobado- Factura  -  EN 9822 - Radicado 190514 - ENSAFE SAS - 01-2025-327 TOYO T2 S1 - NA,22eb2a79-ca5c-4ad3-9242-f513fb4266af.pdf,cd721c1b139f91a966508459475e6012e166647a5aaa6e80bc210c4534a976b8e68108853a52638ec777c2a23acac51b,EN9822,2026-02-19,22eb2a79-ca5c-4ad3-9242-f513fb4266af.zip,ok,OK_REGISTRADA,7,,30.975,7,7,AIDX|SUBJECT,
20260425_210559_e7f2f245,2026-04-26T02:53:10,AAMkADkwZmQ0YTA5LWE0M2MtNDk3Ni1hMzUzLTE0OTQxZDcwZWExMgBGAAAAAADJoyAzIWZBQakanooks8Z-BwBz4_gG-XGLQKeK0wIDJ6A7AAV36zxOAABz4_gG-XGLQKeK0wIDJ6A7AAWHvAfXAAA=,Aprobado- Factura  -  FVE 2098 - Radicado 190503 - JOYCO SAS BIC - TM Av. 68 - NA,fv0860067561008260000002d.pdf,7aae6cd4642b8a05b68e506351de857392cdc78c1734b543824e234fa0773f3f66ddac53f749a7aa0d423697536e160f,FVE2098,2026-02-19,z0860067561008260000002d.zip,ok,OK_REGISTRADA,7,,28.973,7,7,AIDX|SUBJECT,
20260425_210559_e7f2f245,2026-04-26T02:53:40,AAMkADkwZmQ0YTA5LWE0M2MtNDk3Ni1hMzUzLTE0OTQxZDcwZWExMgBGAAAAAADJoyAzIWZBQakanooks8Z-BwBz4_gG-XGLQKeK0wIDJ6A7AAV36zxOAABz4_gG-XGLQKeK0wIDJ6A7AAWHvAfWAAA=,Aprobado- Factura  -  FVE 2094 - Radicado 190497 - JOYCO SAS BIC - TM Av. 68 - NA,fv08600675610082600000029.pdf,3a0e61c9539b3c946940355833127f41e0109698503e9e4ef3ca3bd15320aca68753acf4602f958f1666868e67eb2329,FVE2094,2026-02-19,z08600675610082600000029.zip,ok,OK_REGISTRADA,7,,29.949,7,7,AIDX|SUBJECT,
20260425_210559_e7f2f245,2026-04-26T02:54:09,AAMkADkwZmQ0YTA5LWE0M2MtNDk3Ni1hMzUzLTE0OTQxZDcwZWExMgBGAAAAAADJoyAzIWZBQakanooks8Z-BwBz4_gG-XGLQKeK0wIDJ6A7AAV36zxOAABz4_gG-XGLQKeK0wIDJ6A7AAWHvAfVAAA=,Aprobado- Factura  -  FVE 2100 - Radicado 190523 - JOYCO SAS BIC - Cartago - Calarcá - NA,fv0860067561008260000002f.pdf,5d42a96ca88556d220f11e4b18d9d7cb8df3b90b63a39af9797ac44b3fdcd87f1dfc1ecaec563fb7a274c393f2367dfe,FVE2100,2026-02-20,z0860067561008260000002f.zip,ok,OK_REGISTRADA,7,,29.147,7,7,AIDX|SUBJECT,
20260425_210559_e7f2f245,2026-04-26T02:54:39,AAMkADkwZmQ0YTA5LWE0M2MtNDk3Ni1hMzUzLTE0OTQxZDcwZWExMgBGAAAAAADJoyAzIWZBQakanooks8Z-BwBz4_gG-XGLQKeK0wIDJ6A7AAV36zxOAABz4_gG-XGLQKeK0wIDJ6A7AAWHvAfUAAA=,Aprobado- Factura  -  FVE 2105 - Radicado 190533 - JOYCO SAS BIC - Cesar Red Terciaria - NA,fv08600675610082600000034.pdf,0135dfc0e5524f56d007ce5b5462769d9afa791b729aba9f3c673d7ee45edbeca980fd9abac8698901710d88bb904b7e,FVE2105,2026-02-20,z08600675610082600000034.zip,ok,OK_REGISTRADA,7,,29.688,7,7,AIDX|SUBJECT,
20260425_210559_e7f2f245,2026-04-26T02:55:10,AAMkADkwZmQ0YTA5LWE0M2MtNDk3Ni1hMzUzLTE0OTQxZDcwZWExMgBGAAAAAADJoyAzIWZBQakanooks8Z-BwBz4_gG-XGLQKeK0wIDJ6A7AAV36zxOAABz4_gG-XGLQKeK0wIDJ6A7AAWHvAfTAAA=,Aprobado- Factura  -  FE 1947 - Radicado 190027 - SERVICIOS LOGISTICOS DE INGENIERIA SAS - FAC - Pto. Salgar - NA,fv09007230230082600000015.pdf,bf716fdb95489dffad9f9a319f229811df3cf0b327fa8d763913668250484185a11a22116c5116b2bc2f34fdbe5a4406,FE1947,2026-01-29,z09007230230082600000015.zip,ok,OK_REGISTRADA,7,,31.249,7,7,AIDX|SUBJECT,
20260425_210559_e7f2f245,2026-04-26T02:55:45,AAMkADkwZmQ0YTA5LWE0M2MtNDk3Ni1hMzUzLTE0OTQxZDcwZWExMgBGAAAAAADJoyAzIWZBQakanooks8Z-BwBz4_gG-XGLQKeK0wIDJ6A7AAV36zxOAABz4_gG-XGLQKeK0wIDJ6A7AAWHvAfSAAA=,Aprobado- Factura  -  FEAC 25660 - Radicado 190506 - ALQUILER DE COMPUTADORES SAS - Dirección administrativa y financiera -Tics - NA,ANEXO FV 25660 JOYCO.pdf,d0eb1945d4909e8264a1a398ae53c6e96beefe288c25364a60d0718fc954e3476e9fe253c9f9c677934382f61839b14d,FEAC25660,,eddc060f-879c-4d93-b4b6-cd7bc348f226.zip,ok,OK_REGISTRADA,7,,35.147,7,7,AIDX|SUBJECT,
20260425_210559_e7f2f245,2026-04-26T02:56:12,AAMkADkwZmQ0YTA5LWE0M2MtNDk3Ni1hMzUzLTE0OTQxZDcwZWExMgBGAAAAAADJoyAzIWZBQakanooks8Z-BwBz4_gG-XGLQKeK0wIDJ6A7AAV36zxOAABz4_gG-XGLQKeK0wIDJ6A7AAWHvAfRAAA=,Aprobado- Factura  -  H4Z6220371 - Radicado 190528 - D1 SAS - Transv. Libertador - NA,fv090027696202126H4Z6220371.pdf,31b17c6c99c03f4996a03d77ab591ae2191405686a5f43f8bc1524f53976bc241e35676ae78104a47aac10e629e97c98,H8Y2178711,2026-02-20,090027696202126H8Y2178711.zip,ok,OK_REGISTRADA,7,,27.1,7,7,PDF_TOKEN:090027696202126H|SUBJECT,
20260425_210559_e7f2f245,2026-04-26T02:56:47,AAMkADkwZmQ0YTA5LWE0M2MtNDk3Ni1hMzUzLTE0OTQxZDcwZWExMgBGAAAAAADJoyAzIWZBQakanooks8Z-BwBz4_gG-XGLQKeK0wIDJ6A7AAV36zxOAABz4_gG-XGLQKeK0wIDJ6A7AAWHvAfQAAA=,Aprobado- Factura  -  FEAC 25661 - Radicado 190507 - ALQUILER DE COMPUTADORES SAS - Cucutilla - Cornejo - NA,ANEXO FV 25661 CONSORCIO R&Q - JOYCO.pdf,e545f8c656b936dca58bb8ba33b06d328a01231368e9655f66623981f39e6980a4c47b13c48117670127568e6199ff5c,FEAC25661,,4a4b83c5-6c1c-4865-89db-2e911bf0f1af.zip,ok,OK_REGISTRADA,7,,34.875,7,7,AIDX|SUBJECT,
20260425_210559_e7f2f245,2026-04-26T02:57:17,AAMkADkwZmQ0YTA5LWE0M2MtNDk3Ni1hMzUzLTE0OTQxZDcwZWExMgBGAAAAAADJoyAzIWZBQakanooks8Z-BwBz4_gG-XGLQKeK0wIDJ6A7AAV36zxOAABz4_gG-XGLQKeK0wIDJ6A7AAWHvAfPAAA=,Aprobado- Factura  -  FVER 9110 - Radicado 190482 - IMPORTADORA MEGACOPIERS LTDA - TM Av. 68 - NA,FV09005439270112400009110.pdf,1829471198cf2b9add4d8f6f23cd87ad21beba2da55aaa7c814c81a1744fde9b868f44015beb6f660c23875055d56230,FVER9110,2026-02-19,z09005439270112400009110.zip,ok,OK_REGISTRADA,7,,29.828,7,7,AIDX|SUBJECT,
20260425_210559_e7f2f245,2026-04-26T02:57:47,AAMkADkwZmQ0YTA5LWE0M2MtNDk3Ni1hMzUzLTE0OTQxZDcwZWExMgBGAAAAAADJoyAzIWZBQakanooks8Z-BwBz4_gG-XGLQKeK0wIDJ6A7AAV36zxOAABz4_gG-XGLQKeK0wIDJ6A7AAWHvAfOAAA=,Aprobado- Factura  -  FVER 9109 - Radicado 190481 - IMPORTADORA MEGACOPIERS LTDA - Dirección administrativa y financiera -Tics - NA,FV09005439270112400009109.pdf,e34fcbbd511e815f8aaab42f403428137a97ed998a536d2530fe332bdb3f213a4f2d0f572273098f7bf0b1943363cf72,FVER9109,2026-02-19,z09005439270112400009109.zip,ok,OK_REGISTRADA,7,,30.622,7,7,AIDX|SUBJECT,
20260425_210559_e7f2f245,2026-04-26T02:58:17,AAMkADkwZmQ0YTA5LWE0M2MtNDk3Ni1hMzUzLTE0OTQxZDcwZWExMgBGAAAAAADJoyAzIWZBQakanooks8Z-BwBz4_gG-XGLQKeK0wIDJ6A7AAV36zxOAABz4_gG-XGLQKeK0wIDJ6A7AAWHvAfNAAA=,Aprobado- Factura  -  FVE 5398 - Radicado 190516 - VILORIA JIMENEZ DONALDO ENRIQUE - Red Férrea Atlántico - NA,847ed634-7c61-47bb-aed9-eb99ee91aa7a.pdf,2c3fe548daaaff03504a403be86f0cfb20923078c6ffb1050ab88332d6866474c1b3dc76d1ff577a38f460b0f7cb74cd,FVE5398,2026-03-10,847ed634-7c61-47bb-aed9-eb99ee91aa7a.zip,ok,OK_REGISTRADA,7,,29.383,7,7,AIDX|SUBJECT,
20260425_210559_e7f2f245,2026-04-26T02:58:46,AAMkADkwZmQ0YTA5LWE0M2MtNDk3Ni1hMzUzLTE0OTQxZDcwZWExMgBGAAAAAADJoyAzIWZBQakanooks8Z-BwBz4_gG-XGLQKeK0wIDJ6A7AAV36zxOAABz4_gG-XGLQKeK0wIDJ6A7AAWHvAfMAAA=,Aprobado- Factura  -  FVER 9108 - Radicado 190480 - IMPORTADORA MEGACOPIERS LTDA - Transv. Libertador - NA,FV09005439270112400009108.pdf,0d7bbb5a1cc05b98b09d9aec4ee2a1a479bf4f213ccb0d79b9345f75c72b513fdcf9fa8d61ff6d2ceff76badad475b47,FVER9108,2026-02-19,z09005439270112400009108.zip,ok,OK_REGISTRADA,7,,28.81,7,7,AIDX|SUBJECT,
20260425_210559_e7f2f245,2026-04-26T02:59:15,AAMkADkwZmQ0YTA5LWE0M2MtNDk3Ni1hMzUzLTE0OTQxZDcwZWExMgBGAAAAAADJoyAzIWZBQakanooks8Z-BwBz4_gG-XGLQKeK0wIDJ6A7AAV36zxOAABz4_gG-XGLQKeK0wIDJ6A7AAWHsgNnAAA=,Aprobado- Factura  -  FVE 2092 - Radicado 190496 - JOYCO SAS BIC - Pto. Gaitán – Pte. Arimena - NA,fv08600675610082600000027.pdf,e86359a0f54811a20e75be672e5ac61933f7c3618d81ca15315cd5659626074bed8962fdee367328fcaaf32bc6de7254,FVE2092,2026-02-19,z08600675610082600000027.zip,ok,OK_REGISTRADA,7,,29.239,7,7,AIDX|SUBJECT,
20260425_210559_e7f2f245,2026-04-26T02:59:43,AAMkADkwZmQ0YTA5LWE0M2MtNDk3Ni1hMzUzLTE0OTQxZDcwZWExMgBGAAAAAADJoyAzIWZBQakanooks8Z-BwBz4_gG-XGLQKeK0wIDJ6A7AAV36zxOAABz4_gG-XGLQKeK0wIDJ6A7AAWHsgNmAAA=,Aprobado- Factura  -  FVN - 396061 - Radicado 190510 - VICTORIA BERNAL TRUJILLO - Dirección administrativa y financiera -Compras - NA,ad00517994950002600875544.pdf,7137bf857801f29eeed2ea16b0697e1610add57cb89076a9ef7ebaeb94c7c4ecdf8c29e8f7ba7569ce938d1b35cb7884,FVN-396061,2024-10-18,DE_FVN396061.zip,ok,OK_REGISTRADA,7,,27.922,7,7,AIDX|SUBJECT,
20260425_210559_e7f2f245,2026-04-26T03:00:13,AAMkADkwZmQ0YTA5LWE0M2MtNDk3Ni1hMzUzLTE0OTQxZDcwZWExMgBGAAAAAADJoyAzIWZBQakanooks8Z-BwBz4_gG-XGLQKeK0wIDJ6A7AAV36zxOAABz4_gG-XGLQKeK0wIDJ6A7AAWGrdbXAAA=,Aprobado- Factura  -  FE15605 - Radicado 190492 - LA COMEDIA SANTA BARBARA - 01-2025-327 TOYO T2 S1 - NA,fv00704117360922600000305.pdf,379e608af7b48c58a8004000724b1ba4eb9a9584dab63df51badbc812c46a95f43350ebd59614c33d8b3b113df4c9aa4,FE15605,2026-01-16,z00704117360922600000305.zip,ok,OK_REGISTRADA,7,,29.943,7,7,AIDX|SUBJECT,
20260425_210559_e7f2f245,2026-04-26T03:00:42,AAMkADkwZmQ0YTA5LWE0M2MtNDk3Ni1hMzUzLTE0OTQxZDcwZWExMgBGAAAAAADJoyAzIWZBQakanooks8Z-BwBz4_gG-XGLQKeK0wIDJ6A7AAV36zxOAABz4_gG-XGLQKeK0wIDJ6A7AAWGrdbWAAA=,Aprobado- Factura  -  FE21129 - Radicado 190341 - NIMBUTECH SAS - Red Férrea Atlántico - NA,fv09006729530002600006817.pdf,68920882e4343a2c34ab8006eb34f08f2e8c384c6f4fe9b953d4a3312fb02ae6a507cfaf7f46265531050e4be64fa05f,FE21129,2025-05-02,fv09006729530002600006817.zip,ok,OK_REGISTRADA,7,,29.379,7,7,AIDX|SUBJECT,
20260425_210559_e7f2f245,2026-04-26T03:01:11,AAMkADkwZmQ0YTA5LWE0M2MtNDk3Ni1hMzUzLTE0OTQxZDcwZWExMgBGAAAAAADJoyAzIWZBQakanooks8Z-BwBz4_gG-XGLQKeK0wIDJ6A7AAV36zxOAABz4_gG-XGLQKeK0wIDJ6A7AAWGrdbVAAA=,Aprobado- Factura  -  FVE 2096 - Radicado 190499 - JOYCO SAS BIC - Cartago - Calarcá - NA,fv0860067561008260000002b.pdf,9f876a1ce53b8c08d575c17ea49a73198a7e02368e5ad20b34af81020becd4818c25e344fd4043e8411a076a103a6398,FVE2096,2026-02-19,z0860067561008260000002b.zip,ok,OK_REGISTRADA,7,,29.083,7,7,AIDX|SUBJECT,
20260425_210559_e7f2f245,2026-04-26T03:01:41,AAMkADkwZmQ0YTA5LWE0M2MtNDk3Ni1hMzUzLTE0OTQxZDcwZWExMgBGAAAAAADJoyAzIWZBQakanooks8Z-BwBz4_gG-XGLQKeK0wIDJ6A7AAV36zxOAABz4_gG-XGLQKeK0wIDJ6A7AAWGrdbUAAA=,Aprobado- Factura  -  FE1-4692 - Radicado 190484 - PAPELERIA DASHIKA - Cucutilla - Cornejo - NA,FE1-4692.pdf,d68929f9b1fde429ea8e23d5908cee7c79389f84a94e3c8b1efe1635031597af4d51d7f250480eb2737de80ac59b254e,FE1-4692,2026-02-19,ad000553518905726000009ab.zip,ok,OK_REGISTRADA,7,,29.858,7,7,AIDX|SUBJECT,
20260425_210559_e7f2f245,2026-04-26T03:02:13,AAMkADkwZmQ0YTA5LWE0M2MtNDk3Ni1hMzUzLTE0OTQxZDcwZWExMgBGAAAAAADJoyAzIWZBQakanooks8Z-BwBz4_gG-XGLQKeK0wIDJ6A7AAV36zxOAABz4_gG-XGLQKeK0wIDJ6A7AAWGrdbTAAA=,Aprobado- Factura  -  21868 - Radicado 190289 - O4IT COLOMBIA SAS - Dirección administrativa y financiera -Tics - NA,ad09002558730002600000182.pdf,d3466f6345302a3543b7eed20eae5f380c71714cc489820b64e2620c9b14e6ede33f0586bcdd23fbb01a0fbd060864af,21868,2025-10-31,z09002558730002600000182.zip,ok,OK_REGISTRADA,7,,32.027,7,7,AIDX|SUBJECT,
20260425_210559_e7f2f245,2026-04-26T03:02:44,AAMkADkwZmQ0YTA5LWE0M2MtNDk3Ni1hMzUzLTE0OTQxZDcwZWExMgBGAAAAAADJoyAzIWZBQakanooks8Z-BwBz4_gG-XGLQKeK0wIDJ6A7AAV36zxOAABz4_gG-XGLQKeK0wIDJ6A7AAWGrdbSAAA=,Aprobado- Factura  -  FE 1942 - Radicado 190022 - SERVICIOS LOGISTICOS DE INGENIERIA SAS - 199 SC_ 277-00-FAC CADEC N 1 - NA,fv09007230230082600000010.pdf,6600cd8a4b686f0c48408a8d8191843a5a5bf979127a9203ba560cfc125befdfceeec0254221f691c6cbe09fbc73e8a7,FE1942,2026-01-29,z09007230230082600000010.zip,ok,OK_REGISTRADA,7,,30.666,7,7,AIDX|SUBJECT,
20260425_210559_e7f2f245,2026-04-26T03:03:13,AAMkADkwZmQ0YTA5LWE0M2MtNDk3Ni1hMzUzLTE0OTQxZDcwZWExMgBGAAAAAADJoyAzIWZBQakanooks8Z-BwBz4_gG-XGLQKeK0wIDJ6A7AAV36zxOAABz4_gG-XGLQKeK0wIDJ6A7AAWGrdbRAAA=,Aprobado- Factura  -  21866 - Radicado 190286 - O4IT COLOMBIA SAS - Dirección administrativa y financiera -Tics - NA,ad09002558730002600000180.pdf,632467e7e40d1aa56d594679594fbffcbac6e2441e7cee4800422f82f9cbeaa9e29332a6982da28f9b15a3cf610ed416,21866,2025-10-31,z09002558730002600000180.zip,ok,OK_REGISTRADA,7,,29.286,7,7,AIDX|SUBJECT,
20260425_210559_e7f2f245,2026-04-26T03:03:42,AAMkADkwZmQ0YTA5LWE0M2MtNDk3Ni1hMzUzLTE0OTQxZDcwZWExMgBGAAAAAADJoyAzIWZBQakanooks8Z-BwBz4_gG-XGLQKeK0wIDJ6A7AAV36zxOAABz4_gG-XGLQKeK0wIDJ6A7AAWGrdbQAAA=,Aprobado- Factura  -  21867 - Radicado 190285 - O4IT COLOMBIA SAS - Dirección administrativa y financiera -Tics - NA,ad09002558730002600000181.pdf,fc5697c5f9b3261b617170d2a117be5d0a737dbf10b7039bd6bd4191bdf5450c49da2525fd1e7513ccb976553fb570d0,21867,2025-10-31,z09002558730002600000181.zip,ok,OK_REGISTRADA,7,,28.74,7,7,AIDX|SUBJECT,
20260425_210559_e7f2f245,2026-04-26T03:04:11,AAMkADkwZmQ0YTA5LWE0M2MtNDk3Ni1hMzUzLTE0OTQxZDcwZWExMgBGAAAAAADJoyAzIWZBQakanooks8Z-BwBz4_gG-XGLQKeK0wIDJ6A7AAV36zxOAABz4_gG-XGLQKeK0wIDJ6A7AAWGrdbPAAA=,Aprobado- Factura  -  FEBS-89 - Radicado 190466 - MACIAS ESTRADA ANDRES FELIPE - 01-2025-327 TOYO T2 S1 - NA,2a8e0273b6bad7ac8d4a2b1716b79f9074bb6c9c7921265273d7568f86cf8205d872e197ce8dc8d9877587dff6333657.pdf,2a8e0273b6bad7ac8d4a2b1716b79f9074bb6c9c7921265273d7568f86cf8205d872e197ce8dc8d9877587dff6333657,FEBS-89,2026-02-18,Attachment-FEBS89.zip,ok,OK_REGISTRADA,7,,29.592,7,7,AIDX|SUBJECT,
20260425_210559_e7f2f245,2026-04-26T03:04:37,AAMkADkwZmQ0YTA5LWE0M2MtNDk3Ni1hMzUzLTE0OTQxZDcwZWExMgBGAAAAAADJoyAzIWZBQakanooks8Z-BwBz4_gG-XGLQKeK0wIDJ6A7AAV36zxOAABz4_gG-XGLQKeK0wIDJ6A7AAWGrdbOAAA=,Aprobado- Factura de servicio público  -  0971540-8 - Radicado 190463 - ENEL COLOMBIA SA ESP - Dirección administrativa y financiera -Infraestructura - ,Enel16 de Febrero de 2026.pdf,dceeaeeeecc3843276342aaacaedeceee09715408edd4151842cac44b57a4911badcaeeadadeecaeaaeca35115170251,ECONOMICA3514,2026-02-16,(PDF_APROBADAS_FALLBACK),ok_pdf_aprobadas_fallback,OK_REGISTRADA_FALLBACK_PDF,7,,26.185,7,7,PDF_APROBADAS|SUBJECT,
20260425_210559_e7f2f245,2026-04-26T03:05:06,AAMkADkwZmQ0YTA5LWE0M2MtNDk3Ni1hMzUzLTE0OTQxZDcwZWExMgBGAAAAAADJoyAzIWZBQakanooks8Z-BwBz4_gG-XGLQKeK0wIDJ6A7AAV36zxOAABz4_gG-XGLQKeK0wIDJ6A7AAWGrdbNAAA=,Aprobado- Factura  -  I6C7292576 - Radicado 190453 - D1 SAS - Cucutilla - Cornejo - NA,fv090027696202126I6C7292576.pdf,d3b8fcec8c4a5207e7cf94d9bd297c2e59f9dc67a6c7f2dfb139c3abf62bfb8198d159345a2ecee0cbcadeb2c766db24,I6C6134911,2026-02-18,090027696202126I6C6134911.zip,ok,OK_REGISTRADA,7,,28.349,7,7,PDF_TOKEN:090027696202126I|SUBJECT,
20260425_210559_e7f2f245,2026-04-26T03:05:31,AAMkADkwZmQ0YTA5LWE0M2MtNDk3Ni1hMzUzLTE0OTQxZDcwZWExMgBGAAAAAADJoyAzIWZBQakanooks8Z-BwBz4_gG-XGLQKeK0wIDJ6A7AAV36zxOAABz4_gG-XGLQKeK0wIDJ6A7AAWGrdbMAAA=,Aprobado- Factura de servicio público  -  0484673-5 - Radicado 190464 - ENEL COLOMBIA SA ESP - Dirección administrativa y financiera -Infraestructura - ,Enel16 de Febrero de 2026.pdf,1258022ed1a185120852153764840aeccac44b57a4922badcaeeadadeecaeaaeca35115170250caa1000caedeeccecab,ECONOMICA3514,2026-02-16,(PDF_APROBADAS_FALLBACK),ok_pdf_aprobadas_fallback,OK_REGISTRADA_FALLBACK_PDF,7,,24.679,7,7,PDF_APROBADAS|SUBJECT,
20260425_210559_e7f2f245,2026-04-26T03:06:00,AAMkADkwZmQ0YTA5LWE0M2MtNDk3Ni1hMzUzLTE0OTQxZDcwZWExMgBGAAAAAADJoyAzIWZBQakanooks8Z-BwBz4_gG-XGLQKeK0wIDJ6A7AAV36zxOAABz4_gG-XGLQKeK0wIDJ6A7AAWGrdbLAAA=,Aprobado- Factura  -  EN 9815 - Radicado 190448 - ENSAFE SAS - TM Av. 68 - NA,65200228-ae3f-4249-8459-a353aae965c4.pdf,baa29af1e3d1cb465ee2d31fca2c0af01a14162c3a6aaa9f5ab2f4da281d0b8f940c3fc2ae30612862fbe62b80e13a30,EN9815,2026-02-17,65200228-ae3f-4249-8459-a353aae965c4.zip,ok,OK_REGISTRADA,7,,29.943,7,7,AIDX|SUBJECT,
20260425_210559_e7f2f245,2026-04-26T03:06:31,AAMkADkwZmQ0YTA5LWE0M2MtNDk3Ni1hMzUzLTE0OTQxZDcwZWExMgBGAAAAAADJoyAzIWZBQakanooks8Z-BwBz4_gG-XGLQKeK0wIDJ6A7AAV36zxOAABz4_gG-XGLQKeK0wIDJ6A7AAWGrdbKAAA=,Aprobado- Factura  -  EN 9814 - Radicado 190447 - ENSAFE SAS - TM Av. 68 - NA,80db1396-0a6d-44e5-a3e2-5a8041ea8940.pdf,fa48a89616760265ec15b1d29288cc39b9795ea3ecb87fe8b5fe92148da31b51779c5d6282458df3402cc495b07bf16a,EN9814,2026-02-17,80db1396-0a6d-44e5-a3e2-5a8041ea8940.zip,ok,OK_REGISTRADA,7,,30.22,7,7,AIDX|SUBJECT,
20260425_210559_e7f2f245,2026-04-26T03:07:02,AAMkADkwZmQ0YTA5LWE0M2MtNDk3Ni1hMzUzLTE0OTQxZDcwZWExMgBGAAAAAADJoyAzIWZBQakanooks8Z-BwBz4_gG-XGLQKeK0wIDJ6A7AAV36zxOAABz4_gG-XGLQKeK0wIDJ6A7AAWGrdbJAAA=,Aprobado- Factura  -  EN 9813 - Radicado 190446 - ENSAFE SAS - Dirección administrativa y financiera -Compras - NA,c60baa62-e34d-4a2c-9c88-6c866c72060d.pdf,22ab89ab3df49cbed7d0602fcf933533627a4ce5641c5400a196c2582d607836f881d2c143233d956d451f4f666c9e07,EN9813,2026-02-17,c60baa62-e34d-4a2c-9c88-6c866c72060d.zip,ok,OK_REGISTRADA,7,,31.757,7,7,AIDX|SUBJECT,
20260425_210559_e7f2f245,2026-04-26T03:07:33,AAMkADkwZmQ0YTA5LWE0M2MtNDk3Ni1hMzUzLTE0OTQxZDcwZWExMgBGAAAAAADJoyAzIWZBQakanooks8Z-BwBz4_gG-XGLQKeK0wIDJ6A7AAV36zxOAABz4_gG-XGLQKeK0wIDJ6A7AAWGrdbIAAA=,Aprobado- Factura  -  EN 9812 - Radicado 190445 - ENSAFE SAS - 01-2025-327 TOYO T2 S1 - NA,d1b83d25-bd4c-47a5-8d36-406b75aa95fb.pdf,2df4f276b365b9ef59aa04d85809dd51eb1f78f2fec2495a7d462a7717c72500de7713510fbecbbbb158e7fbcc380f9f,EN9812,2026-02-17,d1b83d25-bd4c-47a5-8d36-406b75aa95fb.zip,ok,OK_REGISTRADA,7,,31.036,7,7,AIDX|SUBJECT,
20260425_210559_e7f2f245,2026-04-26T03:08:03,AAMkADkwZmQ0YTA5LWE0M2MtNDk3Ni1hMzUzLTE0OTQxZDcwZWExMgBGAAAAAADJoyAzIWZBQakanooks8Z-BwBz4_gG-XGLQKeK0wIDJ6A7AAV36zxOAABz4_gG-XGLQKeK0wIDJ6A7AAWGrdbHAAA=,Aprobado- Factura  -  FE 512 - Radicado 190460 - GONZALO ECHAVARRIA DIAZ - AMV Caquetá - NA,fv00792567170082600000010.pdf,38f6af4f93157ad5700cd7d184d0408d8b63ac0043ad407582d408cb89a65da023c8305a0d185a1a1f16fdc3b49426e9,FE512,2026-02-18,z00792567170082600000010.zip,ok,OK_REGISTRADA,7,,29.585,7,7,AIDX|SUBJECT,
20260425_210559_e7f2f245,2026-04-26T03:08:33,AAMkADkwZmQ0YTA5LWE0M2MtNDk3Ni1hMzUzLTE0OTQxZDcwZWExMgBGAAAAAADJoyAzIWZBQakanooks8Z-BwBz4_gG-XGLQKeK0wIDJ6A7AAV36zxOAABz4_gG-XGLQKeK0wIDJ6A7AAWGrdbGAAA=,Aprobado- Factura  -  FE 511 - Radicado 190459 - GONZALO ECHAVARRIA DIAZ - AMV Caquetá - NA,fv0079256717008260000000f.pdf,01522b4bd6be889feb990cb65b9df60f94386fa55b9161d3b81ddd3363c14eafa8bd83904bdbf086894ea0c961033ac9,FE511,2026-02-18,z0079256717008260000000f.zip,ok,OK_REGISTRADA,7,,29.766,7,7,AIDX|SUBJECT,
20260425_210559_e7f2f245,2026-04-26T03:09:03,AAMkADkwZmQ0YTA5LWE0M2MtNDk3Ni1hMzUzLTE0OTQxZDcwZWExMgBGAAAAAADJoyAzIWZBQakanooks8Z-BwBz4_gG-XGLQKeK0wIDJ6A7AAV36zxOAABz4_gG-XGLQKeK0wIDJ6A7AAWGrdbFAAA=,Aprobado- Factura  -  FE442 - Radicado 190416 - CONSULTORES E INTERVENTORES TECNICOS SAS - TM Av. 68 - NA,dian_FE442.pdf,b9f25fe20d494804ef408ef4b21c4f79384ce8b6b83023fe52a38858b8540fe76e2bd7eaaa06772afb076c8ae50f82c1,FE442,2025-10-01,FE442.zip,ok,OK_REGISTRADA,7,,30.19,7,7,AIDX|SUBJECT,
20260425_210559_e7f2f245,2026-04-26T03:09:33,AAMkADkwZmQ0YTA5LWE0M2MtNDk3Ni1hMzUzLTE0OTQxZDcwZWExMgBGAAAAAADJoyAzIWZBQakanooks8Z-BwBz4_gG-XGLQKeK0wIDJ6A7AAV36zxOAABz4_gG-XGLQKeK0wIDJ6A7AAWGrdbEAAA=,Aprobado- Factura  -  FE441 - Radicado 190415 - CONSULTORES E INTERVENTORES TECNICOS SAS - TM Av. 68 - NA,dian_FE441.pdf,480677d945ca233ec00a4e5954528d3a66985bab90043f39fed85234a805e1e4e80bddfd10aa054a8561664a20187041,FE441,2025-10-01,FE441.zip,ok,OK_REGISTRADA,7,,30.224,7,7,AIDX|SUBJECT,
20260425_210559_e7f2f245,2026-04-26T03:10:03,AAMkADkwZmQ0YTA5LWE0M2MtNDk3Ni1hMzUzLTE0OTQxZDcwZWExMgBGAAAAAADJoyAzIWZBQakanooks8Z-BwBz4_gG-XGLQKeK0wIDJ6A7AAV36zxOAABz4_gG-XGLQKeK0wIDJ6A7AAWGrdbDAAA=,Aprobado- Factura  -  N0761734 - Radicado 190456 - SERVIENTREGA SA - Red Férrea Atlántico - NA,Representacion grafica.pdf,e15ae41337ff83ecd9b312061110945382ea45561af4cd930158390e64213a1626e248e3a958b156207eb1592894abcf,N0761734,2026-02-18,Factura-N0761734.zip,ok,OK_REGISTRADA,7,,29.838,7,7,AIDX|SUBJECT,
20260425_210559_e7f2f245,2026-04-26T03:10:35,AAMkADkwZmQ0YTA5LWE0M2MtNDk3Ni1hMzUzLTE0OTQxZDcwZWExMgBGAAAAAADJoyAzIWZBQakanooks8Z-BwBz4_gG-XGLQKeK0wIDJ6A7AAV36zxOAABz4_gG-XGLQKeK0wIDJ6A7AAWGrdbCAAA=,Aprobado- Factura  -  FE 1943 - Radicado 190023 - SERVICIOS LOGISTICOS DE INGENIERIA SAS - Salitre Mágico - NA,fv09007230230082600000011.pdf,2c6551c23c8b16522bcf5ee13a810ea0cce1e7c9b4da1c5a6e3c227fc9643d199e3d72312ec884e660abdc9bf4f7da48,FE1943,2026-01-29,z09007230230082600000011.zip,ok,OK_REGISTRADA,7,,31.704,7,7,AIDX|SUBJECT,
20260425_210559_e7f2f245,2026-04-26T03:11:06,AAMkADkwZmQ0YTA5LWE0M2MtNDk3Ni1hMzUzLTE0OTQxZDcwZWExMgBGAAAAAADJoyAzIWZBQakanooks8Z-BwBz4_gG-XGLQKeK0wIDJ6A7AAV36zxOAABz4_gG-XGLQKeK0wIDJ6A7AAWGrdbBAAA=,Aprobado- Factura  -  A 257 - Radicado 190435 - GUERRA GARCIA MAYERLIS - Dirección administrativa y financiera -Tics - NA,fv10493250770082600000008.pdf,5620c6ae14f2e1c185cb705a382656aa4e38f774b8cf19f46a0656ef56552386cef7726b65a111e1cf4f387a32cf6560,A257,2026-02-17,z10493250770082600000008.zip,ok,OK_REGISTRADA,7,,30.823,7,7,AIDX|SUBJECT,
20260425_210559_e7f2f245,2026-04-26T03:11:36,AAMkADkwZmQ0YTA5LWE0M2MtNDk3Ni1hMzUzLTE0OTQxZDcwZWExMgBGAAAAAADJoyAzIWZBQakanooks8Z-BwBz4_gG-XGLQKeK0wIDJ6A7AAV36zxOAABz4_gG-XGLQKeK0wIDJ6A7AAWGrdbAAAA=,Aprobado- Factura  -  A 256 - Radicado 190433 - GUERRA GARCIA MAYERLIS - Dirección administrativa y financiera -Tics - NA,fv10493250770082600000007.pdf,2565384db126985785ba3c826cb5774162f978e2113eac881e76f0edb4316b65b381f984a712472ea9c06ef021748fa1,A256,2026-02-17,z10493250770082600000007.zip,ok,OK_REGISTRADA,7,,30.881,7,7,AIDX|SUBJECT,
20260425_210559_e7f2f245,2026-04-26T03:12:07,AAMkADkwZmQ0YTA5LWE0M2MtNDk3Ni1hMzUzLTE0OTQxZDcwZWExMgBGAAAAAADJoyAzIWZBQakanooks8Z-BwBz4_gG-XGLQKeK0wIDJ6A7AAV36zxOAABz4_gG-XGLQKeK0wIDJ6A7AAWGrda-AAA=,Aprobado- Factura  -  E202 - 202083 - Radicado 190452 - INDIGO PARK COLOMBIA SAS - 02-2025-191 Señalización SDM - NA,fv08300506190612600016936.pdf,89dc5cfe2afaa02a6aae791ccb0f7641a6e473504bb2f0780342f6707f799276522e5be96f6f55a1d681b6026bc0a0ac,E202-202083,2026-12-04,ad08300506190612600016936.zip,ok,OK_REGISTRADA,7,,30.751,7,7,AIDX|SUBJECT,
20260425_210559_e7f2f245,2026-04-26T03:12:39,AAMkADkwZmQ0YTA5LWE0M2MtNDk3Ni1hMzUzLTE0OTQxZDcwZWExMgBGAAAAAADJoyAzIWZBQakanooks8Z-BwBz4_gG-XGLQKeK0wIDJ6A7AAV36zxOAABz4_gG-XGLQKeK0wIDJ6A7AAWGrda_AAA=,Aprobado- Factura  -  OC08 086000606902 - Radicado 190423 - ENVIA S A S O ENVIA COLVANES SAS - Tolima Red Terciaria - NA,ad0800185306006260009856D.pdf,52eb40cc4acbfb96247c354200f2173d2cda93a296c375c7a55340f46ee54cab606a5e97afeefe7ed70828eb269e37cb,OC08086000606902,2025-07-25,ad0800185306006260009856D.zip,ok,OK_REGISTRADA,7,,31.376,7,7,AIDX|SUBJECT,
20260425_210559_e7f2f245,2026-04-26T03:13:09,AAMkADkwZmQ0YTA5LWE0M2MtNDk3Ni1hMzUzLTE0OTQxZDcwZWExMgBGAAAAAADJoyAzIWZBQakanooks8Z-BwBz4_gG-XGLQKeK0wIDJ6A7AAV36zxOAABz4_gG-XGLQKeK0wIDJ6A7AAWGrda9AAA=,Aprobado- Factura  -  OC08 086000606899 - Radicado 190424 - ENVIA S A S O ENVIA COLVANES SAS - Tolima Red Terciaria - NA,ad0800185306006260009854D.pdf,7b538dca93f47a830a7ac965813ae012eb2b2f78222c5f51052e29cf991a2e04a5b89a4ddca08698085b8421aa93bd82,OC08086000606899,2025-07-25,ad0800185306006260009854D.zip,ok,OK_REGISTRADA,7,,29.944,7,7,AIDX|SUBJECT,
20260425_210559_e7f2f245,2026-04-26T03:13:38,AAMkADkwZmQ0YTA5LWE0M2MtNDk3Ni1hMzUzLTE0OTQxZDcwZWExMgBGAAAAAADJoyAzIWZBQakanooks8Z-BwBz4_gG-XGLQKeK0wIDJ6A7AAV36zxOAABz4_gG-XGLQKeK0wIDJ6A7AAWGrda8AAA=,Aprobado- Factura  -  OC08 086000606900 - Radicado 190425 - ENVIA S A S O ENVIA COLVANES SAS - Tolima Red Terciaria - NA,190425.pdf,803cb2801abbb1bd0871ef0eac6a538a1ee60f13eb4826ae43bbd66c34b0e049c497c4aa0010bc8f3063d5ad6cbdf0e6,OC08086000606900,2025-07-25,ad08001853060062600098558.zip,ok,OK_REGISTRADA,7,,29.021,7,7,AIDX|SUBJECT,
20260425_210559_e7f2f245,2026-04-26T03:14:08,AAMkADkwZmQ0YTA5LWE0M2MtNDk3Ni1hMzUzLTE0OTQxZDcwZWExMgBGAAAAAADJoyAzIWZBQakanooks8Z-BwBz4_gG-XGLQKeK0wIDJ6A7AAV36zxOAABz4_gG-XGLQKeK0wIDJ6A7AAWE6aMyAAA=,Aprobado- Factura  -  257-76243 - Radicado 190412 - AGENCIA DE VIAJES Y TURISMO AVIATUR S.A.S - Dirección administrativa y financiera -Compras - NA,ad08600000180442600108877.pdf,01af598fea47d8c40df0e1b81644b2ab889cac16d70249db128548ab96f5cff37991b73bdd960c25a154facf8cca6c81,25776243,2026-02-16,z08600000180442600108877.zip,ok,OK_REGISTRADA,7,,30.197,7,7,AIDX|SUBJECT,
20260425_210559_e7f2f245,2026-04-26T03:14:39,AAMkADkwZmQ0YTA5LWE0M2MtNDk3Ni1hMzUzLTE0OTQxZDcwZWExMgBGAAAAAADJoyAzIWZBQakanooks8Z-BwBz4_gG-XGLQKeK0wIDJ6A7AAV36zxOAABz4_gG-XGLQKeK0wIDJ6A7AAWE6aMxAAA=,Aprobado- Factura  -  257-76240 - Radicado 190410 - AGENCIA DE VIAJES Y TURISMO AVIATUR S.A.S - Dirección administrativa y financiera -Compras - NA,ad08600000180442600108272.pdf,efbec255c0d3d7639082ce8b43f5ce3e582d399b52a25b73d7e400e5db4b34c3043f1b443793b1517d3d93e21d114e1b,25776240,2026-02-16,z08600000180442600108272.zip,ok,OK_REGISTRADA,7,,31.084,7,7,AIDX|SUBJECT,
20260425_210559_e7f2f245,2026-04-26T03:15:07,AAMkADkwZmQ0YTA5LWE0M2MtNDk3Ni1hMzUzLTE0OTQxZDcwZWExMgBGAAAAAADJoyAzIWZBQakanooks8Z-BwBz4_gG-XGLQKeK0wIDJ6A7AAV36zxOAABz4_gG-XGLQKeK0wIDJ6A7AAWE6aMwAAA=,Aprobado- Factura  -  FE5977697 - Radicado 190434 - EMERMEDICA S.A - Joyco Consultores S.A.S. - NA,fv08001267850182502222850.pdf,91f5b44cefafe42151a0a258453fc804ea97aede226ad787ba432002dcbe2ffa1f6d774685440293b25b3374ca6af0e6,09-15681,2024-11-27,(PDF_APROBADAS_FALLBACK),ok_pdf_aprobadas_fallback,OK_REGISTRADA_FALLBACK_PDF,7,,27.829,7,7,PDF_APROBADAS|SUBJECT,
20260425_210559_e7f2f245,2026-04-26T03:15:37,AAMkADkwZmQ0YTA5LWE0M2MtNDk3Ni1hMzUzLTE0OTQxZDcwZWExMgBGAAAAAADJoyAzIWZBQakanooks8Z-BwBz4_gG-XGLQKeK0wIDJ6A7AAV36zxOAABz4_gG-XGLQKeK0wIDJ6A7AAWE6aMvAAA=,Aprobado- Factura  -  FE33070 - Radicado 190431 - ACCOUNTER SAS - Dirección administrativa y financiera - Contabilidad - NA,ad0900065933016260000812e.pdf,96f21f41f5f702a2180c3782bd1c58f84a135667bc9ca7daaddc929a163a7e6534d963e82c77a05ab6d95443c074538c,FE33070,2025-07-15,z0900065933016260000812e.zip,ok,OK_REGISTRADA,7,,29.974,7,7,AIDX|SUBJECT,
20260425_210559_e7f2f245,2026-04-26T03:16:07,AAMkADkwZmQ0YTA5LWE0M2MtNDk3Ni1hMzUzLTE0OTQxZDcwZWExMgBGAAAAAADJoyAzIWZBQakanooks8Z-BwBz4_gG-XGLQKeK0wIDJ6A7AAV36zxOAABz4_gG-XGLQKeK0wIDJ6A7AAWE6aMuAAA=,Aprobado- Factura  -  FE440 - Radicado 190414 - CONSULTORES E INTERVENTORES TECNICOS SAS - TM Av. 68 - NA,dian_FE440.pdf,c7221a91216f6736d225929c9c56cb73b814c3fd0653ef8ae5258543390b53b3902919f54de84c98cf0c3fa54bd00be6,FE440,2025-10-01,FE440.zip,ok,OK_REGISTRADA,7,,29.954,7,7,AIDX|SUBJECT,
20260425_210559_e7f2f245,2026-04-26T03:16:39,AAMkADkwZmQ0YTA5LWE0M2MtNDk3Ni1hMzUzLTE0OTQxZDcwZWExMgBGAAAAAADJoyAzIWZBQakanooks8Z-BwBz4_gG-XGLQKeK0wIDJ6A7AAV36zxOAABz4_gG-XGLQKeK0wIDJ6A7AAWE6aMtAAA=,Aprobado- Factura  -  CAMR16915 - Radicado 190427 - DISTRIBUIDORA BOSCONIA - Red Férrea Atlántico - NA,CAMR16915.pdf,dee17327fde01e042e35b34ae685155c48de91dfa97c940487bd859ee269f9f43d80c19eb79a769df62b2accd64cc185,CAMR16915,2026-02-17,Factura CAMR16915.zip,ok,OK_REGISTRADA,7,,32.553,7,7,AIDX|SUBJECT,
20260425_210559_e7f2f245,2026-04-26T03:17:09,AAMkADkwZmQ0YTA5LWE0M2MtNDk3Ni1hMzUzLTE0OTQxZDcwZWExMgBGAAAAAADJoyAzIWZBQakanooks8Z-BwBz4_gG-XGLQKeK0wIDJ6A7AAV36zxOAABz4_gG-XGLQKeK0wIDJ6A7AAWE6aMsAAA=,Aprobado- Factura  -  PR 2469 - Radicado 190311 - PRODUCTIVIDAPP SAS - Dirección administrativa y financiera -Tics - NA,fv09009658830082600000026.pdf,75e17334b12350858fa4e0e741f95ecb69cc54dec6f63c839e7714831837b8a893b6a52a3151a5e520086fc888daaaad,PR2469,2026-03-11,z09009658830082600000026.zip,ok,OK_REGISTRADA,7,,29.977,7,7,AIDX|SUBJECT,
20260425_210559_e7f2f245,2026-04-26T03:17:43,AAMkADkwZmQ0YTA5LWE0M2MtNDk3Ni1hMzUzLTE0OTQxZDcwZWExMgBGAAAAAADJoyAzIWZBQakanooks8Z-BwBz4_gG-XGLQKeK0wIDJ6A7AAV36zxOAABz4_gG-XGLQKeK0wIDJ6A7AAWE6aMrAAA=,Aprobado- Factura  -  CPFP 200203 - Radicado 190393 - COMPAÑIA PAPELERA NACIONAL SAS - Dirección administrativa y financiera -Compras - NA,ad09000094950162600030e0b.pdf,9289c1e6c70488d318232a168bc3b066da3ae3930930ff7ebcc7e61be33aa3ac31e8f11b3f656b7b902058a9c0f66a02,CPFP200203,2025-04-11,z09000094950162600030e0b.zip,ok,OK_REGISTRADA,7,,33.764,7,7,AIDX|SUBJECT,
20260425_210559_e7f2f245,2026-04-26T03:18:14,AAMkADkwZmQ0YTA5LWE0M2MtNDk3Ni1hMzUzLTE0OTQxZDcwZWExMgBGAAAAAADJoyAzIWZBQakanooks8Z-BwBz4_gG-XGLQKeK0wIDJ6A7AAV36zxOAABz4_gG-XGLQKeK0wIDJ6A7AAWE6aMqAAA=,Aprobado- Factura  -  CPFP 200189 - Radicado 190392 - COMPAÑIA PAPELERA NACIONAL SAS - Dirección administrativa y financiera -Compras - NA,ad09000094950162600030dfd.pdf,c48b0f1a9ee4009664cef6256d32fce4038f4f0810770f21da4e5e515cee34513c79c03dab7a170b3ad6a612f8352f84,CPFP200189,2025-04-11,z09000094950162600030dfd.zip,ok,OK_REGISTRADA,7,,31.174,7,7,AIDX|SUBJECT,
20260425_210559_e7f2f245,2026-04-26T03:18:45,AAMkADkwZmQ0YTA5LWE0M2MtNDk3Ni1hMzUzLTE0OTQxZDcwZWExMgBGAAAAAADJoyAzIWZBQakanooks8Z-BwBz4_gG-XGLQKeK0wIDJ6A7AAV36zxOAABz4_gG-XGLQKeK0wIDJ6A7AAWE6aMpAAA=,Aprobado- Factura  -  FVE106357 - Radicado 190235 - PROVEXPRESS SAS - 328 SC_FDT_DAMASO - NA,FVE106357.pdf,679f3dc60dc52e78fb93f46a611c195b25abbc547632a3cb4aedf3469647134b5b0b94b3c2fe2d16397cdeff8dbf373a,FVE106357,2024-05-28,900800595_FVE106357.zip,ok,OK_REGISTRADA,7,,31.34,7,7,AIDX|SUBJECT,
20260425_210559_e7f2f245,2026-04-26T03:20:13,AAMkADkwZmQ0YTA5LWE0M2MtNDk3Ni1hMzUzLTE0OTQxZDcwZWExMgBGAAAAAADJoyAzIWZBQakanooks8Z-BwBz4_gG-XGLQKeK0wIDJ6A7AAV36zxOAABz4_gG-XGLQKeK0wIDJ6A7AAWE6aMoAAA=,Aprobado- Factura  -  LIT20278 - Radicado 190413 - LITIGAR PUNTO COM SAS - Dirección Jurídica - NA,ANTECEDENTES REV FISCAL EMPRESA.pdf,73c0ee88ccb80b3b7db325849cba5e9100eddea7cb6997d3c155181dcf2a4ac385ca237c166e6a319b86569e8a934251,LIT20278,2012-12-13,z083007034600426c4dc1c20.zip,ok,OK_REGISTRADA,7,,87.194,7,7,AIDX|SUBJECT,
20260425_210559_e7f2f245,2026-04-26T03:20:43,AAMkADkwZmQ0YTA5LWE0M2MtNDk3Ni1hMzUzLTE0OTQxZDcwZWExMgBGAAAAAADJoyAzIWZBQakanooks8Z-BwBz4_gG-XGLQKeK0wIDJ6A7AAV36zxOAABz4_gG-XGLQKeK0wIDJ6A7AAWE6aMnAAA=,Aprobado- Factura  -  5480726937 - Radicado 190266 - GOOGLE LLC - Dirección administrativa y financiera -Tics - NA,joyco.com.co (7).pdf,ec1600aeaeaeca94043edaeefedeadedefcacfca770493581facaedefaca5480726937facaacadcabcaedacae266976e,5480726937,,(PDF_APROBADAS_FALLBACK),ok_pdf_aprobadas_fallback,OK_REGISTRADA_FALLBACK_PDF,7,,30.339,7,7,PDF_APROBADAS|SUBJECT,
20260425_210559_e7f2f245,2026-04-26T03:21:24,AAMkADkwZmQ0YTA5LWE0M2MtNDk3Ni1hMzUzLTE0OTQxZDcwZWExMgBGAAAAAADJoyAzIWZBQakanooks8Z-BwBz4_gG-XGLQKeK0wIDJ6A7AAV36zxOAABz4_gG-XGLQKeK0wIDJ6A7AAWE6aMmAAA=,Aprobado- Factura  -  EN 9794 - Radicado 190402 - ENSAFE SAS - 01-2025-327 TOYO T2 S1 - NA,ef4fda10-6be6-4278-9ddc-3a83b862cdea.pdf,5065b83169529a002813d5b5ee292073ec3c702738b96cf0605301585281dcae0ebcd42cbd0803f7eb919c6719b1e86d,EN9794,2026-02-13,ef4fda10-6be6-4278-9ddc-3a83b862cdea.zip,ok,OK_REGISTRADA,7,,41.397,7,7,AIDX|SUBJECT,
20260425_210559_e7f2f245,2026-04-26T03:22:26,AAMkADkwZmQ0YTA5LWE0M2MtNDk3Ni1hMzUzLTE0OTQxZDcwZWExMgBGAAAAAADJoyAzIWZBQakanooks8Z-BwBz4_gG-XGLQKeK0wIDJ6A7AAV36zxOAABz4_gG-XGLQKeK0wIDJ6A7AAWE6aMlAAA=,Aprobado- Factura  -  FEL-258732 - Radicado 190220 - CENTRAL COMERCIALIZADORA DE INTERNET SAS - Dirección administrativa y financiera -Infraestructura - DIAN,FEL258732 - copia.pdf,45da748a873487227098db95060406ceee5cf86c4fddbc3f03c25e66a8caf391d59529493cab0689c1f79a33b1964f66,FEL-258732,2026-01-14,(PDF_APROBADAS_FALLBACK),ok_pdf_aprobadas_fallback,OK_REGISTRADA_FALLBACK_PDF,7,,62.04,7,7,PDF_APROBADAS|SUBJECT,
20260425_210559_e7f2f245,2026-04-26T03:23:27,AAMkADkwZmQ0YTA5LWE0M2MtNDk3Ni1hMzUzLTE0OTQxZDcwZWExMgBGAAAAAADJoyAzIWZBQakanooks8Z-BwBz4_gG-XGLQKeK0wIDJ6A7AAV36zxOAABz4_gG-XGLQKeK0wIDJ6A7AAWE6aMkAAA=,Aprobado- Factura  -  TQT-19372279 - Radicado 190147 - AEROVIAS DEL CONTINENTE AMERICANO SA AVIANCA - Icosaedro S.A.S. - DIAN,Aerovias 1.pdf,deb0c981f773212661467d27f927e82a4114ef08c682cb98424ad46734cec92709ca2de100da94c088a5fcc1c1690381,TQT-19372279,2026-02-03,(PDF_APROBADAS_FALLBACK),ok_pdf_aprobadas_fallback,OK_REGISTRADA_FALLBACK_PDF,7,,61.051,7,7,PDF_APROBADAS|SUBJECT,
20260425_210559_e7f2f245,2026-04-26T03:24:29,AAMkADkwZmQ0YTA5LWE0M2MtNDk3Ni1hMzUzLTE0OTQxZDcwZWExMgBGAAAAAADJoyAzIWZBQakanooks8Z-BwBz4_gG-XGLQKeK0wIDJ6A7AAV36zxOAABz4_gG-XGLQKeK0wIDJ6A7AAWE6aMjAAA=,Aprobado- Factura  -  TQT-19372278 - Radicado 190146 - AEROVIAS DEL CONTINENTE AMERICANO SA AVIANCA - Icosaedro S.A.S. - DIAN,Aerovias 2.pdf,9980449efba14d3ad701dc551a710f6dcc2158f4a1aee638808bf556d1ec8cf1541242e7f2850a906002e0a40c3e6641,TQT-19372278,2026-02-03,(PDF_APROBADAS_FALLBACK),ok_pdf_aprobadas_fallback,OK_REGISTRADA_FALLBACK_PDF,7,,61.438,7,7,PDF_APROBADAS|SUBJECT,
20260425_210559_e7f2f245,2026-04-26T03:25:33,AAMkADkwZmQ0YTA5LWE0M2MtNDk3Ni1hMzUzLTE0OTQxZDcwZWExMgBGAAAAAADJoyAzIWZBQakanooks8Z-BwBz4_gG-XGLQKeK0wIDJ6A7AAV36zxOAABz4_gG-XGLQKeK0wIDJ6A7AAWE6aMiAAA=,Aprobado- Factura  -  ECPH-1806 - Radicado 190145 - EDIFICIO CONEX PROPIEDAD HORIZONTAL - Icosaedro S.A.S. - DIAN,Conex Icosaedro enero 2026.pdf,d3215e5b5a351641be56dc48291603508ec2b8bccc01e5312db54dec1eb269fdc55171cc166f4140f7affddfc77d0a56,ECPH-1806,2026-02-02,(PDF_APROBADAS_FALLBACK),ok_pdf_aprobadas_fallback,OK_REGISTRADA_FALLBACK_PDF,7,,63.896,7,7,PDF_APROBADAS|SUBJECT,
20260425_210559_e7f2f245,2026-04-26T03:26:35,AAMkADkwZmQ0YTA5LWE0M2MtNDk3Ni1hMzUzLTE0OTQxZDcwZWExMgBGAAAAAADJoyAzIWZBQakanooks8Z-BwBz4_gG-XGLQKeK0wIDJ6A7AAV36zxOAABz4_gG-XGLQKeK0wIDJ6A7AAWE6aMhAAA=,Aprobado- Factura  -  ECPH-1807 - Radicado 190144 - EDIFICIO CONEX PROPIEDAD HORIZONTAL - Reserva Ventura S.A.S. - DIAN,Conex Reserva V ene 2026.pdf,00e2c0ef15de7a78db735650592052f20465e8d87f1b73eb02683e5f430e2c1382f0218ceb1b2cd608b31f94d7ca8ab2,ECPH-1807,2026-02-02,(PDF_APROBADAS_FALLBACK),ok_pdf_aprobadas_fallback,OK_REGISTRADA_FALLBACK_PDF,7,,62.302,7,7,PDF_APROBADAS|SUBJECT,
20260425_210559_e7f2f245,2026-04-26T03:27:05,AAMkADkwZmQ0YTA5LWE0M2MtNDk3Ni1hMzUzLTE0OTQxZDcwZWExMgBGAAAAAADJoyAzIWZBQakanooks8Z-BwBz4_gG-XGLQKeK0wIDJ6A7AAV36zxOAABz4_gG-XGLQKeK0wIDJ6A7AAWE6aMgAAA=,Aprobado- Factura  -  FE21004 - Radicado 190117 - NIMBUTECH SAS - TM Av. 68 - NA,fv09006729530002600006692.pdf,23893f288d0d598c4127a2f3a2afe3d90670a4f45835a134c0f4fd2cbbef10f48009b3c8756ebddd47e842ea0185a541,FE21004,2025-05-02,fv09006729530002600006692.zip,ok,OK_REGISTRADA,7,,30.25,7,7,AIDX|SUBJECT,
20260425_210559_e7f2f245,2026-04-26T03:27:34,AAMkADkwZmQ0YTA5LWE0M2MtNDk3Ni1hMzUzLTE0OTQxZDcwZWExMgBGAAAAAADJoyAzIWZBQakanooks8Z-BwBz4_gG-XGLQKeK0wIDJ6A7AAV36zxOAABz4_gG-XGLQKeK0wIDJ6A7AAWE6aMfAAA=,Aprobado- Factura de servicio público  -  12488743 - Radicado 190106 - ACUEDUCTO AGUA Y ALCANTARILLADO DE BOGOTA - Nica Inmuebles S.A.S. - ,1. Acueducto 5 nov-3 ene Apto 2501.pdf,,APTO2501,,(REGISTRO_MINIMO:sin_cufe_o_pdf_no_legible),ok_registro_minimo,REGISTRADA,7,,29.121,7,7,REGISTRO_MINIMO,sin_cufe_o_pdf_no_legible
20260425_210559_e7f2f245,2026-04-26T03:28:01,AAMkADkwZmQ0YTA5LWE0M2MtNDk3Ni1hMzUzLTE0OTQxZDcwZWExMgBGAAAAAADJoyAzIWZBQakanooks8Z-BwBz4_gG-XGLQKeK0wIDJ6A7AAV36zxOAABz4_gG-XGLQKeK0wIDJ6A7AAWE6aMeAAA=,Aprobado- Factura de servicio público  -  12372857 - Radicado 190105 - ACUEDUCTO AGUA Y ALCANTARILLADO DE BOGOTA - Nica Inmuebles S.A.S. - ,4. Factura Agua nov-ene Apto 601.pdf,dceeaeeeecc1111550bea1237285719894473818cd128cd66cd94cd94cd94cd66cd128cd1cd106cd53cd22cd5cd8cd19,ANTERIOR3523,,(PDF_APROBADAS_FALLBACK),ok_pdf_aprobadas_fallback,OK_REGISTRADA_FALLBACK_PDF,7,,26.526,7,7,PDF_APROBADAS|SUBJECT,
20260425_210559_e7f2f245,2026-04-26T03:28:41,AAMkADkwZmQ0YTA5LWE0M2MtNDk3Ni1hMzUzLTE0OTQxZDcwZWExMgBGAAAAAADJoyAzIWZBQakanooks8Z-BwBz4_gG-XGLQKeK0wIDJ6A7AAV36zxOAABz4_gG-XGLQKeK0wIDJ6A7AAWE6aMdAAA=,Aprobado- Factura  -  061274993 - Radicado 190099 - MERCADOPAGO COLOMBIA LTDA - Icosaedro S.A.S. - NA,ad090011631902726561620260202075928001.pdf,2ac7f654d652e469006359d7e9e006a7dca82131e8cd5651f366dc2f50891518adcef32bc9546ebff510625a585d85a6,061274993,,ad090011631902726561620260202075928001.zip,ok,OK_REGISTRADA,7,,39.582,7,7,AIDX|SUBJECT,
20260425_210559_e7f2f245,2026-04-26T03:29:27,AAMkADkwZmQ0YTA5LWE0M2MtNDk3Ni1hMzUzLTE0OTQxZDcwZWExMgBGAAAAAADJoyAzIWZBQakanooks8Z-BwBz4_gG-XGLQKeK0wIDJ6A7AAV36zxOAABz4_gG-XGLQKeK0wIDJ6A7AAWE6aMcAAA=,Aprobado- Factura  -  FE20989 - Radicado 190116 - NIMBUTECH SAS - Dirección administrativa y financiera -Tics - NA,fv09006729530002600006677.pdf,c5324554ff8c56520017389166154946bdf457117958b7f05bbf648c6358ad313ad3fb94124c23af4ca063d447782856,FE20989,2025-05-02,fv09006729530002600006677.zip,ok,OK_REGISTRADA,7,,46.314,7,7,AIDX|SUBJECT,
20260425_210559_e7f2f245,2026-04-26T03:29:58,AAMkADkwZmQ0YTA5LWE0M2MtNDk3Ni1hMzUzLTE0OTQxZDcwZWExMgBGAAAAAADJoyAzIWZBQakanooks8Z-BwBz4_gG-XGLQKeK0wIDJ6A7AAV36zxOAABz4_gG-XGLQKeK0wIDJ6A7AAWE6aMbAAA=,Aprobado- Factura  -  FE33804 - Radicado 190068 - EDIFICIO INFINITUM PROPIEDAD HORIZONTAL - Nica Inmuebles S.A.S. - NA,ad0901234432016260000840c.pdf,6cf6272c72cd8368ed7638716dd4010ac4aae5c96e613a79879974239244fbb8d4647205459fd5ea2daff79d9d9c177d,FE33804,2025-06-04,z0901234432016260000840c.zip,ok,OK_REGISTRADA,7,,31.115,7,7,AIDX|SUBJECT,
20260425_210559_e7f2f245,2026-04-26T03:30:22,AAMkADkwZmQ0YTA5LWE0M2MtNDk3Ni1hMzUzLTE0OTQxZDcwZWExMgBGAAAAAADJoyAzIWZBQakanooks8Z-BwBz4_gG-XGLQKeK0wIDJ6A7AAV36zxOAABz4_gG-XGLQKeK0wIDJ6A7AAWE6aMaAAA=,Aprobado- Póliza 900001133610 -  900001133610 - Radicado 190003 - SEGUROS GENERALES SURAMERICANA SA - Reserva Ventura S.A.S. - ,RENOVACION_02810559064212601259.pdf,faceeacdadfecabdc20260125ecadeededea0000ade20260224edacfcaadcac2602aaedaedecac028105590642126012,AP501,2026-01-25,(PDF_APROBADAS_FALLBACK),ok_pdf_aprobadas_fallback,OK_REGISTRADA_FALLBACK_PDF,7,,24.437,7,7,PDF_APROBADAS|SUBJECT,
20260425_210559_e7f2f245,2026-04-26T03:30:53,AAMkADkwZmQ0YTA5LWE0M2MtNDk3Ni1hMzUzLTE0OTQxZDcwZWExMgBGAAAAAADJoyAzIWZBQakanooks8Z-BwBz4_gG-XGLQKeK0wIDJ6A7AAV36zxOAABz4_gG-XGLQKeK0wIDJ6A7AAWE6aMZAAA=,Aprobado- Factura  -  FVN - 396464 - Radicado 190411 - VICTORIA BERNAL TRUJILLO - Pto. Gaitán – Pte. Arimena - NA,ad00517994950002600876036.pdf,31a862adf203ac39b79b3994d5352470b8935d1f008d570e28e7277cb86cd11a86ec0e824e51615392d3ec3573ba34ac,FVN-396464,2024-10-18,DE_FVN396464.zip,ok,OK_REGISTRADA,7,,30.186,7,7,AIDX|SUBJECT,
20260425_210559_e7f2f245,2026-04-26T03:31:22,AAMkADkwZmQ0YTA5LWE0M2MtNDk3Ni1hMzUzLTE0OTQxZDcwZWExMgBGAAAAAADJoyAzIWZBQakanooks8Z-BwBz4_gG-XGLQKeK0wIDJ6A7AAV36zxOAABz4_gG-XGLQKeK0wIDJ6A7AAWE6aMYAAA=,Aprobado- Factura  -  R41E – 432916 - Radicado 189919 - CREPES Y WAFFLES SA - Icosaedro S.A.S.,ad8600769190000R41E432916.pdf,b07a15267af6cd0a1cf0a24a1d7e8a4545dcefccfcb641b8ddd25fb15cd801f6068ddc8aa9bff45a24c8238afadc3d6f,R41,2025-05-13,ad8600769190000R41E432916.zip,ok,OK_REGISTRADA,7,,29.674,7,7,AIDX|SUBJECT,
20260425_210559_e7f2f245,2026-04-26T03:31:47,AAMkADkwZmQ0YTA5LWE0M2MtNDk3Ni1hMzUzLTE0OTQxZDcwZWExMgBGAAAAAADJoyAzIWZBQakanooks8Z-BwBz4_gG-XGLQKeK0wIDJ6A7AAV36zxOAABz4_gG-XGLQKeK0wIDJ6A7AAWE6aMXAAA=,Aprobado- Factura de servicio público  -  381232118-4 - Radicado 189896 - ENEL COLOMBIA SA ESP - Nica Inmuebles S.A.S.,3. Factura Enel dic-ene Apto 601.pdf,1098259271a1de20151123098ecafecedebcbace109825faaeee819a103a08a601edfcdeedabadcaabbaacaeae251149,RMAL2511492,2026-01-20,(PDF_APROBADAS_FALLBACK),ok_pdf_aprobadas_fallback,OK_REGISTRADA_FALLBACK_PDF,7,,24.67,7,7,PDF_APROBADAS|SUBJECT,
20260425_210559_e7f2f245,2026-04-26T03:32:17,AAMkADkwZmQ0YTA5LWE0M2MtNDk3Ni1hMzUzLTE0OTQxZDcwZWExMgBGAAAAAADJoyAzIWZBQakanooks8Z-BwBz4_gG-XGLQKeK0wIDJ6A7AAV36zxOAABz4_gG-XGLQKeK0wIDJ6A7AAWE6aMWAAA=,Aprobado- Factura  -  FBOG-512995 - Radicado 190274 - SOCIEDAD CAMERAL DE CERTIFICACION DIGITAL CERTICAMARA S A - Dirección administrativa y financiera -Compras - NA,pdf08300844330262600063903000007d3e3.pdf,dca483adc33e376b4f1d2fb2bea760e1f3ecac0082d5c810ffdb0e23e3c3f49155a70a03a1fc9fcfd0d1e220e3f3cb0f,FBOG-512995,2026-02-09,pdf08300844330262600063903000007d3e3.zip,ok,OK_REGISTRADA,7,,29.787,7,7,AIDX|SUBJECT,
20260425_210559_e7f2f245,2026-04-26T03:32:47,AAMkADkwZmQ0YTA5LWE0M2MtNDk3Ni1hMzUzLTE0OTQxZDcwZWExMgBGAAAAAADJoyAzIWZBQakanooks8Z-BwBz4_gG-XGLQKeK0wIDJ6A7AAV36zxOAABz4_gG-XGLQKeK0wIDJ6A7AAWE6aMVAAA=,Aprobado- Factura  -  FE95 - Radicado 190388 - BOCANEGRA TALENT MANAGEMENT - Dirección administrativa y financiera -Compras - NA,Factura electronica de venta FE95.pdf,7240b204450a183c7d9a56cb2dba2a8879aeb09ea75bf5f62aa5cb19e6d2dc7b012ac4f4501d0a16770725d136388d2f,FE95,2026-02-28,z09013077570212600000095.zip,ok,OK_REGISTRADA,7,,30.417,7,7,AIDX|SUBJECT,
20260425_210559_e7f2f245,2026-04-26T03:33:17,AAMkADkwZmQ0YTA5LWE0M2MtNDk3Ni1hMzUzLTE0OTQxZDcwZWExMgBGAAAAAADJoyAzIWZBQakanooks8Z-BwBz4_gG-XGLQKeK0wIDJ6A7AAV36zxOAABz4_gG-XGLQKeK0wIDJ6A7AAWE6aMUAAA=,Aprobado- Factura  -  HYSB 923680 - Radicado 190182 - H&S COMERCIALIZADORA SAS - Dirección administrativa y financiera -Compras - NA,fv09005163740082600002b89.pdf,10af10824aa33977616515df93d2792b55adef92c9103801f52bf46f77d3d285a426c7d54f096f229781118c05b1fd61,HYSB923680,2026-02-06,z09005163740082600002b89.zip,ok,OK_REGISTRADA,7,,30.177,7,7,AIDX|SUBJECT,
20260425_210559_e7f2f245,2026-04-26T03:33:47,AAMkADkwZmQ0YTA5LWE0M2MtNDk3Ni1hMzUzLTE0OTQxZDcwZWExMgBGAAAAAADJoyAzIWZBQakanooks8Z-BwBz4_gG-XGLQKeK0wIDJ6A7AAV36zxOAABz4_gG-XGLQKeK0wIDJ6A7AAWE6aMTAAA=,Aprobado- Factura  -  HYSB 923617 - Radicado 190154 - H&S COMERCIALIZADORA SAS - Dirección administrativa y financiera -Compras - NA,fv09005163740082600002a61.pdf,dd6ece1955ac6a56fa71f266a641c82f4eec6268474b02f3d1298b2fa3bede476b69dd1f1032c27e27c0c361f18f2e8e,HYSB923617,2026-02-05,z09005163740082600002a61.zip,ok,OK_REGISTRADA,7,,29.583,7,7,AIDX|SUBJECT,
20260425_210559_e7f2f245,2026-04-26T03:34:16,AAMkADkwZmQ0YTA5LWE0M2MtNDk3Ni1hMzUzLTE0OTQxZDcwZWExMgBGAAAAAADJoyAzIWZBQakanooks8Z-BwBz4_gG-XGLQKeK0wIDJ6A7AAV36zxOAABz4_gG-XGLQKeK0wIDJ6A7AAWE6aMSAAA=,Aprobado- Factura  -  FVN - 396062 - Radicado 190391 - VICTORIA BERNAL TRUJILLO - Dirección administrativa y financiera -Compras - NA,ad00517994950002600875543.pdf,cccba2630cff13854841cec2ef35f9fc6b3f699af3d11c0178580e2d707f4ec5cd76abb115409ffdfebd189db5ba08a6,FVN-396062,2024-10-18,DE_FVN396062.zip,ok,OK_REGISTRADA,7,,29.24,7,7,AIDX|SUBJECT,
20260425_210559_e7f2f245,2026-04-26T03:34:47,AAMkADkwZmQ0YTA5LWE0M2MtNDk3Ni1hMzUzLTE0OTQxZDcwZWExMgBGAAAAAADJoyAzIWZBQakanooks8Z-BwBz4_gG-XGLQKeK0wIDJ6A7AAV36zxOAABz4_gG-XGLQKeK0wIDJ6A7AAWE6aMRAAA=,Aprobado- Factura  -  FE 1944 - Radicado 190026 - SERVICIOS LOGISTICOS DE INGENIERIA SAS - Boyacá Red Terciaria - NA,190024.pdf,cad9b933a28e114f1dc38d97ba6938c1b4156bcf6d80d9ed3d086173730cab7964756b48d22a0dddc3fa1b229243b993,FE1944,2026-01-29,z09007230230082600000012.zip,ok,OK_REGISTRADA,7,,30.951,7,7,AIDX|SUBJECT,
20260425_210559_e7f2f245,2026-04-26T03:35:18,AAMkADkwZmQ0YTA5LWE0M2MtNDk3Ni1hMzUzLTE0OTQxZDcwZWExMgBGAAAAAADJoyAzIWZBQakanooks8Z-BwBz4_gG-XGLQKeK0wIDJ6A7AAV36zxOAABz4_gG-XGLQKeK0wIDJ6A7AAWE6aMQAAA=,Aprobado- Factura  -  AEMP13207 - Radicado 190087 - CABIFY EMPRESARIAL SAS - Dirección administrativa y financiera -Compras - NA,ad09016124380512600013207.pdf,df2982f5c6a0fcd59095826d6095269201a6a59cefac87229e42f78356162d249def5e633b3e5f6818b7723d31366dca,AEMP13207,2026-02-01,ad09016124380512600013207.zip,ok,OK_REGISTRADA,7,,31.133,7,7,AIDX|SUBJECT,
20260425_210559_e7f2f245,2026-04-26T03:35:48,AAMkADkwZmQ0YTA5LWE0M2MtNDk3Ni1hMzUzLTE0OTQxZDcwZWExMgBGAAAAAADJoyAzIWZBQakanooks8Z-BwBz4_gG-XGLQKeK0wIDJ6A7AAV36zxOAABz4_gG-XGLQKeK0wIDJ6A7AAWE6aMPAAA=,Aprobado- Factura  -  AEZY35290 - Radicado 190088 - CABIFY EMPRESARIAL SAS - Dirección administrativa y financiera -Compras - NA,ad09006105850512600035290.pdf,f06027247e914a0a01ae3e3f04bdaf990bd0c41f5193bcc811930714995c0d0116225c18457d4e36a55d932bb5cfb34a,AEZY35290,2026-02-01,ad09006105850512600035290.zip,ok,OK_REGISTRADA,7,,29.952,7,7,AIDX|SUBJECT,
20260425_210559_e7f2f245,2026-04-26T03:36:19,AAMkADkwZmQ0YTA5LWE0M2MtNDk3Ni1hMzUzLTE0OTQxZDcwZWExMgBGAAAAAADJoyAzIWZBQakanooks8Z-BwBz4_gG-XGLQKeK0wIDJ6A7AAV36zxOAABz4_gG-XGLQKeK0wIDJ6A7AAWE6aMOAAA=,Aprobado- Factura  -  FEL730 - Radicado 190263 - 7 CREATIVOS SAS - Dirección administrativa y financiera -Tics - NA,dian_FEL730.pdf,656af94c9552a47d53cedf4ae48d69ac0b050cf5884800a6efa318b2bdbbe9b948ed9e000bbb8402f757e771622debcb,FEL730,2025-02-13,FEL730.zip,ok,OK_REGISTRADA,7,,30.481,7,7,AIDX|SUBJECT,
20260425_210559_e7f2f245,2026-04-26T03:37:24,AAMkADkwZmQ0YTA5LWE0M2MtNDk3Ni1hMzUzLTE0OTQxZDcwZWExMgBGAAAAAADJoyAzIWZBQakanooks8Z-BwBz4_gG-XGLQKeK0wIDJ6A7AAV36zxOAABz4_gG-XGLQKeK0wIDJ6A7AAWE6aMNAAA=,Aprobado- Factura  -  GES-56 - Radicado 190405 - GESTION SOCIOAMBIENTAL DE COLOMBIA SAS - Variante Isnos - DIAN,82efbd88da8083f04f41dc1b5ba4f66dc3efc95eca4e0a7ee9fe9b8901964a8b97de968593539351d555d71d84a2967e.pdf,82efbd88da8083f04f41dc1b5ba4f66dc3efc95eca4e0a7ee9fe9b8901964a8b97de968593539351d555d71d84a2967e,GES-56,2026-02-15,(PDF_APROBADAS_FALLBACK),ok_pdf_aprobadas_fallback,OK_REGISTRADA_FALLBACK_PDF,7,,65.611,7,7,PDF_APROBADAS|SUBJECT,
20260425_210559_e7f2f245,2026-04-26T03:38:27,AAMkADkwZmQ0YTA5LWE0M2MtNDk3Ni1hMzUzLTE0OTQxZDcwZWExMgBGAAAAAADJoyAzIWZBQakanooks8Z-BwBz4_gG-XGLQKeK0wIDJ6A7AAV36zxOAABz4_gG-XGLQKeK0wIDJ6A7AAWE6aMMAAA=,Aprobado- Factura  -  FEV1668 - Radicado 190404 - DIANA MARCELA LUJAN MARTINEZ - Cartagena - Palestina - NA,pdf0024397911000260000001678.pdf,243979116daaaceaaaeaaaecaaeedaaacadcabccaccabcdeccdecccadccacdadefefdecaccecaacccfadeacadeddeaef,FEV1668,2025-10-24,(PDF_APROBADAS_FALLBACK),ok_pdf_aprobadas_fallback,OK_REGISTRADA_FALLBACK_PDF,7,,62.989,7,7,PDF_APROBADAS|SUBJECT,
20260425_210559_e7f2f245,2026-04-26T03:38:58,AAMkADkwZmQ0YTA5LWE0M2MtNDk3Ni1hMzUzLTE0OTQxZDcwZWExMgBGAAAAAADJoyAzIWZBQakanooks8Z-BwBz4_gG-XGLQKeK0wIDJ6A7AAV36zxOAABz4_gG-XGLQKeK0wIDJ6A7AAWE6aMLAAA=,Aprobado- Factura  -  83204 - Radicado 190403 - NATIVOS AEROPUERTO INTERNACIONAL MATECAÑA SAS - Cartagena - Palestina - NA,ad09014597440852600002298.pdf,849da988c8ff892ed9672486dc2691d7a75032c2a5994c1f45304491903b858518d8044ec6460d100d5d5fbc1938a864,83204,2026-02-13,z09014597440852600002298.zip,ok,OK_REGISTRADA,7,,30.546,7,7,AIDX|SUBJECT,
20260425_210559_e7f2f245,2026-04-26T03:39:29,AAMkADkwZmQ0YTA5LWE0M2MtNDk3Ni1hMzUzLTE0OTQxZDcwZWExMgBGAAAAAADJoyAzIWZBQakanooks8Z-BwBz4_gG-XGLQKeK0wIDJ6A7AAV36zxOAABz4_gG-XGLQKeK0wIDJ6A7AAWE6aMKAAA=,Aprobado- Factura  -  FE334528 - Radicado 190401 - LABORATORIO CLINICO COLMEDICOS IPS SAS - Cartago - Calarcá - NA,ad08000491040712639285276.pdf,683ec57f3e64a7d7b056e3a86aa85198b84cd1f40f59b48dd99f0f4d9a4a52e410e663c8562b402e512d8ee8075af9be,FE334528,2026-01-01,ad08000491040712639285276.zip,ok,OK_REGISTRADA,7,,31.575,7,7,AIDX|SUBJECT,
20260425_210559_e7f2f245,2026-04-26T03:40:02,AAMkADkwZmQ0YTA5LWE0M2MtNDk3Ni1hMzUzLTE0OTQxZDcwZWExMgBGAAAAAADJoyAzIWZBQakanooks8Z-BwBz4_gG-XGLQKeK0wIDJ6A7AAV36zxOAABz4_gG-XGLQKeK0wIDJ6A7AAWE6aMJAAA=,Aprobado- Factura  -  FEAC 25582 - Radicado 190312 - ALQUILER DE COMPUTADORES SAS - Dirección administrativa y financiera -Tics - NA,ORDEN DE COMPRA 023-02 JOYCO VENTA - COMBOS.pdf,d79c98289873ecaa932b8d961134590d3721f031881205109d074e93d21ac1e3611c0fa07623d683bbc819be0986a118,FEAC25582,2022-04-11,13297045-d463-4491-b56a-dd77c097f17c.zip,ok,OK_REGISTRADA,7,,32.684,7,7,AIDX|SUBJECT,
20260425_210559_e7f2f245,2026-04-26T03:40:32,AAMkADkwZmQ0YTA5LWE0M2MtNDk3Ni1hMzUzLTE0OTQxZDcwZWExMgBGAAAAAADJoyAzIWZBQakanooks8Z-BwBz4_gG-XGLQKeK0wIDJ6A7AAV36zxOAABz4_gG-XGLQKeK0wIDJ6A7AAWE6aMIAAA=,Aprobado- Factura  -  FE 1956 - Radicado 190141 - SERVICIOS LOGISTICOS DE INGENIERIA SAS - Cucutilla - Cornejo - NA,fv0900723023008260000001f.pdf,7525246fc21ca220884055401af2c1ee3cd35882ce5ada46be57fc73c0df03548827d385a4ec8a23f08a9901d5884d80,FE1956,2026-02-04,z0900723023008260000001f.zip,ok,OK_REGISTRADA,7,,30.044,7,7,AIDX|SUBJECT,
20260425_210559_e7f2f245,2026-04-26T03:40:58,AAMkADkwZmQ0YTA5LWE0M2MtNDk3Ni1hMzUzLTE0OTQxZDcwZWExMgBGAAAAAADJoyAzIWZBQakanooks8Z-BwBz4_gG-XGLQKeK0wIDJ6A7AAV36zxOAABz4_gG-XGLQKeK0wIDJ6A7AAWDaP7JAAA=,Aprobado- Factura  -  FVE1 - 16511 - Radicado 190153 - JENNIFER CAROLINA MERCHAN RUEDA - 199 SC_ 277-00-FAC CADEC N 1 - NA,dian_FVE116511.pdf,bcde6a803fc262bbceb75d8cd02001f57aca8364b59ebb94234eb1c2196e3f588e3e69b9f19307e95a28794e710f7111,FVE1-16511,2025-12-26,(PDF_APROBADAS_FALLBACK),ok_pdf_aprobadas_fallback,OK_REGISTRADA_FALLBACK_PDF,7,,25.942,7,7,PDF_APROBADAS|SUBJECT,
20260425_210559_e7f2f245,2026-04-26T03:41:30,AAMkADkwZmQ0YTA5LWE0M2MtNDk3Ni1hMzUzLTE0OTQxZDcwZWExMgBGAAAAAADJoyAzIWZBQakanooks8Z-BwBz4_gG-XGLQKeK0wIDJ6A7AAV36zxOAABz4_gG-XGLQKeK0wIDJ6A7AAWDaP7IAAA=,Aprobado- Factura  -  257-76156 - Radicado 190284 - AGENCIA DE VIAJES Y TURISMO AVIATUR S.A.S - Dirección administrativa y financiera -Compras - NA,ad08600000180442600090124.pdf,ea6ab5e0df4f3f07ed0ec9f8f1811cdedf1172b01c8775f4f79628504ca73175de7bcc9b300db4d27a9a527fcf73b7f9,25776156,2025-09-19,z08600000180442600090124.zip,ok,OK_REGISTRADA,7,,31.753,7,7,AIDX|SUBJECT,
20260425_210559_e7f2f245,2026-04-26T03:42:01,AAMkADkwZmQ0YTA5LWE0M2MtNDk3Ni1hMzUzLTE0OTQxZDcwZWExMgBGAAAAAADJoyAzIWZBQakanooks8Z-BwBz4_gG-XGLQKeK0wIDJ6A7AAV36zxOAABz4_gG-XGLQKeK0wIDJ6A7AAWDaP7HAAA=,Aprobado- Factura  -  257-76150 - Radicado 190271 - AGENCIA DE VIAJES Y TURISMO AVIATUR S.A.S - 01-2025-327 TOYO T2 S1 - NA,ad08600000180442600089107.pdf,06a568aaccb1fd09c49b4a2abef007a5b416ddcbefe89c30cc3467690e46aced144c14f50623596d5c262c44c603fa1d,25776150,2025-09-19,z08600000180442600089107.zip,ok,OK_REGISTRADA,7,,30.791,7,7,AIDX|SUBJECT,
20260425_210559_e7f2f245,2026-04-26T03:42:31,AAMkADkwZmQ0YTA5LWE0M2MtNDk3Ni1hMzUzLTE0OTQxZDcwZWExMgBGAAAAAADJoyAzIWZBQakanooks8Z-BwBz4_gG-XGLQKeK0wIDJ6A7AAV36zxOAABz4_gG-XGLQKeK0wIDJ6A7AAWDaP7GAAA=,Aprobado- Factura  -  257-76152 - Radicado 190278 - AGENCIA DE VIAJES Y TURISMO AVIATUR S.A.S - AMV Caquetá - NA,ad08600000180442600089724.pdf,65c9a3f746114097682921edd66e996ede125d547c57a0b06ee9492b75e280d43a5cfbe4c522e612b8390737f1208569,25776152,2025-09-19,z08600000180442600089724.zip,ok,OK_REGISTRADA,7,,30.629,7,7,AIDX|SUBJECT,
20260425_210559_e7f2f245,2026-04-26T03:43:03,AAMkADkwZmQ0YTA5LWE0M2MtNDk3Ni1hMzUzLTE0OTQxZDcwZWExMgBGAAAAAADJoyAzIWZBQakanooks8Z-BwBz4_gG-XGLQKeK0wIDJ6A7AAV36zxOAABz4_gG-XGLQKeK0wIDJ6A7AAWDaP7FAAA=,Aprobado- Factura  -  257-76155 - Radicado 190283 - AGENCIA DE VIAJES Y TURISMO AVIATUR S.A.S - Dirección administrativa y financiera -Compras - NA,ad08600000180442600090067.pdf,a19b82f0c551e0b14c064335ce6f999b926769de1279198e30d21927846c1195c7c693481d52e36d93a4d3d088ebd6aa,25776155,2025-09-19,z08600000180442600090067.zip,ok,OK_REGISTRADA,7,,31.854,7,7,AIDX|SUBJECT,
20260425_210559_e7f2f245,2026-04-26T03:43:37,AAMkADkwZmQ0YTA5LWE0M2MtNDk3Ni1hMzUzLTE0OTQxZDcwZWExMgBGAAAAAADJoyAzIWZBQakanooks8Z-BwBz4_gG-XGLQKeK0wIDJ6A7AAV36zxOAABz4_gG-XGLQKeK0wIDJ6A7AAWDaP7EAAA=,Aprobado- Factura  -  257-76153 - Radicado 190279 - AGENCIA DE VIAJES Y TURISMO AVIATUR S.A.S - Dirección administrativa y financiera -Compras - NA,ad08600000180442600089854.pdf,bfcfdc574c54ee768fec9e3236decedb58dc937ae37bc5199b261f7ffb91badad23b40604493b8005502eef72494c367,25776153,2025-09-19,z08600000180442600089854.zip,ok,OK_REGISTRADA,7,,33.581,7,7,AIDX|SUBJECT,
20260425_210559_e7f2f245,2026-04-26T03:44:07,AAMkADkwZmQ0YTA5LWE0M2MtNDk3Ni1hMzUzLTE0OTQxZDcwZWExMgBGAAAAAADJoyAzIWZBQakanooks8Z-BwBz4_gG-XGLQKeK0wIDJ6A7AAV36zxOAABz4_gG-XGLQKeK0wIDJ6A7AAWDaP7DAAA=,Aprobado- Factura  -  257-76086 - Radicado 190110 - AGENCIA DE VIAJES Y TURISMO AVIATUR S.A.S - 01-2025-327 TOYO T2 S1 - NA,ad08600000180442600073321.pdf,d6638caa382a86f8cb295282c1166615d553e6485820f37a73cad60ef6c8fc0414b894cfe2c15c710af8468769af9681,25776086,2025-09-19,z08600000180442600073321.zip,ok,OK_REGISTRADA,7,,30.197,7,7,AIDX|SUBJECT,
20260425_210559_e7f2f245,2026-04-26T03:44:38,AAMkADkwZmQ0YTA5LWE0M2MtNDk3Ni1hMzUzLTE0OTQxZDcwZWExMgBGAAAAAADJoyAzIWZBQakanooks8Z-BwBz4_gG-XGLQKeK0wIDJ6A7AAV36zxOAABz4_gG-XGLQKeK0wIDJ6A7AAWDaP7CAAA=,Aprobado- Factura  -  FE365 - Radicado 190327 - RESERVA VENTURA SAS - Dirección administrativa y financiera -Compras - NA,dian_FE365.pdf,d1cdd15ba501f45cb69c2cb66f011d9027109db9b18b6e71928d2385acd9848cc9ed94cab80268e6bd507e76fac4d6e1,FE365,2025-02-10,FE365.zip,ok,OK_REGISTRADA,7,,31.354,7,7,AIDX|SUBJECT,
20260425_210559_e7f2f245,2026-04-26T03:45:08,AAMkADkwZmQ0YTA5LWE0M2MtNDk3Ni1hMzUzLTE0OTQxZDcwZWExMgBGAAAAAADJoyAzIWZBQakanooks8Z-BwBz4_gG-XGLQKeK0wIDJ6A7AAV36zxOAABz4_gG-XGLQKeK0wIDJ6A7AAWDaP7BAAA=,Aprobado- Factura  -  FE364 - Radicado 190326 - RESERVA VENTURA SAS - Dirección administrativa y financiera -Compras - NA,dian_FE364.pdf,130cda37a9ced3c5261c75a97843c82ae6bfbf29bb5a78671fd4ea575db8fc32fa3d4a82b9d4e8fc755019dcfc566f1f,FE364,2025-02-10,FE364.zip,ok,OK_REGISTRADA,7,,29.848,7,7,AIDX|SUBJECT,
20260425_210559_e7f2f245,2026-04-26T03:45:39,AAMkADkwZmQ0YTA5LWE0M2MtNDk3Ni1hMzUzLTE0OTQxZDcwZWExMgBGAAAAAADJoyAzIWZBQakanooks8Z-BwBz4_gG-XGLQKeK0wIDJ6A7AAV36zxOAABz4_gG-XGLQKeK0wIDJ6A7AAWDaP7AAAA=,Aprobado- Factura  -  FE361 - Radicado 190325 - RESERVA VENTURA SAS - Dirección administrativa y financiera -Compras - NA,dian_FE361.pdf,5b091971f593591da2bad3b1332c2eadfb21b5e90e59a378a6b65466c7609794c8f04fa05272618df045a1cf03107a4a,FE361,2025-02-10,FE361.zip,ok,OK_REGISTRADA,7,,31.142,7,7,AIDX|SUBJECT,
20260425_210559_e7f2f245,2026-04-26T03:46:13,AAMkADkwZmQ0YTA5LWE0M2MtNDk3Ni1hMzUzLTE0OTQxZDcwZWExMgBGAAAAAADJoyAzIWZBQakanooks8Z-BwBz4_gG-XGLQKeK0wIDJ6A7AAV36zxOAABz4_gG-XGLQKeK0wIDJ6A7AAWDaP6-AAA=,Aprobado- Factura  -  ECO 34595 - Radicado 190353 - E-CONTAINERS SAS - FAC - Pto. Salgar - NA,366-11 Econtainers.pdf,d847e34f61838e44bb243802b35bffae39ecfda304e2baee1d3a4f89962fb0014c1620f2440e6ca704633048e47197ac,ECO34595,2022-04-11,z090064169200426f9556c72.zip,ok,OK_REGISTRADA,7,,33.437,7,7,AIDX|SUBJECT,
20260425_210559_e7f2f245,2026-04-26T03:46:44,AAMkADkwZmQ0YTA5LWE0M2MtNDk3Ni1hMzUzLTE0OTQxZDcwZWExMgBGAAAAAADJoyAzIWZBQakanooks8Z-BwBz4_gG-XGLQKeK0wIDJ6A7AAV36zxOAABz4_gG-XGLQKeK0wIDJ6A7AAWDaP6_AAA=,Aprobado- Factura  -  FE 2303 - Radicado 190358 - INTI SOLUCION INMOBILIARIA - 01-2025-327 TOYO T2 S1 - NA,fv10220974890082600000047.pdf,6dce0778cf63753bc5d3583e0b390a8cdabddf83d212b5a8489479ac3319426edc06274476ada0d9537099d7d484c5f6,FE2303,2026-02-20,z10220974890082600000047.zip,ok,OK_REGISTRADA,7,,31.286,7,7,AIDX|SUBJECT,
20260425_210559_e7f2f245,2026-04-26T03:47:46,AAMkADkwZmQ0YTA5LWE0M2MtNDk3Ni1hMzUzLTE0OTQxZDcwZWExMgBGAAAAAADJoyAzIWZBQakanooks8Z-BwBz4_gG-XGLQKeK0wIDJ6A7AAV36zxOAABz4_gG-XGLQKeK0wIDJ6A7AAWDaP69AAA=,Aprobado- Factura  -  SETG-980000003 - Radicado 190240 - GONZALEZ TILANO ANDREA - Dirección administrativa y financiera -Compras - DIAN,e1a4d7be6c5b23fe1709915332c4fb3afc7d177cdde91569be5cae74c10c388d57ec63e93320018f7038cf4329f4c357.pdf,e1a4d7be6c5b23fe1709915332c4fb3afc7d177cdde91569be5cae74c10c388d57ec63e93320018f7038cf4329f4c357,SETG-980000003,2026-02-06,(PDF_APROBADAS_FALLBACK),ok_pdf_aprobadas_fallback,OK_REGISTRADA_FALLBACK_PDF,7,,62.171,7,7,PDF_APROBADAS|SUBJECT,
20260425_210559_e7f2f245,2026-04-26T03:48:17,AAMkADkwZmQ0YTA5LWE0M2MtNDk3Ni1hMzUzLTE0OTQxZDcwZWExMgBGAAAAAADJoyAzIWZBQakanooks8Z-BwBz4_gG-XGLQKeK0wIDJ6A7AAV36zxOAABz4_gG-XGLQKeK0wIDJ6A7AAWDaP68AAA=,Aprobado- Factura  -  FE20018 - Radicado 190126 - EDIFICIO ELEMENTO PROPIEDAD HORIZONTAL - Dirección administrativa y financiera -Compras - NA,ad09010318630162600004e32.pdf,bb9eeb3b0ff66b84bd90df7ff075ea0b8b97249b35d327f973f48cbfbed45e4d460dfdcccfed1cfa4781ead5350a0687,FE20018,2026-02-03,z09010318630162600004e32.zip,ok,OK_REGISTRADA,7,,30.691,7,7,AIDX|SUBJECT,
20260425_210559_e7f2f245,2026-04-26T03:48:48,AAMkADkwZmQ0YTA5LWE0M2MtNDk3Ni1hMzUzLTE0OTQxZDcwZWExMgBGAAAAAADJoyAzIWZBQakanooks8Z-BwBz4_gG-XGLQKeK0wIDJ6A7AAV36zxOAABz4_gG-XGLQKeK0wIDJ6A7AAWDaP67AAA=,Aprobado- Factura  -  ARR106437 - Radicado 190066 - VIVIENDAS Y VALORES SA - Cucutilla - Cornejo - NA,ad08905013570002600003470.pdf,056a750f928a0a55310976b4b1acd973655f96659929e961240e9c3e6c21d0b5ea48cd3ab47e6c4ca41b02ea7727e060,ARR106437,2025-11-28,z08905013570002600003470.zip,ok,OK_REGISTRADA,7,,31.419,7,7,AIDX|SUBJECT,
20260425_210559_e7f2f245,2026-04-26T03:49:19,AAMkADkwZmQ0YTA5LWE0M2MtNDk3Ni1hMzUzLTE0OTQxZDcwZWExMgBGAAAAAADJoyAzIWZBQakanooks8Z-BwBz4_gG-XGLQKeK0wIDJ6A7AAV36zxOAABz4_gG-XGLQKeK0wIDJ6A7AAWDaP66AAA=,Aprobado- Factura  -  FEMA9851 - Radicado 190053 - DELGADO ECHEVERRI JUAN DAVID - Transv. Libertador - NA,dian_FEMA9851.pdf,5b93ec560670248b4bcd5ca56b16196afd9d50b477106fb0490790599750c844371b9afcb98e67651dfe414eb71623de,FEMA9851,2026-01-19,FEMA9851.zip,ok,OK_REGISTRADA,7,,30.604,7,7,AIDX|SUBJECT,
20260425_210559_e7f2f245,2026-04-26T03:49:51,AAMkADkwZmQ0YTA5LWE0M2MtNDk3Ni1hMzUzLTE0OTQxZDcwZWExMgBGAAAAAADJoyAzIWZBQakanooks8Z-BwBz4_gG-XGLQKeK0wIDJ6A7AAV36zxOAABz4_gG-XGLQKeK0wIDJ6A7AAWDaP65AAA=,Aprobado- Factura  -  FEA10 - Radicado 190047 - ALIS CRISTINA DIAZ BARRIOS - Pto. Gaitán – Pte. Arimena - NA,dian_FEA10.pdf,e00bd24b9d5eb8eedd4a3d26c56f67fb0a98ac92a1ef24a8a865f6ed29736a158e4e5b4de41c376df9044e0d80d7ed48,FEA10,2025-11-04,FEA10.zip,ok,OK_REGISTRADA,7,,31.786,7,7,AIDX|SUBJECT,
20260425_210559_e7f2f245,2026-04-26T03:50:20,AAMkADkwZmQ0YTA5LWE0M2MtNDk3Ni1hMzUzLTE0OTQxZDcwZWExMgBGAAAAAADJoyAzIWZBQakanooks8Z-BwBz4_gG-XGLQKeK0wIDJ6A7AAV36zxOAABz4_gG-XGLQKeK0wIDJ6A7AAWDaP64AAA=,Aprobado- Factura  -  FE 2254 - Radicado 190010 - INTI SOLUCION INMOBILIARIA - 01-2025-327 TOYO T2 S1 - NA,fv1022097489008260000000f.pdf,101786a5220372fb90aeb043e895cf8d8790f2282c5da5083f926adb339b3f84a80f338bd975932067259c629043f1b7,FE2254,2026-01-28,z1022097489008260000000f.zip,ok,OK_REGISTRADA,7,,29.854,7,7,AIDX|SUBJECT,
20260425_210559_e7f2f245,2026-04-26T03:50:51,AAMkADkwZmQ0YTA5LWE0M2MtNDk3Ni1hMzUzLTE0OTQxZDcwZWExMgBGAAAAAADJoyAzIWZBQakanooks8Z-BwBz4_gG-XGLQKeK0wIDJ6A7AAV36zxOAABz4_gG-XGLQKeK0wIDJ6A7AAWDaP63AAA=,Aprobado- Factura  -  FE334488 - Radicado 190351 - LABORATORIO CLINICO COLMEDICOS IPS SAS - Cucutilla - Cornejo - NA,FE334488.pdf,71bd6a3ca4d973f25b7f10bccaafc7e45184ec58c9e537ae5c795e3c92aa62e2b254f2511d27242fea06a8ae3bfdc25b,FE334488,2026-01-31,ad08000491040712630059073.zip,ok,OK_REGISTRADA,7,,30.052,7,7,AIDX|SUBJECT,
20260425_210559_e7f2f245,2026-04-26T03:51:15,AAMkADkwZmQ0YTA5LWE0M2MtNDk3Ni1hMzUzLTE0OTQxZDcwZWExMgBGAAAAAADJoyAzIWZBQakanooks8Z-BwBz4_gG-XGLQKeK0wIDJ6A7AAV36zxOAABz4_gG-XGLQKeK0wIDJ6A7AAWDaP62AAA=,Aprobado- Factura  -  6310007658 - Radicado 190390 - CAJA DE COMPENSACION FAMILIAR COMPENSAR - Joyco Consultores S.A.S. - NA,6310007658.pdf,,6310007658,,(REGISTRO_MINIMO:sin_cufe_o_pdf_no_legible),ok_registro_minimo,REGISTRADA,7,,24.697,7,7,REGISTRO_MINIMO,sin_cufe_o_pdf_no_legible
20260425_210559_e7f2f245,2026-04-26T03:51:47,AAMkADkwZmQ0YTA5LWE0M2MtNDk3Ni1hMzUzLTE0OTQxZDcwZWExMgBGAAAAAADJoyAzIWZBQakanooks8Z-BwBz4_gG-XGLQKeK0wIDJ6A7AAV36zxOAABz4_gG-XGLQKeK0wIDJ6A7AAWDaP61AAA=,Aprobado- Factura  -  HYSB 919688 - Radicado 190359 - H&S COMERCIALIZADORA SAS - Dirección administrativa y financiera -Compras - NA,fv09005163740082600000c0f.pdf,6dcbbb0145ba3fc5263276715439711a61eebd756850267a9a53c52dc8057787d6e0613d89742e57e0590a469205e441,HYSB919688,2026-01-13,z09005163740082600000c0f.zip,ok,OK_REGISTRADA,7,,31.812,7,7,AIDX|SUBJECT,
20260425_210559_e7f2f245,2026-04-26T03:52:18,AAMkADkwZmQ0YTA5LWE0M2MtNDk3Ni1hMzUzLTE0OTQxZDcwZWExMgBGAAAAAADJoyAzIWZBQakanooks8Z-BwBz4_gG-XGLQKeK0wIDJ6A7AAV36zxOAABz4_gG-XGLQKeK0wIDJ6A7AAWDaP60AAA=,Aprobado- Factura  -  X2632555457 - Radicado 190313 - COLOMBIANA DE COMERCIO S.A - Dirección administrativa y financiera -Compras - NA,ad08909009430062600305A3F.pdf,68c43c8a8d2e33da6c8ebac356395c18bd3bbc16507e53e86fec8f723bf4e62420872010ea5eeaee96b0027b429487d7,X2632555457,2026-02-10,ad08909009430062600305A3F.zip,ok,OK_REGISTRADA,7,,31.377,7,7,AIDX|SUBJECT,
20260425_210559_e7f2f245,2026-04-26T03:52:43,AAMkADkwZmQ0YTA5LWE0M2MtNDk3Ni1hMzUzLTE0OTQxZDcwZWExMgBGAAAAAADJoyAzIWZBQakanooks8Z-BwBz4_gG-XGLQKeK0wIDJ6A7AAV36zxOAABz4_gG-XGLQKeK0wIDJ6A7AAWDaP6zAAA=,Aprobado- Factura  -  8247091 - Radicado 190355 - ETB E.S.P. EMPRESA DE TELECOMUNICACIONES DE BOGOTA SA ESP - Dirección administrativa y financiera -Infraestructura - NA,ETB _ Fibra.pdf,deaedefacacfaca51664200cea12055944817ece910deaada8247091edefacaabeecedefacaacacadadaeaecbddeaede,8247091,2026-02-12,(PDF_APROBADAS_FALLBACK),ok_pdf_aprobadas_fallback,OK_REGISTRADA_FALLBACK_PDF,7,,24.195,7,7,PDF_APROBADAS|SUBJECT,
20260425_210559_e7f2f245,2026-04-26T03:53:07,AAMkADkwZmQ0YTA5LWE0M2MtNDk3Ni1hMzUzLTE0OTQxZDcwZWExMgBGAAAAAADJoyAzIWZBQakanooks8Z-BwBz4_gG-XGLQKeK0wIDJ6A7AAV36zxOAABz4_gG-XGLQKeK0wIDJ6A7AAWDaP6yAAA=,Aprobado- Factura  -  65FA51827 - Radicado 190357 - D1 SAS - Cucutilla - Cornejo - NA,fv09002769620212665FA51827.pdf,d1ad1aef4441234eda6a220044facadeeadeaadefacadeeadeaadeaeaefecadceeadadeccef65fa51827202602121250,CONTADO100,2026-02-12,(PDF_APROBADAS_FALLBACK),ok_pdf_aprobadas_fallback,OK_REGISTRADA_FALLBACK_PDF,7,,24.482,7,7,PDF_APROBADAS|SUBJECT,
20260425_210559_e7f2f245,2026-04-26T03:53:38,AAMkADkwZmQ0YTA5LWE0M2MtNDk3Ni1hMzUzLTE0OTQxZDcwZWExMgBGAAAAAADJoyAzIWZBQakanooks8Z-BwBz4_gG-XGLQKeK0wIDJ6A7AAV36zxOAABz4_gG-XGLQKeK0wIDJ6A7AAWCgnMWAAA=,Aprobado- Factura  -  EALT 16834 - Radicado 190350 - INVERSIONES BIENES Y SERVICIOS SAS - Red Férrea Atlántico - NA,fv090100935000826000005b7.pdf,bb62d97e6130a037a777e103ac5bf995bf2d31c46fd72bbbf0e98a94cd7e1a63d77882a349aba49ba1db5570c0233ffc,EALT16834,2026-02-12,z090100935000826000005b7.zip,ok,OK_REGISTRADA,7,,31.12,7,7,AIDX|SUBJECT,
20260425_210559_e7f2f245,2026-04-26T03:54:40,AAMkADkwZmQ0YTA5LWE0M2MtNDk3Ni1hMzUzLTE0OTQxZDcwZWExMgBGAAAAAADJoyAzIWZBQakanooks8Z-BwBz4_gG-XGLQKeK0wIDJ6A7AAV36zxOAABz4_gG-XGLQKeK0wIDJ6A7AAWCgnMVAAA=,Aprobado- Factura  -  FESS-1159 - Radicado 190346 - SERVINTEST SOLUCIONES S.A.S - TM Av. 68 - DIAN,dd351f2a59dd6d2d4d8e11cf369487ef7f0bd607b6d058e1c638a2908a3a63b39edffd6d1f9b91d96c46916473e3f7c5.pdf,dd351f2a59dd6d2d4d8e11cf369487ef7f0bd607b6d058e1c638a2908a3a63b39edffd6d1f9b91d96c46916473e3f7c5,FESS-1159,2026-02-02,(PDF_APROBADAS_FALLBACK),ok_pdf_aprobadas_fallback,OK_REGISTRADA_FALLBACK_PDF,7,,61.343,7,7,PDF_APROBADAS|SUBJECT,
20260425_210559_e7f2f245,2026-04-26T03:55:05,AAMkADkwZmQ0YTA5LWE0M2MtNDk3Ni1hMzUzLTE0OTQxZDcwZWExMgBGAAAAAADJoyAzIWZBQakanooks8Z-BwBz4_gG-XGLQKeK0wIDJ6A7AAV36zxOAABz4_gG-XGLQKeK0wIDJ6A7AAV-uBvJAAA=,Aprobado- Factura  -  FESS 1159 - Radicado 190340 - SERVINGTEST S.A.S - TM Av. 68 - NA,FESS 1159 JOYCO.pdf,,FESS1159,2026-03-02,(REGISTRO_MINIMO:match_zip_sin_filas),ok_registro_minimo,REGISTRADA,7,,25.122,7,7,REGISTRO_MINIMO,match_zip_sin_filas
20260425_210559_e7f2f245,2026-04-26T03:55:30,AAMkADkwZmQ0YTA5LWE0M2MtNDk3Ni1hMzUzLTE0OTQxZDcwZWExMgBGAAAAAADJoyAzIWZBQakanooks8Z-BwBz4_gG-XGLQKeK0wIDJ6A7AAV36zxOAABz4_gG-XGLQKeK0wIDJ6A7AAV-uBvIAAA=,Aprobado- Factura  -  3 - 292487326 - Radicado 190338 - COMCEL SA - Dirección administrativa y financiera -Infraestructura - NA,Factura_860067561-9_2026-FEBRERO.pdf,ccea8001539937cacdadcdadbacdadcdad8600675619deccc44b57a49deccdeccdeccfacaeeccadeea3292487326faca,487326300000013255,2026-02-05,(PDF_APROBADAS_FALLBACK),ok_pdf_aprobadas_fallback,OK_REGISTRADA_FALLBACK_PDF,7,,25.109,7,7,PDF_APROBADAS|SUBJECT,
20260425_210559_e7f2f245,2026-04-26T03:55:54,AAMkADkwZmQ0YTA5LWE0M2MtNDk3Ni1hMzUzLTE0OTQxZDcwZWExMgBGAAAAAADJoyAzIWZBQakanooks8Z-BwBz4_gG-XGLQKeK0wIDJ6A7AAV36zxOAABz4_gG-XGLQKeK0wIDJ6A7AAV-uBvHAAA=,Aprobado- Factura  -  SIN - Radicado 190337 - COOPERATIVA DE AHORRO Y CREDITO UNIMOS - TM Av. 68 - NA,CARTA_Consorcio_CJ_2020.pdf,b10defebede2026eeccc2020ecbacdaadaaedadceaaeadacdadaaaaaeacaeeaeeadcedeacabcaceafeaacadeaeecabad,DE2026,,(PDF_APROBADAS_FALLBACK),ok_pdf_aprobadas_fallback,OK_REGISTRADA_FALLBACK_PDF,7,,24.255,7,7,PDF_APROBADAS|SUBJECT,
20260425_210559_e7f2f245,2026-04-26T03:56:25,AAMkADkwZmQ0YTA5LWE0M2MtNDk3Ni1hMzUzLTE0OTQxZDcwZWExMgBGAAAAAADJoyAzIWZBQakanooks8Z-BwBz4_gG-XGLQKeK0wIDJ6A7AAV36zxOAABz4_gG-XGLQKeK0wIDJ6A7AAV-uBvGAAA=,Aprobado- Factura  -  HYSB 924448 - Radicado 190317 - H&S COMERCIALIZADORA SAS - Dirección administrativa y financiera -Compras - NA,fv0900516374008260000305c.pdf,0617153b1eea8b7da51f38e8484f2b4ec67b5142144514f7416f7c9f006a96486a73ab082b201bdc16fa26ea66f02e0f,HYSB924448,2026-02-10,z0900516374008260000305c.zip,ok,OK_REGISTRADA,7,,31.049,7,7,AIDX|SUBJECT,
20260425_210559_e7f2f245,2026-04-26T03:56:57,AAMkADkwZmQ0YTA5LWE0M2MtNDk3Ni1hMzUzLTE0OTQxZDcwZWExMgBGAAAAAADJoyAzIWZBQakanooks8Z-BwBz4_gG-XGLQKeK0wIDJ6A7AAV36zxOAABz4_gG-XGLQKeK0wIDJ6A7AAV-uBvFAAA=,Aprobado- Factura  -  EALT 16798 - Radicado 190339 - INVERSIONES BIENES Y SERVICIOS SAS - Red Férrea Atlántico - NA,fv09010093500082600000593.pdf,a9719e22afac8c3023de223be5b18b99adf3cf215058bdb4dcd8db877e9b351fea8a2a8ff0780b56b9cfd578952c40de,EALT16798,2026-02-11,z09010093500082600000593.zip,ok,OK_REGISTRADA,7,,31.857,7,7,AIDX|SUBJECT,
20260425_210559_e7f2f245,2026-04-26T03:57:21,AAMkADkwZmQ0YTA5LWE0M2MtNDk3Ni1hMzUzLTE0OTQxZDcwZWExMgBGAAAAAADJoyAzIWZBQakanooks8Z-BwBz4_gG-XGLQKeK0wIDJ6A7AAV36zxOAABz4_gG-XGLQKeK0wIDJ6A7AAV-uBvEAAA=,Aprobado- Factura  -  SIN  - Radicado 190336 - COOPERATIVA DE AHORRO Y CREDITO UNIMOS - Cartago - Calarcá - NA,CARTA_Consorcio_Intervial_Andino.pdf,b10defebede2026eecceaadecbacdaadaaedadceaaeadacdadaaaaaeacaeeaeeadcedeacabcaceafeaacadeaeecabade,DE2026,,(PDF_APROBADAS_FALLBACK),ok_pdf_aprobadas_fallback,OK_REGISTRADA_FALLBACK_PDF,7,,24.213,7,7,PDF_APROBADAS|SUBJECT,
20260425_210559_e7f2f245,2026-04-26T03:57:51,AAMkADkwZmQ0YTA5LWE0M2MtNDk3Ni1hMzUzLTE0OTQxZDcwZWExMgBGAAAAAADJoyAzIWZBQakanooks8Z-BwBz4_gG-XGLQKeK0wIDJ6A7AAV36zxOAABz4_gG-XGLQKeK0wIDJ6A7AAV-uBvDAAA=,Aprobado- Factura  -  BEC507182603 - Radicado 190335 - COLOMBIA TELECOMUNICACIONES SA ESP - Red Férrea Atlántico - NA,RepGrafica_BEC507182603.pdf,03ee0139808b3f5c2650ae21f07288fee6358f6d80b186241cfbec2e16289ebb789dd233f500f6aa029f9ee2a49e60f9,BEC507182603,2025-10-21,6074328013.zip,ok,OK_REGISTRADA,7,,29.803,7,7,AIDX|SUBJECT,
20260425_210559_e7f2f245,2026-04-26T03:58:15,AAMkADkwZmQ0YTA5LWE0M2MtNDk3Ni1hMzUzLTE0OTQxZDcwZWExMgBGAAAAAADJoyAzIWZBQakanooks8Z-BwBz4_gG-XGLQKeK0wIDJ6A7AAV36zxOAABz4_gG-XGLQKeK0wIDJ6A7AAV-uBvCAAA=,Aprobado- Factura  -  SIN  - Radicado 190334 - COOPERATIVA DE AHORRO Y CREDITO UNIMOS - Joyco Consultores S.A.S. - NA,CARTA_Joyco_Consultores_S.A.S.pdf,b10defebede2026eecceaecbacdaadaaedadceaaeadacdadaaaaaeacaeeaeeadcedeacabcaceafeaacadeaeecabadeaa,DE2026,,(PDF_APROBADAS_FALLBACK),ok_pdf_aprobadas_fallback,OK_REGISTRADA_FALLBACK_PDF,7,,23.891,7,7,PDF_APROBADAS|SUBJECT,
20260425_210559_e7f2f245,2026-04-26T03:58:46,AAMkADkwZmQ0YTA5LWE0M2MtNDk3Ni1hMzUzLTE0OTQxZDcwZWExMgBGAAAAAADJoyAzIWZBQakanooks8Z-BwBz4_gG-XGLQKeK0wIDJ6A7AAV36zxOAABz4_gG-XGLQKeK0wIDJ6A7AAV-uBvBAAA=,Aprobado- Factura  -  EN 9779 - Radicado 190282 - ENSAFE SAS - Dirección administrativa y financiera -Compras - NA,887c891a-59db-4d16-8d66-6c9c1eb1c828.pdf,31b97f202b67627fbb9dadf0552e1d2d78df02e66fde09adf08a76fea24b68da23418bee28a302c8f4ce21b9252ef228,EN9779,2026-02-09,887c891a-59db-4d16-8d66-6c9c1eb1c828.zip,ok,OK_REGISTRADA,7,,30.937,7,7,AIDX|SUBJECT,
20260425_210559_e7f2f245,2026-04-26T03:59:18,AAMkADkwZmQ0YTA5LWE0M2MtNDk3Ni1hMzUzLTE0OTQxZDcwZWExMgBGAAAAAADJoyAzIWZBQakanooks8Z-BwBz4_gG-XGLQKeK0wIDJ6A7AAV36zxOAABz4_gG-XGLQKeK0wIDJ6A7AAV-uBvAAAA=,Aprobado- Factura  -  EN 9778 - Radicado 190281 - ENSAFE SAS - Cucutilla - Cornejo - NA,1a5024ea-d6c1-4261-b5c9-501151e491a0.pdf,6e46d3e4001f2fb08a6f9cc41d8bdd1fd9c0f3be9b55206b5d1e076aa88db714273904c6dc4b1df711f01e90015493e1,EN9778,2026-02-09,1a5024ea-d6c1-4261-b5c9-501151e491a0.zip,ok,OK_REGISTRADA,7,,32.253,7,7,AIDX|SUBJECT,
20260425_210559_e7f2f245,2026-04-26T04:00:08,AAMkADkwZmQ0YTA5LWE0M2MtNDk3Ni1hMzUzLTE0OTQxZDcwZWExMgBGAAAAAADJoyAzIWZBQakanooks8Z-BwBz4_gG-XGLQKeK0wIDJ6A7AAV36zxOAABz4_gG-XGLQKeK0wIDJ6A7AAV-uBu-AAA=,Aprobado- Factura  -  FEED6167 - Radicado 190261 - EXTRA DOTACIONES SAS - 01-2025-327 TOYO T2 S1 - NA,190261.pdf,7ada6b8266c12cc54acb2508a52f96957d2914bf34a79a103c2c33f872ac50abe936cb51606b3496776d7e48d1a823b7,FEED6167,2026-02-09,z09012824140852600000096.zip,ok,OK_REGISTRADA,7,,49.965,7,7,AIDX|SUBJECT,
20260425_210559_e7f2f245,2026-04-26T04:00:42,AAMkADkwZmQ0YTA5LWE0M2MtNDk3Ni1hMzUzLTE0OTQxZDcwZWExMgBGAAAAAADJoyAzIWZBQakanooks8Z-BwBz4_gG-XGLQKeK0wIDJ6A7AAV36zxOAABz4_gG-XGLQKeK0wIDJ6A7AAV-uBu_AAA=,Aprobado- Factura  -  FEED6166 - Radicado 190259 - EXTRA DOTACIONES SAS - 02-2025-191 Señalización SDM - NA,ad09012824140852600000095.pdf,91e049ab62c06a230241842f7d71ca7a4063933d60f8dd09aa2738990bfded043dcbbdb1589773ccdd958132cb34b518,FEED6166,2026-02-09,z09012824140852600000095.zip,ok,OK_REGISTRADA,7,,33.565,7,7,AIDX|SUBJECT,
20260425_210559_e7f2f245,2026-04-26T04:01:12,AAMkADkwZmQ0YTA5LWE0M2MtNDk3Ni1hMzUzLTE0OTQxZDcwZWExMgBGAAAAAADJoyAzIWZBQakanooks8Z-BwBz4_gG-XGLQKeK0wIDJ6A7AAV36zxOAABz4_gG-XGLQKeK0wIDJ6A7AAV-uBu9AAA=,Aprobado- Factura  -  FEED6165 - Radicado 190258 - EXTRA DOTACIONES SAS - 01-2025-327 TOYO T2 S1 - NA,ad09012824140852600000094.pdf,04d22c1a09caf5afaf4f562403e2d02271f61510c909e0f4714473f5a0595a033998c0233c06f543131ca6c883ff0d5f,FEED6165,2026-02-09,z09012824140852600000094.zip,ok,OK_REGISTRADA,7,,30.923,7,7,AIDX|SUBJECT,
20260425_210559_e7f2f245,2026-04-26T04:01:42,AAMkADkwZmQ0YTA5LWE0M2MtNDk3Ni1hMzUzLTE0OTQxZDcwZWExMgBGAAAAAADJoyAzIWZBQakanooks8Z-BwBz4_gG-XGLQKeK0wIDJ6A7AAV36zxOAABz4_gG-XGLQKeK0wIDJ6A7AAV-uBu8AAA=,Aprobado- Factura  -  FEED6164 - Radicado 190257 - EXTRA DOTACIONES SAS - Cartago - Calarcá - NA,ad09012824140852600000093.pdf,e697fba5b74ef3a6b2943ac2777038216f733d55b7779998f894572df23730d27f8fdf67b8b04b1b913f3cd901bdd1bf,FEED6164,2026-02-09,z09012824140852600000093.zip,ok,OK_REGISTRADA,7,,29.59,7,7,AIDX|SUBJECT,
20260425_210559_e7f2f245,2026-04-26T04:02:12,AAMkADkwZmQ0YTA5LWE0M2MtNDk3Ni1hMzUzLTE0OTQxZDcwZWExMgBGAAAAAADJoyAzIWZBQakanooks8Z-BwBz4_gG-XGLQKeK0wIDJ6A7AAV36zxOAABz4_gG-XGLQKeK0wIDJ6A7AAV-uBu7AAA=,Aprobado- Factura  -  FEED6163 - Radicado 190256 - EXTRA DOTACIONES SAS - Cartagena - Palestina - NA,ad09012824140852600000092.pdf,5d3e58d0a2f0555494438e3660812cef1b3ae08f4867c62ead7212a7dce64f17c411f04f735731b2d9fd231ecd2cf1c3,FEED6163,2026-02-09,z09012824140852600000092.zip,ok,OK_REGISTRADA,7,,30.334,7,7,AIDX|SUBJECT,
20260425_210559_e7f2f245,2026-04-26T04:02:44,AAMkADkwZmQ0YTA5LWE0M2MtNDk3Ni1hMzUzLTE0OTQxZDcwZWExMgBGAAAAAADJoyAzIWZBQakanooks8Z-BwBz4_gG-XGLQKeK0wIDJ6A7AAV36zxOAABz4_gG-XGLQKeK0wIDJ6A7AAV-uBu6AAA=,Aprobado- Factura  -  CPFP 199369 - Radicado 190251 - COMPAÑIA PAPELERA NACIONAL SAS - Dirección administrativa y financiera -Compras - NA,ad09000094950162600030ac9.pdf,59a24551d2b8c1442b453a7103d0aabb58eed0304368d7c0b778c624e09d8c05a9dfec090039df8ea60bd9d2285ea298,CPFP199369,2025-04-11,z09000094950162600030ac9.zip,ok,OK_REGISTRADA,7,,31.513,7,7,AIDX|SUBJECT,
20260425_210559_e7f2f245,2026-04-26T04:03:15,AAMkADkwZmQ0YTA5LWE0M2MtNDk3Ni1hMzUzLTE0OTQxZDcwZWExMgBGAAAAAADJoyAzIWZBQakanooks8Z-BwBz4_gG-XGLQKeK0wIDJ6A7AAV36zxOAABz4_gG-XGLQKeK0wIDJ6A7AAV-uBu5AAA=,Aprobado- Factura  -  FVE 431 - Radicado 190330 - SINERGING SAS - L.T. Guaymaral - NA,fv09007829140082600000007.pdf,b8923e429762460fab5713da64f34923924d0b928edefd91e3f6c30f95cf56a258c4b72ec22424adeb35e3a6ac95ed19,FVE431,2026-04-12,z09007829140082600000007.zip,ok,OK_REGISTRADA,7,,30.866,7,7,AIDX|SUBJECT,
20260425_210559_e7f2f245,2026-04-26T04:03:39,AAMkADkwZmQ0YTA5LWE0M2MtNDk3Ni1hMzUzLTE0OTQxZDcwZWExMgBGAAAAAADJoyAzIWZBQakanooks8Z-BwBz4_gG-XGLQKeK0wIDJ6A7AAV36zxOAABz4_gG-XGLQKeK0wIDJ6A7AAV-uBu4AAA=,Aprobado- Factura  -  FEVS 2828 - Radicado 190331 - JW TECHNOLOGY SAS - Tolima Red Terciaria - NA,FVS-0000002828 MONTAJE PARA LLANTA DE REPUESTO PLACA JOQ 725 RENAULT OROCH.pdf,be7a456c0af7f2117b2dd079052e3bf7217a190f9a5129cea1908fc38c35a3250e48571b34785d4eeae8994b6c64ae7c,FEVS2828,,(PDF_APROBADAS_FALLBACK),ok_pdf_aprobadas_fallback,OK_REGISTRADA_FALLBACK_PDF,7,,24.171,7,7,PDF_APROBADAS|SUBJECT,
20260425_210559_e7f2f245,2026-04-26T04:04:18,AAMkADkwZmQ0YTA5LWE0M2MtNDk3Ni1hMzUzLTE0OTQxZDcwZWExMgBGAAAAAADJoyAzIWZBQakanooks8Z-BwBz4_gG-XGLQKeK0wIDJ6A7AAV36zxOAABz4_gG-XGLQKeK0wIDJ6A7AAV-uBu3AAA=,Aprobado- Factura  -  FCII 1172876 - Radicado 190049 - TELESENTINEL LTDA - Reserva Ventura S.A.S. - NA,Pagos.pdf,e40c1fa1214677c3d65a36dcb06ecbec065fa819e7d3c316e070aa3ea08dba695a9c0bb609a155e8bad0144177ff6e6a,FCII1172876,,z08000148750072601172876.zip,ok,OK_REGISTRADA,7,,38.943,7,7,AIDX|SUBJECT,
20260425_210559_e7f2f245,2026-04-26T04:04:50,AAMkADkwZmQ0YTA5LWE0M2MtNDk3Ni1hMzUzLTE0OTQxZDcwZWExMgBGAAAAAADJoyAzIWZBQakanooks8Z-BwBz4_gG-XGLQKeK0wIDJ6A7AAV36zxOAABz4_gG-XGLQKeK0wIDJ6A7AAV-uBu2AAA=,Aprobado- Factura  -  011J18127 - Radicado 190318 - SOLUCIONES MAF SAS - Red Férrea Atlántico - NA,fv08020081920152600018127.pdf,74c05404c4278ef4477e1670a2788aaa9ebd1c51771fb8f9b578ae2f546ebbac7072f01ae0500a76ee81f9a8ee44116a,011J18127,2025-07-10,z08020081920152600018127.zip,ok,OK_REGISTRADA,7,,31.848,7,7,AIDX|SUBJECT,
20260425_210559_e7f2f245,2026-04-26T04:05:15,AAMkADkwZmQ0YTA5LWE0M2MtNDk3Ni1hMzUzLTE0OTQxZDcwZWExMgBGAAAAAADJoyAzIWZBQakanooks8Z-BwBz4_gG-XGLQKeK0wIDJ6A7AAV36zxOAABz4_gG-XGLQKeK0wIDJ6A7AAV-uBu1AAA=,Aprobado- Factura  -  5474449272 - Radicado 190267 - GOOGLE LLC - Dirección administrativa y financiera -Tics - NA,joyco.co (8).pdf,ec1600aeaeaeca94043edaeefedeadedefcacfca770493581facaedefaca5474449272facaacabcadacae266976eafca,5474449272,,(PDF_APROBADAS_FALLBACK),ok_pdf_aprobadas_fallback,OK_REGISTRADA_FALLBACK_PDF,7,,25.182,7,7,PDF_APROBADAS|SUBJECT,
20260425_210559_e7f2f245,2026-04-26T04:05:39,AAMkADkwZmQ0YTA5LWE0M2MtNDk3Ni1hMzUzLTE0OTQxZDcwZWExMgBGAAAAAADJoyAzIWZBQakanooks8Z-BwBz4_gG-XGLQKeK0wIDJ6A7AAV36zxOAABz4_gG-XGLQKeK0wIDJ6A7AAV-uBu0AAA=,Aprobado- Factura  -  OSSQQ1B6-0008 - Radicado 190268 - CHATGPT - Dirección administrativa y financiera -Tics - NA,OpenAI (3).pdf,cecebe1b60008daefedaedeaa252026aa252026eacc14553deeafacccafa94158edaeaeacbaaaaacae266976adbaccda,OSSQQ1,,(PDF_APROBADAS_FALLBACK),ok_pdf_aprobadas_fallback,OK_REGISTRADA_FALLBACK_PDF,7,,24.405,7,7,PDF_APROBADAS|SUBJECT,
20260425_210559_e7f2f245,2026-04-26T04:06:07,AAMkADkwZmQ0YTA5LWE0M2MtNDk3Ni1hMzUzLTE0OTQxZDcwZWExMgBGAAAAAADJoyAzIWZBQakanooks8Z-BwBz4_gG-XGLQKeK0wIDJ6A7AAV36zxOAABz4_gG-XGLQKeK0wIDJ6A7AAV-uBuzAAA=,Aprobado- Factura  -  355150 - Radicado 190269 - PERFMATTERS - Dirección administrativa y financiera -Tics - NA,Perfmatters (2).pdf,,355150,,(REGISTRO_MINIMO:sin_cufe_o_pdf_no_legible),ok_registro_minimo,REGISTRADA,7,,27.171,7,7,REGISTRO_MINIMO,sin_cufe_o_pdf_no_legible
20260425_210559_e7f2f245,2026-04-26T04:06:38,AAMkADkwZmQ0YTA5LWE0M2MtNDk3Ni1hMzUzLTE0OTQxZDcwZWExMgBGAAAAAADJoyAzIWZBQakanooks8Z-BwBz4_gG-XGLQKeK0wIDJ6A7AAV36zxOAABz4_gG-XGLQKeK0wIDJ6A7AAV-uBuyAAA=,Aprobado- Factura  -  CL81574 - Radicado 190260 - SUMMAR PROCESOS S.A.S - Red Férrea Atlántico - NA,ad080012531302726725520260209121546294.pdf,358a7489c23a6e76585cd77aaeb890085d9791ae9e0cdb4ae6fde40606c2873bfc2150bc1461a5bc39dcd5f30c42a162,CL81574,2026-02-09,ad080012531302726725520260209121546294.zip,ok,OK_REGISTRADA,7,,31.663,7,7,AIDX|SUBJECT,
20260425_210559_e7f2f245,2026-04-26T04:07:08,AAMkADkwZmQ0YTA5LWE0M2MtNDk3Ni1hMzUzLTE0OTQxZDcwZWExMgBGAAAAAADJoyAzIWZBQakanooks8Z-BwBz4_gG-XGLQKeK0wIDJ6A7AAV36zxOAABz4_gG-XGLQKeK0wIDJ6A7AAV-uBuxAAA=,Aprobado- Factura  -  CHFE2364 - Radicado 190239 - ECHEVERRI PEREZ FRANCISCO NORVEY - 01-2025-327 TOYO T2 S1 - NA,fv98544678232600002364.pdf,459ddeb2dd8486c36c124891ff3a8f82274be0df521df12c20c2504aee88be5a5399339decde81136ebb356328d01915,CHFE2364,2026-02-06,fv98544678232600002364.zip,ok,OK_REGISTRADA,7,,29.954,7,7,AIDX|SUBJECT,
20260425_210559_e7f2f245,2026-04-26T04:07:38,AAMkADkwZmQ0YTA5LWE0M2MtNDk3Ni1hMzUzLTE0OTQxZDcwZWExMgBGAAAAAADJoyAzIWZBQakanooks8Z-BwBz4_gG-XGLQKeK0wIDJ6A7AAV36zxOAABz4_gG-XGLQKeK0wIDJ6A7AAV-uBuwAAA=,Aprobado- Factura  -  FVEM 892 - Radicado 190254 - SISTEMAS INTEGRALES EN SALUD OCUPACIONAL LTDA - Joyco Consultores S.A.S. - NA,descarga.pdf,b52729402fb05e70698a81c52ebb87812b647ac37138d69b3272e1385db2956448d683ff59bf7bd457d86f707bc92ac3,FVEM892,2026-02-09,z08300722080082600000065.zip,ok,OK_REGISTRADA,7,,29.957,7,7,AIDX|SUBJECT,
20260425_210559_e7f2f245,2026-04-26T04:08:10,AAMkADkwZmQ0YTA5LWE0M2MtNDk3Ni1hMzUzLTE0OTQxZDcwZWExMgBGAAAAAADJoyAzIWZBQakanooks8Z-BwBz4_gG-XGLQKeK0wIDJ6A7AAV36zxOAABz4_gG-XGLQKeK0wIDJ6A7AAV-uBuvAAA=,Aprobado- Factura  -  FVEC 1196 - Radicado 190253 - SISTEMAS INTEGRALES EN SALUD OCUPACIONAL LTDA - Joyco Consultores S.A.S. - NA,190253.pdf,037aaa65e45fe290725a6a88c3e67dfa0192d62eadc74d0ac2b6bb14155c71f694588031b2587e3c0edb158ba52fb65e,FVEC1196,2026-02-09,z08300722080082600000064.zip,ok,OK_REGISTRADA,7,,31.928,7,7,AIDX|SUBJECT,
20260425_210559_e7f2f245,2026-04-26T04:08:41,AAMkADkwZmQ0YTA5LWE0M2MtNDk3Ni1hMzUzLTE0OTQxZDcwZWExMgBGAAAAAADJoyAzIWZBQakanooks8Z-BwBz4_gG-XGLQKeK0wIDJ6A7AAV36zxOAABz4_gG-XGLQKeK0wIDJ6A7AAV-uBuuAAA=,Aprobado- Factura  -  AFSV 143 - Radicado 190250 - CONTRERAS NUVAN WILSON - AMV Caquetá - NA,fv001764077000826000000b5.pdf,46bd8573f66366feb325b40c205fb701be52c40082c7179206cd28b14c9426804e14a4b33b2a98dce7feeab1780bb06a,AFSV143,2026-02-09,z001764077000826000000b5.zip,ok,OK_REGISTRADA,7,,31.285,7,7,AIDX|SUBJECT,
20260425_210559_e7f2f245,2026-04-26T04:09:12,AAMkADkwZmQ0YTA5LWE0M2MtNDk3Ni1hMzUzLTE0OTQxZDcwZWExMgBGAAAAAADJoyAzIWZBQakanooks8Z-BwBz4_gG-XGLQKeK0wIDJ6A7AAV36zxOAABz4_gG-XGLQKeK0wIDJ6A7AAV-uButAAA=,Aprobado- Factura  -  886 - Radicado 190150 - IVAN JARAMILLO JARAMILLO - TM Av. 68 - NA,fv00193522270082600000004.pdf,abbe2925691d33561dba2d96e0af21cf4b949bbc9bebd51f9bca843e63649302db45cd364e25c0b9c2109dccc0e8f537,886,2026-02-05,z00193522270082600000004.zip,ok,OK_REGISTRADA,7,,30.768,7,7,AIDX|SUBJECT,
20260425_210559_e7f2f245,2026-04-26T04:10:13,AAMkADkwZmQ0YTA5LWE0M2MtNDk3Ni1hMzUzLTE0OTQxZDcwZWExMgBGAAAAAADJoyAzIWZBQakanooks8Z-BwBz4_gG-XGLQKeK0wIDJ6A7AAV36zxOAABz4_gG-XGLQKeK0wIDJ6A7AAV-uBusAAA=,Aprobado- Factura  -  GL07-1224458 - Radicado 190200 - GASEOSAS LUX SAS - TM Av. 68 - DIAN,GL071224458 GASEOSAS LUX S.A.S_.pdf,12d14f2001d9741a75010c861931b5718e42a7985cc10775e7ec1a3909e2f977748f635a8e11262ab116094ba172363e,GL07-1224458,2026-01-21,(PDF_APROBADAS_FALLBACK),ok_pdf_aprobadas_fallback,OK_REGISTRADA_FALLBACK_PDF,7,,61.324,7,7,PDF_APROBADAS|SUBJECT,
20260425_210559_e7f2f245,2026-04-26T04:11:19,AAMkADkwZmQ0YTA5LWE0M2MtNDk3Ni1hMzUzLTE0OTQxZDcwZWExMgBGAAAAAADJoyAzIWZBQakanooks8Z-BwBz4_gG-XGLQKeK0wIDJ6A7AAV36zxOAABz4_gG-XGLQKeK0wIDJ6A7AAV-uBurAAA=,Aprobado- Factura  -  GL07-1251627 - Radicado 190201 - GASEOSAS LUX SAS - TM Av. 68 - DIAN,GL071251627 GASEOSAS LUX S.A.S_.pdf,f333e2f8599da4c2fa801441e86d9d7a79f7a9f6700e640b557cf847f9b69e4cbb5be50bcc6e2d03898868a3c583cc84,GL07-1251627,2026-01-28,(PDF_APROBADAS_FALLBACK),ok_pdf_aprobadas_fallback,OK_REGISTRADA_FALLBACK_PDF,7,,65.287,7,7,PDF_APROBADAS|SUBJECT,
20260425_210559_e7f2f245,2026-04-26T04:11:49,AAMkADkwZmQ0YTA5LWE0M2MtNDk3Ni1hMzUzLTE0OTQxZDcwZWExMgBGAAAAAADJoyAzIWZBQakanooks8Z-BwBz4_gG-XGLQKeK0wIDJ6A7AAV36zxOAABz4_gG-XGLQKeK0wIDJ6A7AAV-uBuqAAA=,Aprobado- Factura  -  FV 1225 - Radicado 190238 - SUDEN SAS - L.T. Guaymaral - NA,fv0901391741008260000001b.pdf,99d6995904b65107e699a484dc847f9baa915737df49558091c1585f72a20fedb1c5981a345e4991b34424e79d023e0c,FV1225,2026-02-21,z0901391741008260000001b.zip,ok,OK_REGISTRADA,7,,30.127,7,7,AIDX|SUBJECT,
20260425_210559_e7f2f245,2026-04-26T04:12:50,AAMkADkwZmQ0YTA5LWE0M2MtNDk3Ni1hMzUzLTE0OTQxZDcwZWExMgBGAAAAAADJoyAzIWZBQakanooks8Z-BwBz4_gG-XGLQKeK0wIDJ6A7AAV36zxOAABz4_gG-XGLQKeK0wIDJ6A7AAV_ijXLAAA=,Aprobado- Factura  -  AXFE-1473 - Radicado 190218 - AMAZON XPLORER TRAVEL SAS - AMV Caquetá - DIAN,AXFE1473_ AMAZON XPLORER TRAVEL SAS_P1_405.pdf,f80c8485dd67aec29b98faa1cc25d33c4ee126c4ab1562effbda05d2bf7fd5a37aec1988aabe208621f177ddaf14c06c,AXFE-1473,2026-01-27,(PDF_APROBADAS_FALLBACK),ok_pdf_aprobadas_fallback,OK_REGISTRADA_FALLBACK_PDF,7,,61.246,7,7,PDF_APROBADAS|SUBJECT,
20260425_210559_e7f2f245,2026-04-26T04:13:50,AAMkADkwZmQ0YTA5LWE0M2MtNDk3Ni1hMzUzLTE0OTQxZDcwZWExMgBGAAAAAADJoyAzIWZBQakanooks8Z-BwBz4_gG-XGLQKeK0wIDJ6A7AAV36zxOAABz4_gG-XGLQKeK0wIDJ6A7AAV_ijXKAAA=,Aprobado- Factura  -  FVE-2058 - Radicado 190197 - JOYCO SAS BIC - Cartago - Calarcá - DIAN,FVE2058 JOYCO SAS BIC_P1_1596.pdf,9bee3b992b78561436fc97fec70673ff31d8ed56772bc379618c82314f13d4d82eef7923464c01ccc697266ac0e01dcb,FVE-2058,2026-01-26,(PDF_APROBADAS_FALLBACK),ok_pdf_aprobadas_fallback,OK_REGISTRADA_FALLBACK_PDF,7,,60.226,7,7,PDF_APROBADAS|SUBJECT,
20260425_210559_e7f2f245,2026-04-26T04:14:56,AAMkADkwZmQ0YTA5LWE0M2MtNDk3Ni1hMzUzLTE0OTQxZDcwZWExMgBGAAAAAADJoyAzIWZBQakanooks8Z-BwBz4_gG-XGLQKeK0wIDJ6A7AAV36zxOAABz4_gG-XGLQKeK0wIDJ6A7AAV_ijXJAAA=,Aprobado- Factura  -  FEJH-1699 - Radicado 190194 - VILLAMARIN ORDOÑEZ JOHN ELVER - Transv. Libertador - DIAN,FEJH1699 VILLAMARIN ORDOÑEZ JOHN ELVER.pdf,5365431066be6a8e40a33ff4bd87b8d2863f43aaccd548fc85954fab6fd9760f827a42837a956e4ab0d678cd2c2c403b,FEJH-1699,2026-01-20,(PDF_APROBADAS_FALLBACK),ok_pdf_aprobadas_fallback,OK_REGISTRADA_FALLBACK_PDF,7,,65.322,7,7,PDF_APROBADAS|SUBJECT,
20260425_210559_e7f2f245,2026-04-26T04:15:57,AAMkADkwZmQ0YTA5LWE0M2MtNDk3Ni1hMzUzLTE0OTQxZDcwZWExMgBGAAAAAADJoyAzIWZBQakanooks8Z-BwBz4_gG-XGLQKeK0wIDJ6A7AAV36zxOAABz4_gG-XGLQKeK0wIDJ6A7AAV_ijXIAAA=,Aprobado- Factura  -  FEPT-94205 - Radicado 190199 - PANADERIA Y PASTELERIA EL TRIUNFO JL SAS - TM Av. 68 - DIAN,FEPT94205 PANADERIA Y PASTELERIA EL TRIUNFO JL S.A.S.pdf,e64e6409e7383caeea98aee6d4cf8a9920a7ad410de01835e4d9ba60d1757ed6aabeac0fa5d3fd4b0ec57a499b052853,FEPT-94205,2026-01-23,(PDF_APROBADAS_FALLBACK),ok_pdf_aprobadas_fallback,OK_REGISTRADA_FALLBACK_PDF,7,,61.762,7,7,PDF_APROBADAS|SUBJECT,
20260425_210559_e7f2f245,2026-04-26T04:17:05,AAMkADkwZmQ0YTA5LWE0M2MtNDk3Ni1hMzUzLTE0OTQxZDcwZWExMgBGAAAAAADJoyAzIWZBQakanooks8Z-BwBz4_gG-XGLQKeK0wIDJ6A7AAV36zxOAABz4_gG-XGLQKeK0wIDJ6A7AAV_ijXHAAA=,Aprobado- Factura  -  520- 257175 - Radicado 190198 - AUROS COPIAS SAS - TM Av. 68 - DIAN,520257175 AUROS COPIAS S.A.S.pdf,be495faa4c860d4237d51cc4e951c2e7b1a32c01bd6c5757b8218a4a49570ad49da25333c3c685ab4a61fad67af7467f,CONSORCIOCJ2020,2026-01-30,(PDF_APROBADAS_FALLBACK),ok_pdf_aprobadas_fallback,OK_REGISTRADA_FALLBACK_PDF,7,,67.504,7,7,PDF_APROBADAS|SUBJECT,
20260425_210559_e7f2f245,2026-04-26T04:18:08,AAMkADkwZmQ0YTA5LWE0M2MtNDk3Ni1hMzUzLTE0OTQxZDcwZWExMgBGAAAAAADJoyAzIWZBQakanooks8Z-BwBz4_gG-XGLQKeK0wIDJ6A7AAV36zxOAABz4_gG-XGLQKeK0wIDJ6A7AAV_ijXGAAA=,Aprobado- Factura  -  PR-18728429 - Radicado 190196 - PEAJES ELECTRONICOS SAS - Cartago - Calarcá - DIAN,PR18728429 PEAJES ELECTRONICOS S.A.S._P1-1597.pdf,6806bfc301106c6af987212e3ebc1e869306cebe1787ec139f028ba02e58499934bcabf37ebba011b6be6a3bf6f44f48,PR-18728429,2026-01-24,(PDF_APROBADAS_FALLBACK),ok_pdf_aprobadas_fallback,OK_REGISTRADA_FALLBACK_PDF,7,,62.897,7,7,PDF_APROBADAS|SUBJECT,
20260425_210559_e7f2f245,2026-04-26T04:19:09,AAMkADkwZmQ0YTA5LWE0M2MtNDk3Ni1hMzUzLTE0OTQxZDcwZWExMgBGAAAAAADJoyAzIWZBQakanooks8Z-BwBz4_gG-XGLQKeK0wIDJ6A7AAV36zxOAABz4_gG-XGLQKeK0wIDJ6A7AAV_ijXFAAA=,Aprobado- Factura  -  PR-18735128 - Radicado 190195 - PEAJES ELECTRONICOS SAS - Cartago - Calarcá - DIAN,PR18735128_PEAJES ELECTRONICOS S.A.S._P1-1597.pdf,808520febf263898959a65a7b6d986fd9832eb79ca54ff4a7af2337328dedb18ddf2cfec424bc2ac42a7a9f1ff753cd3,PR-18735128,2026-01-24,(PDF_APROBADAS_FALLBACK),ok_pdf_aprobadas_fallback,OK_REGISTRADA_FALLBACK_PDF,7,,60.959,7,7,PDF_APROBADAS|SUBJECT,
20260425_210559_e7f2f245,2026-04-26T04:19:41,AAMkADkwZmQ0YTA5LWE0M2MtNDk3Ni1hMzUzLTE0OTQxZDcwZWExMgBGAAAAAADJoyAzIWZBQakanooks8Z-BwBz4_gG-XGLQKeK0wIDJ6A7AAV36zxOAABz4_gG-XGLQKeK0wIDJ6A7AAV_ijXEAAA=,Aprobado- Factura  -  FE9001 - Radicado 190136 - ARREDONDO MADRID INGENIEROS CIVILES AIM S.A.S - 01-2025-327 TOYO T2 S1 - NA,fv08909291220082600000040.pdf,200d3eb498f1b4aede333f92227cac4d44e19ade8da156b7770801af1ebc376ac48d8c8f23228d6c1be25e46b1c48a6d,FE9001,2024-07-03,z08909291220082600000040.zip,ok,OK_REGISTRADA,7,,31.922,7,7,AIDX|SUBJECT,
20260425_210559_e7f2f245,2026-04-26T04:20:51,AAMkADkwZmQ0YTA5LWE0M2MtNDk3Ni1hMzUzLTE0OTQxZDcwZWExMgBGAAAAAADJoyAzIWZBQakanooks8Z-BwBz4_gG-XGLQKeK0wIDJ6A7AAV36zxOAABz4_gG-XGLQKeK0wIDJ6A7AAV_ijXDAAA=,Aprobado- Factura  -  GURA-152358 - Radicado 190192 - COMPAÑIA DISTRIBUIDORA DE COMBUSTIBLES DEL NORTE SAS - Transv. Libertador - DIAN,GURA152358 COMPAÑIA DISTRIBUIDORA DE COMBUSTIBLES DEL NORTE SAS.pdf,a9a21317513ee43d62bde02e3294857d6e7dde60432a0effbd90aae47055f0974c15204ba5f8b7f76a67c2ac451602d0,GURA-152358,2026-01-10,(PDF_APROBADAS_FALLBACK),ok_pdf_aprobadas_fallback,OK_REGISTRADA_FALLBACK_PDF,7,,70.653,7,7,PDF_APROBADAS|SUBJECT,
20260425_210559_e7f2f245,2026-04-26T04:21:53,AAMkADkwZmQ0YTA5LWE0M2MtNDk3Ni1hMzUzLTE0OTQxZDcwZWExMgBGAAAAAADJoyAzIWZBQakanooks8Z-BwBz4_gG-XGLQKeK0wIDJ6A7AAV36zxOAABz4_gG-XGLQKeK0wIDJ6A7AAV_ijXCAAA=,Aprobado- Factura  -  GURA-154670 - Radicado 190191 - COMPAÑIA DISTRIBUIDORA DE COMBUSTIBLES DEL NORTE SAS - Transv. Libertador - DIAN,GURA154670 COMPAÑIA DISTRIBUIDORA DE COMBUSTIBLES DEL NORTE SAS.pdf,8f10b6e9fda0b3833cc41fd1d63d51cba20c84bd8d0a68716d077fd17b57ec2ec4f85639c9d2da5ffde33a377230deee,GURA-154670,2026-01-20,(PDF_APROBADAS_FALLBACK),ok_pdf_aprobadas_fallback,OK_REGISTRADA_FALLBACK_PDF,7,,62.131,7,7,PDF_APROBADAS|SUBJECT,
20260425_210559_e7f2f245,2026-04-26T04:22:55,AAMkADkwZmQ0YTA5LWE0M2MtNDk3Ni1hMzUzLTE0OTQxZDcwZWExMgBGAAAAAADJoyAzIWZBQakanooks8Z-BwBz4_gG-XGLQKeK0wIDJ6A7AAV36zxOAABz4_gG-XGLQKeK0wIDJ6A7AAV_ijXBAAA=,Aprobado- Factura  -  GURA-155450 - Radicado 190190 - COMPAÑIA DISTRIBUIDORA DE COMBUSTIBLES DEL NORTE SAS - Transv. Libertador - DIAN,GURA155450 COMPAÑIA DISTRIBUIDORA DE COMBUSTIBLES DEL NORTE SAS.pdf,29ae65a5161776dd4e50e665a92bb92e6cffabe7a3e56b05a4dd407a3524c26f019473bd5bcf59cf0f991389d7dcbda9,GURA-155450,2026-01-24,(PDF_APROBADAS_FALLBACK),ok_pdf_aprobadas_fallback,OK_REGISTRADA_FALLBACK_PDF,7,,61.993,7,7,PDF_APROBADAS|SUBJECT,
20260425_210559_e7f2f245,2026-04-26T04:23:58,AAMkADkwZmQ0YTA5LWE0M2MtNDk3Ni1hMzUzLTE0OTQxZDcwZWExMgBGAAAAAADJoyAzIWZBQakanooks8Z-BwBz4_gG-XGLQKeK0wIDJ6A7AAV36zxOAABz4_gG-XGLQKeK0wIDJ6A7AAV_ijXAAAA=,Aprobado- Factura  -  GURA-156262 - Radicado 190189 - COMPAÑIA DISTRIBUIDORA DE COMBUSTIBLES DEL NORTE SAS - Transv. Libertador - DIAN,GURA156262 COMPAÑIA DISTRIBUIDORA DE COMBUSTIBLES DEL NORTE SAS.pdf,17d0f4ab5a945be3c510bafcf058f21b94f6e897a055b6080fac05bfdfff073af165c024132070e345dd44f66d28e658,GURA-156262,2026-01-28,(PDF_APROBADAS_FALLBACK),ok_pdf_aprobadas_fallback,OK_REGISTRADA_FALLBACK_PDF,7,,62.209,7,7,PDF_APROBADAS|SUBJECT,
20260425_210559_e7f2f245,2026-04-26T04:25:02,AAMkADkwZmQ0YTA5LWE0M2MtNDk3Ni1hMzUzLTE0OTQxZDcwZWExMgBGAAAAAADJoyAzIWZBQakanooks8Z-BwBz4_gG-XGLQKeK0wIDJ6A7AAV36zxOAABz4_gG-XGLQKeK0wIDJ6A7AAV_ijW-AAA=,Aprobado- Factura  -  GURD-152269 - Radicado 190188 - COMPAÑIA DISTRIBUIDORA DE COMBUSTIBLES DEL NORTE SAS - Transv. Libertador - DIAN,GURD152269 COMPAÑIA DISTRIBUIDORA DE COMBUSTIBLES DEL NORTE SAS.pdf,c62e4b5f094314da097a6b76327a5d29b8b30df12d13af926350cc27330c6cb01fb86a045fb81f37fd7519a5ee8a091d,GURD-152269,2026-01-15,(PDF_APROBADAS_FALLBACK),ok_pdf_aprobadas_fallback,OK_REGISTRADA_FALLBACK_PDF,7,,64.28,7,7,PDF_APROBADAS|SUBJECT,
20260425_210559_e7f2f245,2026-04-26T04:26:14,AAMkADkwZmQ0YTA5LWE0M2MtNDk3Ni1hMzUzLTE0OTQxZDcwZWExMgBGAAAAAADJoyAzIWZBQakanooks8Z-BwBz4_gG-XGLQKeK0wIDJ6A7AAV36zxOAABz4_gG-XGLQKeK0wIDJ6A7AAV_ijW_AAA=,Aprobado- Factura  -  FVE-2058 - Radicado 190179 - JOYCO SAS BIC - Cartago - Calarcá - DIAN,FVE2058 JOYCO SAS BIC_P1_1596.pdf,9bee3b992b78561436fc97fec70673ff31d8ed56772bc379618c82314f13d4d82eef7923464c01ccc697266ac0e01dcb,FVE-2058,2026-01-26,(PDF_APROBADAS_FALLBACK),ok_pdf_aprobadas_fallback,OK_REGISTRADA_FALLBACK_PDF,7,,71.817,7,7,PDF_APROBADAS|SUBJECT,
20260425_210559_e7f2f245,2026-04-26T04:27:28,AAMkADkwZmQ0YTA5LWE0M2MtNDk3Ni1hMzUzLTE0OTQxZDcwZWExMgBGAAAAAADJoyAzIWZBQakanooks8Z-BwBz4_gG-XGLQKeK0wIDJ6A7AAV36zxOAABz4_gG-XGLQKeK0wIDJ6A7AAV_ijW9AAA=,Aprobado- Factura  -  GURD-154422 - Radicado 190187 - COMPAÑIA DISTRIBUIDORA DE COMBUSTIBLES DEL NORTE SAS - Transv. Libertador - DIAN,GURD154422 COMPAÑIA DISTRIBUIDORA DE COMBUSTIBLES DEL NORTE SAS.pdf,b9c2d89189f68f69bb3a2ab5feb4932905eae0a4f5853d70ebb3db87eb9426a9e5d76a9ed5b17d48d0f189ba99e2875a,GURD-154422,2026-01-29,(PDF_APROBADAS_FALLBACK),ok_pdf_aprobadas_fallback,OK_REGISTRADA_FALLBACK_PDF,7,,73.763,7,7,PDF_APROBADAS|SUBJECT,
20260425_210559_e7f2f245,2026-04-26T04:28:00,AAMkADkwZmQ0YTA5LWE0M2MtNDk3Ni1hMzUzLTE0OTQxZDcwZWExMgBGAAAAAADJoyAzIWZBQakanooks8Z-BwBz4_gG-XGLQKeK0wIDJ6A7AAV36zxOAABz4_gG-XGLQKeK0wIDJ6A7AAV_ijW8AAA=,Aprobado- Factura  -  E-3211 - Radicado 190138 - LINEAS TURISTICAS COLOMBIANAS SAS - 199 SC_ 277-00-FAC CADEC N 1 - NA,b97fbe48c552eb6d26287ce2cc6c94f53428551183044677daeaace6eba1e9c75260b8a6fc1bb8dae8d052f458c7ede2.pdf,b97fbe48c552eb6d26287ce2cc6c94f53428551183044677daeaace6eba1e9c75260b8a6fc1bb8dae8d052f458c7ede2,E-3211,2026-02-04,XML-PDF-830114351-E3211.zip,ok,OK_REGISTRADA,7,,31.997,7,7,CUFE|SUBJECT,
20260425_210559_e7f2f245,2026-04-26T04:29:07,AAMkADkwZmQ0YTA5LWE0M2MtNDk3Ni1hMzUzLTE0OTQxZDcwZWExMgBGAAAAAADJoyAzIWZBQakanooks8Z-BwBz4_gG-XGLQKeK0wIDJ6A7AAV36zxOAABz4_gG-XGLQKeK0wIDJ6A7AAV_ijW7AAA=,Aprobado- Factura  -  E-3208 - Radicado 190108 - LINEAS TURISTICAS COLOMBIANAS SAS - 199 SC_ 277-00-FAC CADEC N 1 - DIAN,b1b3d4edd4bc515d4a3b1e16ff3b0ac38bdaf4fde33f923b31a99e4bddeee3754e93f449b7861a2ea76bde00f2986b2a.pdf,b1b3d4edd4bc515d4a3b1e16ff3b0ac38bdaf4fde33f923b31a99e4bddeee3754e93f449b7861a2ea76bde00f2986b2a,E-3208,2026-02-03,(PDF_APROBADAS_FALLBACK),ok_pdf_aprobadas_fallback,OK_REGISTRADA_FALLBACK_PDF,7,,67.071,7,7,PDF_APROBADAS|SUBJECT,
20260425_210559_e7f2f245,2026-04-26T04:30:16,AAMkADkwZmQ0YTA5LWE0M2MtNDk3Ni1hMzUzLTE0OTQxZDcwZWExMgBGAAAAAADJoyAzIWZBQakanooks8Z-BwBz4_gG-XGLQKeK0wIDJ6A7AAV36zxOAABz4_gG-XGLQKeK0wIDJ6A7AAV_ijW6AAA=,Aprobado- Factura  -  GURD-154543 - Radicado 190186 - COMPAÑIA DISTRIBUIDORA DE COMBUSTIBLES DEL NORTE SAS - Transv. Libertador - DIAN,GURD154543 COMPAÑIA DISTRIBUIDORA DE COMBUSTIBLES DEL NORTE SAS.pdf,a56d63da949c3e4cd7a116082009caf256cba55ff26a5d62dc88f198364e8ecffd72962c2047c9c7a9e47d60f9784013,GURD-154543,2026-01-30,(PDF_APROBADAS_FALLBACK),ok_pdf_aprobadas_fallback,OK_REGISTRADA_FALLBACK_PDF,7,,69.68,7,7,PDF_APROBADAS|SUBJECT,
20260425_210559_e7f2f245,2026-04-26T04:31:04,AAMkADkwZmQ0YTA5LWE0M2MtNDk3Ni1hMzUzLTE0OTQxZDcwZWExMgBGAAAAAADJoyAzIWZBQakanooks8Z-BwBz4_gG-XGLQKeK0wIDJ6A7AAV36zxOAABz4_gG-XGLQKeK0wIDJ6A7AAV_ijW5AAA=,Aprobado- Factura  -  CPFP 198677 - Radicado 190104 - COMPAÑIA PAPELERA NACIONAL SAS - Dirección administrativa y financiera -Compras - NA,ad09000094950162600030815.pdf,dcbe61641e44510b422e98c166d13449c9c75c02ba6ef4e7383f41d938959c415dbc8f0b993b32272b9b077f8c9b5146,CPFP198677,2025-04-11,z09000094950162600030815.zip,ok,OK_REGISTRADA,7,,48.129,7,7,AIDX|SUBJECT,
20260425_210559_e7f2f245,2026-04-26T04:31:43,AAMkADkwZmQ0YTA5LWE0M2MtNDk3Ni1hMzUzLTE0OTQxZDcwZWExMgBGAAAAAADJoyAzIWZBQakanooks8Z-BwBz4_gG-XGLQKeK0wIDJ6A7AAV36zxOAABz4_gG-XGLQKeK0wIDJ6A7AAV_ijV9AAA=,Aprobado- Factura  -  FEED6154 - Radicado 190095 - EXTRA DOTACIONES SAS - Cesar Red Terciaria - NA,ad09012824140852600000084.pdf,ea5c063299950897fd3c7663e920d0570792a464d5cf2f6abdccb5d84adff5194fdb57a2ea6479d0332541c784c52d74,FEED6154,2026-02-02,z09012824140852600000084.zip,ok,OK_REGISTRADA,7,,38.193,7,7,AIDX|SUBJECT,
20260425_210559_e7f2f245,2026-04-26T04:32:16,AAMkADkwZmQ0YTA5LWE0M2MtNDk3Ni1hMzUzLTE0OTQxZDcwZWExMgBGAAAAAADJoyAzIWZBQakanooks8Z-BwBz4_gG-XGLQKeK0wIDJ6A7AAV36zxOAABz4_gG-XGLQKeK0wIDJ6A7AAV_ijV_AAA=,Aprobado- Factura  -  GS 6254 - Radicado 190167 - GRUPO COOREXPRESS SAS - L.T. Guaymaral - NA,fv09007337400082600000079.pdf,9642b8f1b4ce9c96d670d92557f9e667f3bd794d174cacd2db0bf28da67761d6466af03cc7cbd8a1246d04e1c25314b3,GS6254,2026-02-05,z09007337400082600000079.zip,ok,OK_REGISTRADA,7,,33.031,7,7,AIDX|SUBJECT,
20260425_210559_e7f2f245,2026-04-26T04:32:45,AAMkADkwZmQ0YTA5LWE0M2MtNDk3Ni1hMzUzLTE0OTQxZDcwZWExMgBGAAAAAADJoyAzIWZBQakanooks8Z-BwBz4_gG-XGLQKeK0wIDJ6A7AAV36zxOAABz4_gG-XGLQKeK0wIDJ6A7AAV_ijV-AAA=,Aprobado- Factura  -  I4J196761 - Radicado 190155 - D1 SAS - Cartagena - Palestina - NA,fv090027696202126I4J196761.pdf,d3b8fcec8c4a5207e7cf94d9bd297c2e59f9dc67a6c7f2dfb139c3abf62bfb8198d159345a2ecee0cbcadeb2c766db24,I6C6134911,2026-02-05,090027696202126I6C6134911.zip,ok,OK_REGISTRADA,7,,29.861,7,7,PDF_TOKEN:090027696202126I|SUBJECT,
20260425_210559_e7f2f245,2026-04-26T04:33:08,AAMkADkwZmQ0YTA5LWE0M2MtNDk3Ni1hMzUzLTE0OTQxZDcwZWExMgBGAAAAAADJoyAzIWZBQakanooks8Z-BwBz4_gG-XGLQKeK0wIDJ6A7AAV36zxOAABz4_gG-XGLQKeK0wIDJ6A7AAV_ijWAAAA=,Aprobado- Factura  -  901373695 - Radicado 190156 - COOPERATIVA DE AHORRO Y CREDITO UNIMOS - TM Av. 68 - NA,SIN_ADJUNTO_APROBADO,,901373695,,(REGISTRO_MINIMO:sin_pdf_o_imagen_aprobada),ok_registro_minimo,REGISTRADA,7,,23.022,7,7,REGISTRO_MINIMO,sin_pdf_o_imagen_aprobada
20260425_210559_e7f2f245,2026-04-26T04:33:44,AAMkADkwZmQ0YTA5LWE0M2MtNDk3Ni1hMzUzLTE0OTQxZDcwZWExMgBGAAAAAADJoyAzIWZBQakanooks8Z-BwBz4_gG-XGLQKeK0wIDJ6A7AAV36zxOAABz4_gG-XGLQKeK0wIDJ6A7AAV_ijWBAAA=,Aprobado- Factura  -  H8Y2160078 - Radicado 190158 - D1 SAS - FAC - Pto. Salgar - NA,1fcec26e6c6d8a25a45199f7d7e9a8404afa89dbcffb6a01f3d39b79fcb13866ba1d421798b62ff89012a4b09270d2ab.pdf,1fcec26e6c6d8a25a45199f7d7e9a8404afa89dbcffb6a01f3d39b79fcb13866ba1d421798b62ff89012a4b09270d2ab,H8Y2160078,2026-02-05,090027696202126H8Y2160078.zip,ok,OK_REGISTRADA,7,,35.435,7,7,AIDX|SUBJECT,
20260425_210559_e7f2f245,2026-04-26T04:34:18,AAMkADkwZmQ0YTA5LWE0M2MtNDk3Ni1hMzUzLTE0OTQxZDcwZWExMgBGAAAAAADJoyAzIWZBQakanooks8Z-BwBz4_gG-XGLQKeK0wIDJ6A7AAV36zxOAABz4_gG-XGLQKeK0wIDJ6A7AAV_ijWCAAA=,Aprobado- Factura  -  NACL583876 - Radicado 190128 - SEGURIDAD ATLAS LTDA - Cartago - Calarcá - NA,ad0890312749064260000583876.pdf,bce848b9ab1746b60353db420f6a81bf3fab74c77eb24448b98266d7eb017c44e311c60c0c2af9869d49e1c6f242ef8a,NACL583876,2005-12-15,z0890312749064260000583876.zip,ok,OK_REGISTRADA,7,,34.222,7,7,AIDX|SUBJECT,
20260425_210559_e7f2f245,2026-04-26T04:34:52,AAMkADkwZmQ0YTA5LWE0M2MtNDk3Ni1hMzUzLTE0OTQxZDcwZWExMgBGAAAAAADJoyAzIWZBQakanooks8Z-BwBz4_gG-XGLQKeK0wIDJ6A7AAV36zxOAABz4_gG-XGLQKeK0wIDJ6A7AAV_ijWDAAA=,Aprobado- Factura  -  R1139223034 - Radicado 190129 - COMCEL SA - Transv. Libertador - NA,fv0800153993015261139223034.pdf,d1aff52680aeaf8da7ef26a2cc1cccb6d30c5926294f1f9c96d6acd9f982cc0093da09fa42f92c97ada6b40a49a05382,R1139223034,2024-08-22,z0800153993015261139223034.zip,ok,OK_REGISTRADA,7,,33.492,7,7,AIDX|SUBJECT,
20260425_210559_e7f2f245,2026-04-26T04:35:21,AAMkADkwZmQ0YTA5LWE0M2MtNDk3Ni1hMzUzLTE0OTQxZDcwZWExMgBGAAAAAADJoyAzIWZBQakanooks8Z-BwBz4_gG-XGLQKeK0wIDJ6A7AAV36zxOAABz4_gG-XGLQKeK0wIDJ6A7AAV_ijWEAAA=,Aprobado- Factura  -  I6C7286729 - Radicado 190124 - D1 SAS - Cucutilla - Cornejo - NA,fv090027696202126I6C7286729.pdf,d3b8fcec8c4a5207e7cf94d9bd297c2e59f9dc67a6c7f2dfb139c3abf62bfb8198d159345a2ecee0cbcadeb2c766db24,I6C6134911,2026-02-03,090027696202126I6C6134911.zip,ok,OK_REGISTRADA,7,,29.162,7,7,PDF_TOKEN:090027696202126I|SUBJECT,
20260425_210559_e7f2f245,2026-04-26T04:35:53,AAMkADkwZmQ0YTA5LWE0M2MtNDk3Ni1hMzUzLTE0OTQxZDcwZWExMgBGAAAAAADJoyAzIWZBQakanooks8Z-BwBz4_gG-XGLQKeK0wIDJ6A7AAV36zxOAABz4_gG-XGLQKeK0wIDJ6A7AAV_ijWFAAA=,Aprobado- Factura  -  OC08 086000605286 - Radicado 190119 - ENVIA S A S O ENVIA COLVANES SAS - Tolima Red Terciaria - NA,ad08001853060062600068880.pdf,9c78f2268017c187dab4b3ef0de7caa12c53f574f6c93e21cf5b4c56bc4109489223c7a19ef5a86bd56be703a8ca138e,OC08086000605286,2025-07-25,ad08001853060062600068880.zip,ok,OK_REGISTRADA,7,,31.959,7,7,AIDX|SUBJECT,
20260425_210559_e7f2f245,2026-04-26T04:36:24,AAMkADkwZmQ0YTA5LWE0M2MtNDk3Ni1hMzUzLTE0OTQxZDcwZWExMgBGAAAAAADJoyAzIWZBQakanooks8Z-BwBz4_gG-XGLQKeK0wIDJ6A7AAV36zxOAABz4_gG-XGLQKeK0wIDJ6A7AAV_ijWGAAA=,Aprobado- Factura  -  PG 264 - Radicado 190101 - PRAGMAC SAS - TM Av. 68 - NA,68eeeebd-6c5f-43b9-8bf6-28ca0e546aef.pdf,cf79e47c026b3172117df59ee6e6654c3b1851c9e72703be56b0fc7d0ba7914620f3534732a85b581afba842448944af,PG264,2026-11-26,68eeeebd-6c5f-43b9-8bf6-28ca0e546aef.zip,ok,OK_REGISTRADA,7,,31.568,7,7,AIDX|SUBJECT,
20260425_210559_e7f2f245,2026-04-26T04:36:59,AAMkADkwZmQ0YTA5LWE0M2MtNDk3Ni1hMzUzLTE0OTQxZDcwZWExMgBGAAAAAADJoyAzIWZBQakanooks8Z-BwBz4_gG-XGLQKeK0wIDJ6A7AAV36zxOAABz4_gG-XGLQKeK0wIDJ6A7AAV_ijWHAAA=,Aprobado- Factura  -  FETR269 - Radicado 190096 - TRIDELCO SAS - TM Av. 68 - NA,dian_FETR269.pdf,c54058c9218a8b442b937a12443567b6b9e46ccdf16f8dc9aae8e3d962c37fbc37fa125ae7146c6e11234f7b7102f433,FETR269,2026-01-14,FETR269.zip,ok,OK_REGISTRADA,7,,34.781,7,7,AIDX|SUBJECT,
20260425_210559_e7f2f245,2026-04-26T04:37:31,AAMkADkwZmQ0YTA5LWE0M2MtNDk3Ni1hMzUzLTE0OTQxZDcwZWExMgBGAAAAAADJoyAzIWZBQakanooks8Z-BwBz4_gG-XGLQKeK0wIDJ6A7AAV36zxOAABz4_gG-XGLQKeK0wIDJ6A7AAV_ijWIAAA=,Aprobado- Factura  -  CO721 - Radicado 190107 - CONSULOBRAS SAS - 01-2025-327 TOYO T2 S1 - NA,800060834_CO721.pdf,363f85b99604cac000368e23641141898803efa5241bb87d0a757a047ff7f99cb03b345d322420b831953db8d3aa8862,24SS111B2009,2024-07-19,800060834_CO721.zip,ok,OK_REGISTRADA,7,,31.81,7,7,AIDX|SUBJECT,
20260425_210559_e7f2f245,2026-04-26T04:38:03,AAMkADkwZmQ0YTA5LWE0M2MtNDk3Ni1hMzUzLTE0OTQxZDcwZWExMgBGAAAAAADJoyAzIWZBQakanooks8Z-BwBz4_gG-XGLQKeK0wIDJ6A7AAV36zxOAABz4_gG-XGLQKeK0wIDJ6A7AAV_ijWJAAA=,Aprobado- Factura  -  AYA 167423 - Radicado 190109 - A Y A RADIOCOMUNICACIONES SAS - Cartago - Calarcá - NA,ad08002221770162600028dff.pdf,b4112acb1b02e460dfb55bab4a058777a48377ca9c2f3c3b5ede768bb236af92344892a8e3e56c30cd4c0b2bde93221a,AYA167423,2024-04-03,z08002221770162600028dff.zip,ok,OK_REGISTRADA,7,,31.92,7,7,AIDX|SUBJECT,
20260425_210559_e7f2f245,2026-04-26T04:38:34,AAMkADkwZmQ0YTA5LWE0M2MtNDk3Ni1hMzUzLTE0OTQxZDcwZWExMgBGAAAAAADJoyAzIWZBQakanooks8Z-BwBz4_gG-XGLQKeK0wIDJ6A7AAV36zxOAABz4_gG-XGLQKeK0wIDJ6A7AAV_ijWKAAA=,Aprobado- Factura  -  951800022 - Radicado 190046 - SIIGO SAS - Red Férrea Atlántico - NA,fv08300481450082600016f61.pdf,9102e107efd65022d08985bd66b6d9b598c52505c78d2e95638c8b5d742758a42c63394cf0045358155ffef3a39dacc1,951800022,2024-12-03,z08300481450082600016f61.zip,ok,OK_REGISTRADA,7,,31.52,7,7,AIDX|SUBJECT,
20260425_210559_e7f2f245,2026-04-26T04:39:05,AAMkADkwZmQ0YTA5LWE0M2MtNDk3Ni1hMzUzLTE0OTQxZDcwZWExMgBGAAAAAADJoyAzIWZBQakanooks8Z-BwBz4_gG-XGLQKeK0wIDJ6A7AAV36zxOAABz4_gG-XGLQKeK0wIDJ6A7AAV_ijWLAAA=,Aprobado- Factura  -  FVE 2080 - Radicado 190086 - JOYCO SAS BIC - Cartago - Calarcá - NA,fv08600675610082600000019.pdf,f2603cb9aaa8e762409e874f6f4dc15904d3a4a49f5bf9df81d05d311410f8658a9a0299e2a008309ae9463aaf4d0700,FVE2080,2026-01-30,z08600675610082600000019.zip,ok,OK_REGISTRADA,7,,31.021,7,7,AIDX|SUBJECT,
20260425_210559_e7f2f245,2026-04-26T04:39:36,AAMkADkwZmQ0YTA5LWE0M2MtNDk3Ni1hMzUzLTE0OTQxZDcwZWExMgBGAAAAAADJoyAzIWZBQakanooks8Z-BwBz4_gG-XGLQKeK0wIDJ6A7AAV36zxOAABz4_gG-XGLQKeK0wIDJ6A7AAV_ijWMAAA=,Aprobado- Factura  -  CAMR16226 - Radicado 190103 - DISTRIBUIDORA BOSCONIA - Red Férrea Atlántico - NA,CAMR16226.pdf,fb17cb3e3860cb1ab9b284bab58fc9d52a30a80dd98a6be96add8c53c3acfde51892ad79bb21a34db9279e175885f8e0,CAMR16226,2026-02-03,Factura CAMR16226.zip,ok,OK_REGISTRADA,7,,30.95,7,7,AIDX|SUBJECT,
20260425_210559_e7f2f245,2026-04-26T04:40:09,AAMkADkwZmQ0YTA5LWE0M2MtNDk3Ni1hMzUzLTE0OTQxZDcwZWExMgBGAAAAAADJoyAzIWZBQakanooks8Z-BwBz4_gG-XGLQKeK0wIDJ6A7AAV36zxOAABz4_gG-XGLQKeK0wIDJ6A7AAV_ijWNAAA=,Aprobado- Factura  -  FVE 2073 - Radicado 190078 - JOYCO SAS BIC - Cartago - Calarcá - NA,fv08600675610082600000012.pdf,c1c54717fdc7e35d4dd8a31d27bc718ec5f9a5c88737bfa82609db9c2b2a5a22ef0c5f78802656f8811787ff8abae74b,FVE2073,2026-01-30,z08600675610082600000012.zip,ok,OK_REGISTRADA,7,,32.443,7,7,AIDX|SUBJECT,
20260425_210559_e7f2f245,2026-04-26T04:40:40,AAMkADkwZmQ0YTA5LWE0M2MtNDk3Ni1hMzUzLTE0OTQxZDcwZWExMgBGAAAAAADJoyAzIWZBQakanooks8Z-BwBz4_gG-XGLQKeK0wIDJ6A7AAV36zxOAABz4_gG-XGLQKeK0wIDJ6A7AAV_ijWOAAA=,Aprobado- Factura  -  FE1-4667 - Radicado 190098 - PAPELERIA DASHIKA - Cucutilla - Cornejo - NA,ad00055351890572600000633.pdf,cf157bcaaf4f3d0e063dbf3127869f81fcb79586897241940a5c0c1e376270cd0fac2cfef255a9b5f8f2eaafb515be71,FE1-4667,2026-02-02,ad00055351890572600000633.zip,ok,OK_REGISTRADA,7,,30.812,7,7,AIDX|SUBJECT,
20260425_210559_e7f2f245,2026-04-26T04:41:11,AAMkADkwZmQ0YTA5LWE0M2MtNDk3Ni1hMzUzLTE0OTQxZDcwZWExMgBGAAAAAADJoyAzIWZBQakanooks8Z-BwBz4_gG-XGLQKeK0wIDJ6A7AAV36zxOAABz4_gG-XGLQKeK0wIDJ6A7AAV_ijWPAAA=,Aprobado- Factura  -  STAM-239138 - Radicado 190100 - ESTRELLA ANDINA SAS - 01-2025-327 TOYO T2 S1 - NA,ad9006329380000STAM239138.pdf,a98a11f814017d14b8d5398be6f68acbc846ff42c517367a35d081a4d237b43c5b02f57e447c94794f16cb035b4b04e4,STAM-239138,2025-10-24,ad9006329380000STAM239138.zip,ok,OK_REGISTRADA,7,,31.182,7,7,AIDX|SUBJECT,
20260425_210559_e7f2f245,2026-04-26T04:41:43,AAMkADkwZmQ0YTA5LWE0M2MtNDk3Ni1hMzUzLTE0OTQxZDcwZWExMgBGAAAAAADJoyAzIWZBQakanooks8Z-BwBz4_gG-XGLQKeK0wIDJ6A7AAV36zxOAABz4_gG-XGLQKeK0wIDJ6A7AAV_ijWQAAA=,Aprobado- Factura  -  FE 266 - Radicado 190091 - DISEÑOS PROFESIONALES DE INGENIERIA SAS - 01-2025-327 TOYO T2 S1 - NA,fv09016498600082600000003.pdf,fd0550858c70dd8a6986fdad4b604054dc57d29d756e1840c5d004f321a16eb68f515804e5c53dff97e956957f637527,FE266,2026-02-02,z09016498600082600000003.zip,ok,OK_REGISTRADA,7,,32.284,7,7,AIDX|SUBJECT,
20260425_210559_e7f2f245,2026-04-26T04:42:16,AAMkADkwZmQ0YTA5LWE0M2MtNDk3Ni1hMzUzLTE0OTQxZDcwZWExMgBGAAAAAADJoyAzIWZBQakanooks8Z-BwBz4_gG-XGLQKeK0wIDJ6A7AAV36zxOAABz4_gG-XGLQKeK0wIDJ6A7AAV_ijWRAAA=,Aprobado- Factura  -  AFSV 18 - Radicado 190092 - CONTRERAS NUVAN WILSON - AMV Caquetá - NA,fv00176407700082600000016.pdf,c3fb33b40d0e69e7e355d46e209e41e8057eac6dee6a6af86b8cc210254c355575873608767154b25172727dc18ac105,AFSV18,2026-02-02,z00176407700082600000016.zip,ok,OK_REGISTRADA,7,,32.525,7,7,AIDX|SUBJECT,
20260425_210559_e7f2f245,2026-04-26T04:42:50,AAMkADkwZmQ0YTA5LWE0M2MtNDk3Ni1hMzUzLTE0OTQxZDcwZWExMgBGAAAAAADJoyAzIWZBQakanooks8Z-BwBz4_gG-XGLQKeK0wIDJ6A7AAV36zxOAABz4_gG-XGLQKeK0wIDJ6A7AAV_ijWSAAA=,Aprobado- Factura  -  M6927745 - Radicado 190097 - COLMEDICA MEDICINA PREPAGADA - Dirección administrativa y financiera -Talento Humano - NA,M6927745.pdf,4c33e78a42aa4ea51f39c4e7228b2cac961d8cd2f7cbd41846f1fe1e18038082e4535cd64d9fb251009da6a575e1036b,M6927745,2025-08-25,Factura Colmedica 02 de Febrero de 2026.zip,ok,OK_REGISTRADA,7,,34.347,7,7,AIDX|SUBJECT,
20260425_210559_e7f2f245,2026-04-26T04:43:23,AAMkADkwZmQ0YTA5LWE0M2MtNDk3Ni1hMzUzLTE0OTQxZDcwZWExMgBGAAAAAADJoyAzIWZBQakanooks8Z-BwBz4_gG-XGLQKeK0wIDJ6A7AAV36zxOAABz4_gG-XGLQKeK0wIDJ6A7AAV_ijWTAAA=,Aprobado- Factura  -  FVE 2078 - Radicado 190084 - JOYCO SAS BIC - 01-2025-327 TOYO T2 S1 - NA,fv08600675610082600000018.pdf,f9605e0fce81b968053841c5a4c737a86bc6af908fb39a3bbce77a02b1f33e38cfac716c432d2c21d85d16274ee57ccd,FVE2078,2026-01-30,z08600675610082600000018.zip,ok,OK_REGISTRADA,7,,33.32,7,7,AIDX|SUBJECT,
20260425_210559_e7f2f245,2026-04-26T04:43:57,AAMkADkwZmQ0YTA5LWE0M2MtNDk3Ni1hMzUzLTE0OTQxZDcwZWExMgBGAAAAAADJoyAzIWZBQakanooks8Z-BwBz4_gG-XGLQKeK0wIDJ6A7AAV36zxOAABz4_gG-XGLQKeK0wIDJ6A7AAV_ijWUAAA=,Aprobado- Factura  -  FE 1952 - Radicado 190032 - SERVICIOS LOGISTICOS DE INGENIERIA SAS - Dirección administrativa y financiera -Compras - NA,fv0900723023008260000001a.pdf,a91bcbb81cd9752200ee43d683b08d89406b13f76b82a4c83adce4b72a448329aa90abc343acf26bcbcc75ec65030241,FE1952,2026-01-29,z0900723023008260000001a.zip,ok,OK_REGISTRADA,7,,33.848,7,7,AIDX|SUBJECT,
20260425_210559_e7f2f245,2026-04-26T04:44:30,AAMkADkwZmQ0YTA5LWE0M2MtNDk3Ni1hMzUzLTE0OTQxZDcwZWExMgBGAAAAAADJoyAzIWZBQakanooks8Z-BwBz4_gG-XGLQKeK0wIDJ6A7AAV36zxOAABz4_gG-XGLQKeK0wIDJ6A7AAV_ijWVAAA=,Aprobado- Factura  -  FE 1930 - Radicado 189962 - SERVICIOS LOGISTICOS DE INGENIERIA SAS - Dirección administrativa y financiera -Tics - NA,fv09007230230082600000004.pdf,7eff70003af0f5f376821c10b3ae6dc0cc150bff7e92dc1d686b79e841404f7ee290cd2eaf8d7ca9c48380b0ad9bb7e7,FE1930,2026-01-23,z09007230230082600000004.zip,ok,OK_REGISTRADA,7,,32.737,7,7,AIDX|SUBJECT,
20260425_210559_e7f2f245,2026-04-26T04:45:01,AAMkADkwZmQ0YTA5LWE0M2MtNDk3Ni1hMzUzLTE0OTQxZDcwZWExMgBGAAAAAADJoyAzIWZBQakanooks8Z-BwBz4_gG-XGLQKeK0wIDJ6A7AAV36zxOAABz4_gG-XGLQKeK0wIDJ6A7AAV_ijWWAAA=,Aprobado- Factura  -  SVIT 29397 - Radicado 190089 - SURFLINK SAS - AMV Caquetá - NA,fv0901798042008260000141e.pdf,c1eedc95edd0927a02c316955a7026404c3c0eb33b1078df8e13e1c32cd7e81c58bbee9e1610985ae75747c330afa865,SVIT29397,2026-02-01,z0901798042008260000141e.zip,ok,OK_REGISTRADA,7,,31.544,7,7,AIDX|SUBJECT,
20260425_210559_e7f2f245,2026-04-26T04:45:31,AAMkADkwZmQ0YTA5LWE0M2MtNDk3Ni1hMzUzLTE0OTQxZDcwZWExMgBGAAAAAADJoyAzIWZBQakanooks8Z-BwBz4_gG-XGLQKeK0wIDJ6A7AAV36zxOAABz4_gG-XGLQKeK0wIDJ6A7AAV_ijWXAAA=,Aprobado- Factura  -  FE 1953 - Radicado 190073 - SERVICIOS LOGISTICOS DE INGENIERIA SAS - Cartagena - Palestina - NA,F002000000019530000.PDF,9ab0c690d48373df5c9e264b3e1da9685e4e14c2d8578959b265e134b2aa8c1dd81b2358f2d00f21e6c8df61e1a1e687,FE1953,2026-01-29,(PDF_APROBADAS_FALLBACK),ok_pdf_aprobadas_fallback,OK_REGISTRADA_FALLBACK_PDF,7,,29.358,7,7,PDF_APROBADAS|SUBJECT,
20260425_210559_e7f2f245,2026-04-26T04:46:01,AAMkADkwZmQ0YTA5LWE0M2MtNDk3Ni1hMzUzLTE0OTQxZDcwZWExMgBGAAAAAADJoyAzIWZBQakanooks8Z-BwBz4_gG-XGLQKeK0wIDJ6A7AAV36zxOAABz4_gG-XGLQKeK0wIDJ6A7AAV_ijWYAAA=,Aprobado- Factura  -  H4Z6211371 - Radicado 189967 - D1 SAS - Transv. Libertador - NA,fv090027696202126H4Z6211371.pdf,31b17c6c99c03f4996a03d77ab591ae2191405686a5f43f8bc1524f53976bc241e35676ae78104a47aac10e629e97c98,H8Y2178711,2026-01-28,090027696202126H8Y2178711.zip,ok,OK_REGISTRADA,7,,30.226,7,7,PDF_TOKEN:090027696202126H|SUBJECT,
20260425_210559_e7f2f245,2026-04-26T04:46:28,AAMkADkwZmQ0YTA5LWE0M2MtNDk3Ni1hMzUzLTE0OTQxZDcwZWExMgBGAAAAAADJoyAzIWZBQakanooks8Z-BwBz4_gG-XGLQKeK0wIDJ6A7AAV36zxOAABz4_gG-XGLQKeK0wIDJ6A7AAV_ijWZAAA=,Aprobado- Factura de servicio público  -  1087826800 - Radicado 189961 - CENTRALES ELECTRICAS DEL NORTE DE SANTANDER S.A. EMPRESA DE SERVICIOS PUBLICOS - Cucutilla - Cornejo - ,Sin título (2).pdf,eeac2857979a541358dbcd3155655ca8699421cbeca173cecaacc1304058ddaeccda647217ecce193154afaacada8699,AL115,2026-01-16,(PDF_APROBADAS_FALLBACK),ok_pdf_aprobadas_fallback,OK_REGISTRADA_FALLBACK_PDF,7,,27.363,7,7,PDF_APROBADAS|SUBJECT,
20260425_210559_e7f2f245,2026-04-26T04:47:35,AAMkADkwZmQ0YTA5LWE0M2MtNDk3Ni1hMzUzLTE0OTQxZDcwZWExMgBGAAAAAADJoyAzIWZBQakanooks8Z-BwBz4_gG-XGLQKeK0wIDJ6A7AAV36zxOAABz4_gG-XGLQKeK0wIDJ6A7AAV_ijWaAAA=,Aprobado- Factura  -  46 - Radicado 189954 - FERNANDEZ ESPINOSA DIANA ROCIO - Transv. Sisga,SoporteDePago.General.4592572056.872231384449 (1).pdf,aaeadaadacaeedeaeeadefcacbeacacdadcdeccaaeeeafadeeeacaaeeeadaaeadeaecbfefabaadaacaea1123a8602dee,EPS005,2025-02-24,(PDF_APROBADAS_FALLBACK),ok_pdf_aprobadas_fallback,OK_REGISTRADA_FALLBACK_PDF,7,,66.479,7,7,PDF_APROBADAS|SUBJECT,
20260425_210559_e7f2f245,2026-04-26T04:48:01,AAMkADkwZmQ0YTA5LWE0M2MtNDk3Ni1hMzUzLTE0OTQxZDcwZWExMgBGAAAAAADJoyAzIWZBQakanooks8Z-BwBz4_gG-XGLQKeK0wIDJ6A7AAV36zxOAABz4_gG-XGLQKeK0wIDJ6A7AAV_ijWbAAA=,Aprobado- Factura  -  257-75949 - Radicado 189940 - AGENCIA DE VIAJES Y TURISMO AVIATUR S.A.S - 328 SC_FDT_DAMASO,Factura 257-75949.pdf,c896187a0e679cb1856c9d40c6e262465feb4b58108aee5004450fa9a929f12ad02d043e1ffc8ffb2d3025cc9bde733f,ELEMENTO3124477972,2026-01-19,(PDF_APROBADAS_FALLBACK),ok_pdf_aprobadas_fallback,OK_REGISTRADA_FALLBACK_PDF,7,,25.843,7,7,PDF_APROBADAS|SUBJECT,
20260425_210559_e7f2f245,2026-04-26T04:48:33,AAMkADkwZmQ0YTA5LWE0M2MtNDk3Ni1hMzUzLTE0OTQxZDcwZWExMgBGAAAAAADJoyAzIWZBQakanooks8Z-BwBz4_gG-XGLQKeK0wIDJ6A7AAV36zxOAABz4_gG-XGLQKeK0wIDJ6A7AAV_ijWcAAA=,Aprobado- Factura  -  EALT 16271 - Radicado 189945 - INVERSIONES BIENES Y SERVICIOS SAS - Red Férrea Atlántico,fv0901009350008260000037b.pdf,d63f5c473dc1e7a464d8a4c33969b453008a0b8f08d500662b0b1e510cc06b21bf6a6227e9a61a0c18ee9f7e1e70deef,EALT16271,2026-01-27,z0901009350008260000037b.zip,ok,OK_REGISTRADA,7,,32.347,7,7,AIDX|SUBJECT,
20260425_210559_e7f2f245,2026-04-26T04:48:59,AAMkADkwZmQ0YTA5LWE0M2MtNDk3Ni1hMzUzLTE0OTQxZDcwZWExMgBGAAAAAADJoyAzIWZBQakanooks8Z-BwBz4_gG-XGLQKeK0wIDJ6A7AAV36zxOAABz4_gG-XGLQKeK0wIDJ6A7AAV_ijWdAAA=,Aprobado- Factura  -  FE 2555 - Radicado 189929 - IPSEL SAS - Dirección administrativa y financiera -Tics,FE-2555 JOYCO LA ESMERALDA - Impresion_.pdf,b467dcda5ef9a4aa2cff724aa3bc05921b448c697d346938b6c4830514e7b995cf831f397416dcf92fa920f6f88688ff,FE2555,2026-02-22,(PDF_APROBADAS_FALLBACK),ok_pdf_aprobadas_fallback,OK_REGISTRADA_FALLBACK_PDF,7,,26.006,7,7,PDF_APROBADAS|SUBJECT,
20260425_210559_e7f2f245,2026-04-26T04:49:23,AAMkADkwZmQ0YTA5LWE0M2MtNDk3Ni1hMzUzLTE0OTQxZDcwZWExMgBGAAAAAADJoyAzIWZBQakanooks8Z-BwBz4_gG-XGLQKeK0wIDJ6A7AAV36zxOAABz4_gG-XGLQKeK0wIDJ6A7AAV_ijWeAAA=,Aprobado- Cuenta de cobro  -  0038 - Radicado 189869 - CASTELLANOS HERRERA PEDRO SAMUEL - TM Av. 68,SIN_ADJUNTO_APROBADO,,SIN_ADJUNTO_APROBADO,,(REGISTRO_MINIMO:sin_pdf_o_imagen_aprobada),ok_registro_minimo,REGISTRADA,7,,23.952,7,7,REGISTRO_MINIMO,sin_pdf_o_imagen_aprobada
20260425_210559_e7f2f245,2026-04-26T04:49:59,AAMkADkwZmQ0YTA5LWE0M2MtNDk3Ni1hMzUzLTE0OTQxZDcwZWExMgBGAAAAAADJoyAzIWZBQakanooks8Z-BwBz4_gG-XGLQKeK0wIDJ6A7AAV36zxOAABz4_gG-XGLQKeK0wIDJ6A7AAV_ijWfAAA=,Aprobado- Factura  -  257-75983 - Radicado 189910 - AGENCIA DE VIAJES Y TURISMO AVIATUR S.A.S - 01-2025-327 TOYO T2 S1,ad08600000180442600045886.pdf,dc3c3a40d2875b13972271456221b491142dd5da00fdf1833ee98692f01752ad640abd79a93c3f247d0dcf1b90fb8a17,25775983,2026-01-23,z08600000180442600045886.zip,ok,OK_REGISTRADA,7,,36.068,7,7,AIDX|SUBJECT,
20260425_210559_e7f2f245,2026-04-26T04:50:32,AAMkADkwZmQ0YTA5LWE0M2MtNDk3Ni1hMzUzLTE0OTQxZDcwZWExMgBGAAAAAADJoyAzIWZBQakanooks8Z-BwBz4_gG-XGLQKeK0wIDJ6A7AAV36zxOAABz4_gG-XGLQKeK0wIDJ6A7AAV_ijWgAAA=,Aprobado- Factura  -  TQT19069108 - Radicado 189925 - AEROVIAS DEL CONTINENTE AMERICANO SA AVIANCA - 01-2025-327 TOYO T2 S1,DOC-1-19069108.pdf,ab8134bf17f387c2f73be39a3b2f426d2d006650182cbe6386618c6a948c8c35b0f2b5aa0a0845c4d0817b5b81a6a9bf,TQT19069108,2026-01-26,DOC-1-19069108.zip,ok,OK_REGISTRADA,7,,32.992,7,7,AIDX|SUBJECT,
20260425_210559_e7f2f245,2026-04-26T04:51:04,AAMkADkwZmQ0YTA5LWE0M2MtNDk3Ni1hMzUzLTE0OTQxZDcwZWExMgBGAAAAAADJoyAzIWZBQakanooks8Z-BwBz4_gG-XGLQKeK0wIDJ6A7AAV36zxOAABz4_gG-XGLQKeK0wIDJ6A7AAV_ijWhAAA=,Aprobado- Factura  -  FVE 2059 - Radicado 189934 - JOYCO SAS BIC - Pto. Gaitán – Pte. Arimena,fv08600675610082600000004.pdf,2122c7e34e49c0de1b052e299daf141c4973492fc41459d957a61bf181012f73d139df74a46ef4adb1e3fb3fcdf8d539,FVE2059,2026-01-26,z08600675610082600000004.zip,ok,OK_REGISTRADA,7,,31.772,7,7,AIDX|SUBJECT,
20260425_210559_e7f2f245,2026-04-26T04:51:30,AAMkADkwZmQ0YTA5LWE0M2MtNDk3Ni1hMzUzLTE0OTQxZDcwZWExMgBGAAAAAADJoyAzIWZBQakanooks8Z-BwBz4_gG-XGLQKeK0wIDJ6A7AAV36zxOAABz4_gG-XGLQKeK0wIDJ6A7AAV_ijWiAAA=,Aprobado- Factura  -  FE 2554 - Radicado 189928 - IPSEL SAS - 01-2025-327 TOYO T2 S1,FE-2554 CONSORCIO CONSULTECNICOS- Impresion_.pdf,d16eb9e1f78229eb02e6cc3569173cb4215ef7f3aeb859b48e1d8505c38027e6e03220c5a2bd1875c32d9a2fd9a553cf,FE2554,2026-02-22,(PDF_APROBADAS_FALLBACK),ok_pdf_aprobadas_fallback,OK_REGISTRADA_FALLBACK_PDF,7,,26.577,7,7,PDF_APROBADAS|SUBJECT,
20260425_210559_e7f2f245,2026-04-26T04:51:58,AAMkADkwZmQ0YTA5LWE0M2MtNDk3Ni1hMzUzLTE0OTQxZDcwZWExMgBGAAAAAADJoyAzIWZBQakanooks8Z-BwBz4_gG-XGLQKeK0wIDJ6A7AAV36zxOAABz4_gG-XGLQKeK0wIDJ6A7AAV_ijWjAAA=,Aprobado- Factura  -  FE 2553 - Radicado 189927 - IPSEL SAS - Cartago - Calarcá,FE-2553 CONSORCIO INTERVIAL ANDINO - Impresion_.pdf,413fc78ad8c1a6707403a450d06c4d1eed19fd171b38131a33bf7cd50c781fd9fe2d5fa1a0b098ebcf7c1a4c7d8e716e,FE2553,2026-02-22,(PDF_APROBADAS_FALLBACK),ok_pdf_aprobadas_fallback,OK_REGISTRADA_FALLBACK_PDF,7,,27.42,7,7,PDF_APROBADAS|SUBJECT,
20260425_210559_e7f2f245,2026-04-26T04:52:26,AAMkADkwZmQ0YTA5LWE0M2MtNDk3Ni1hMzUzLTE0OTQxZDcwZWExMgBGAAAAAADJoyAzIWZBQakanooks8Z-BwBz4_gG-XGLQKeK0wIDJ6A7AAV36zxOAABz4_gG-XGLQKeK0wIDJ6A7AAV_ijWkAAA=,Aprobado- Factura  -  FE 2551 - Radicado 189926 - IPSEL SAS - Dirección administrativa y financiera -Tics,FE-2551 JOYCO PTO SALGAR - Impresion_.pdf,5d73f067de15226ba87f5b19e8e3e31d13ca5176551fb9964134956464c04d4b1b560b53d7ce3627b852d8e270fa5d17,FE2551,2026-02-22,(PDF_APROBADAS_FALLBACK),ok_pdf_aprobadas_fallback,OK_REGISTRADA_FALLBACK_PDF,7,,28.683,7,7,PDF_APROBADAS|SUBJECT,
20260425_210559_e7f2f245,2026-04-26T04:52:53,AAMkADkwZmQ0YTA5LWE0M2MtNDk3Ni1hMzUzLTE0OTQxZDcwZWExMgBGAAAAAADJoyAzIWZBQakanooks8Z-BwBz4_gG-XGLQKeK0wIDJ6A7AAV36zxOAABz4_gG-XGLQKeK0wIDJ6A7AAV_ijWlAAA=,Aprobado- Factura  -  EB 000340898635 - Radicado 189917 - ETB E.S.P. EMPRESA DE TELECOMUNICACIONES DE BOGOTA SA ESP - TM Av. 68,Tu Factura ETB Enero de 2026.pdf,91b4773a0facd29a3c71c672275a0ae284b0d930658f31891e03e4fb99973e13b27e32a83a9df20ca4889618c5257deb,EB000340898635,2024-12-27,(PDF_APROBADAS_FALLBACK),ok_pdf_aprobadas_fallback,OK_REGISTRADA_FALLBACK_PDF,7,,26.779,7,7,PDF_APROBADAS|SUBJECT,
20260425_210559_e7f2f245,2026-04-26T04:53:22,AAMkADkwZmQ0YTA5LWE0M2MtNDk3Ni1hMzUzLTE0OTQxZDcwZWExMgBGAAAAAADJoyAzIWZBQakanooks8Z-BwBz4_gG-XGLQKeK0wIDJ6A7AAV36zxOAABz4_gG-XGLQKeK0wIDJ6A7AAV_ijWmAAA=,Aprobado- Factura de servicio público  -   59324898 - Radicado 189923 - AIR-E S.A.S - Red Férrea Atlántico,AIR-E 59324898 ENER26 - RFA.pdf,,ENER26,,(REGISTRO_MINIMO:sin_cufe_o_pdf_no_legible),ok_registro_minimo,REGISTRADA,7,,29.186,7,7,REGISTRO_MINIMO,sin_cufe_o_pdf_no_legible
20260425_210559_e7f2f245,2026-04-26T04:53:55,AAMkADkwZmQ0YTA5LWE0M2MtNDk3Ni1hMzUzLTE0OTQxZDcwZWExMgBGAAAAAADJoyAzIWZBQakanooks8Z-BwBz4_gG-XGLQKeK0wIDJ6A7AAV36zxOAABz4_gG-XGLQKeK0wIDJ6A7AAV_ijWnAAA=,Aprobado- Factura  -  FE 2550 - Radicado 189900 - IPSEL SAS - Dirección administrativa y financiera -Tics,descarga.pdf,af48946641d446e93b2046c68cc48aa5350a28c7246e694bd36346ddf221193d0ee39222882d4bc9d9e4154959eaada1,FE2550,2026-01-23,z09004003280082600000024.zip,ok,OK_REGISTRADA,7,,32.81,7,7,AIDX|SUBJECT,
20260425_210559_e7f2f245,2026-04-26T04:54:30,AAMkADkwZmQ0YTA5LWE0M2MtNDk3Ni1hMzUzLTE0OTQxZDcwZWExMgBGAAAAAADJoyAzIWZBQakanooks8Z-BwBz4_gG-XGLQKeK0wIDJ6A7AAV36zxOAABz4_gG-XGLQKeK0wIDJ6A7AAV_ijWoAAA=,Aprobado- Factura  -  FE 2552 - Radicado 189901 - IPSEL SAS - Dirección administrativa y financiera -Tics,fv09004003280082600000026.pdf,6cf8a36cca1c116892dee5040d3c6c951043bb2298f8ca81d7d57378fed4daa0e250780b5dbbfd2ac7dc416954936f0a,FE2552,2026-02-22,z09004003280082600000026.zip,ok,OK_REGISTRADA,7,,34.825,7,7,AIDX|SUBJECT,
20260425_210559_e7f2f245,2026-04-26T04:55:03,AAMkADkwZmQ0YTA5LWE0M2MtNDk3Ni1hMzUzLTE0OTQxZDcwZWExMgBGAAAAAADJoyAzIWZBQakanooks8Z-BwBz4_gG-XGLQKeK0wIDJ6A7AAV36zxOAABz4_gG-XGLQKeK0wIDJ6A7AAV_ijWpAAA=,Aprobado- Factura  -  CFEV1642 - Radicado 189907 - COMERCIALIZADORA DE TECNOLOGIAS DIGITALES & EXTENSIVAS C.T.D.E - S.A.S - Red Férrea Atlántico,ad09015563110852600000076.pdf,dc28107af29197b854170f6523733fb1380f119de34202c9180e7783ee375390ce28115812117ec2b7d0884afa026464,CFEV1642,2026-01-23,z09015563110852600000076.zip,ok,OK_REGISTRADA,7,,33.17,7,7,AIDX|SUBJECT,
20260425_210559_e7f2f245,2026-04-26T04:55:34,AAMkADkwZmQ0YTA5LWE0M2MtNDk3Ni1hMzUzLTE0OTQxZDcwZWExMgBGAAAAAADJoyAzIWZBQakanooks8Z-BwBz4_gG-XGLQKeK0wIDJ6A7AAV36zxOAABz4_gG-XGLQKeK0wIDJ6A7AAV_ijWqAAA=,Aprobado- Factura  -  I6C7282926 - Radicado 189913 - D1 SAS - Cucutilla - Cornejo,fv090027696202126I6C7282926.pdf,d3b8fcec8c4a5207e7cf94d9bd297c2e59f9dc67a6c7f2dfb139c3abf62bfb8198d159345a2ecee0cbcadeb2c766db24,I6C6134911,2026-01-24,090027696202126I6C6134911.zip,ok,OK_REGISTRADA,7,,30.692,7,7,PDF_TOKEN:090027696202126I|SUBJECT,
20260425_210559_e7f2f245,2026-04-26T04:56:07,AAMkADkwZmQ0YTA5LWE0M2MtNDk3Ni1hMzUzLTE0OTQxZDcwZWExMgBGAAAAAADJoyAzIWZBQakanooks8Z-BwBz4_gG-XGLQKeK0wIDJ6A7AAV36zxOAABz4_gG-XGLQKeK0wIDJ6A7AAV_ijWrAAA=,Aprobado- Factura  -  FEPA91846 - Radicado 189914 - ESTACION DE SERVICIO ARAZUL SAS - Tolima Red Terciaria,FES-FEPA91846.pdf,f09969c65b9cf41099ee2940b81013acc64ab8f8aea9eb50e8b578732d61c677ad499cc837132722a8ec410f571f2ab9,FEPA91846,2026-01-24,fv08090127880002600089513.zip,ok,OK_REGISTRADA,7,,32.733,7,7,AIDX|SUBJECT,
20260425_210559_e7f2f245,2026-04-26T04:56:39,AAMkADkwZmQ0YTA5LWE0M2MtNDk3Ni1hMzUzLTE0OTQxZDcwZWExMgBGAAAAAADJoyAzIWZBQakanooks8Z-BwBz4_gG-XGLQKeK0wIDJ6A7AAV36zxOAABz4_gG-XGLQKeK0wIDJ6A7AAV_ijWsAAA=,Aprobado- Factura  -  KO1E210249 - Radicado 189915 - RUIZ Y CIA .S. EN C - Tolima Red Terciaria,ad0808001888KO1E210249.pdf,0584aa94cecc4d4addd3d6143af04d2f520ae203450bd8d0657bac79e616a5825f4c4d4579dc9c7a8e86a861fef5e5c3,KO1,2026-01-25,ad0808001888KO1E210249.zip,ok,OK_REGISTRADA,7,,32.79,7,7,AIDX|SUBJECT,
20260425_210559_e7f2f245,2026-04-26T04:57:13,AAMkADkwZmQ0YTA5LWE0M2MtNDk3Ni1hMzUzLTE0OTQxZDcwZWExMgBGAAAAAADJoyAzIWZBQakanooks8Z-BwBz4_gG-XGLQKeK0wIDJ6A7AAV36zxOAABz4_gG-XGLQKeK0wIDJ6A7AAV_ijWtAAA=,Aprobado- Factura  -  FE 342 - Radicado 189918 - GEOTERRA TOPOGRAFIA Y OBRAS CIVILES SAS - Cesar Red Terciaria,fv09007124640082600000003.pdf,88aa5e0261b0320262a730bc3aae2ec7cc03127876285ec4aee888bb76f5e512854c078afc994bc4e6de6448b600fcb6,FE342,2026-01-23,z09007124640082600000003.zip,ok,OK_REGISTRADA,7,,33.658,7,7,AIDX|SUBJECT,
20260425_210559_e7f2f245,2026-04-26T04:57:48,AAMkADkwZmQ0YTA5LWE0M2MtNDk3Ni1hMzUzLTE0OTQxZDcwZWExMgBGAAAAAADJoyAzIWZBQakanooks8Z-BwBz4_gG-XGLQKeK0wIDJ6A7AAV36zxOAABz4_gG-XGLQKeK0wIDJ6A7AAV_ijWuAAA=,Aprobado- Factura  -  B-1540 - Radicado 189912 - INGENIERIA Y LABORATORIO DE MATERIALES SAS - FAC - Pto. Salgar,569e396d62e643c9a8d4269daa14e4798f24c6b61efed6ea1d5af16becdfac741e191b224e02429305b9602fa11383c4.pdf,569e396d62e643c9a8d4269daa14e4798f24c6b61efed6ea1d5af16becdfac741e191b224e02429305b9602fa11383c4,B-1540,2026-01-23,Attachment-B1540.zip,ok,OK_REGISTRADA,7,,34.743,7,7,AIDX|SUBJECT,
